-- MySQL dump 10.13  Distrib 8.0.15, for Win64 (x86_64)
--
-- Host: localhost    Database: terminal
-- ------------------------------------------------------
-- Server version	8.0.15

/*!40101 SET @OLD_CHARACTER_SET_CLIENT=@@CHARACTER_SET_CLIENT */;
/*!40101 SET @OLD_CHARACTER_SET_RESULTS=@@CHARACTER_SET_RESULTS */;
/*!40101 SET @OLD_COLLATION_CONNECTION=@@COLLATION_CONNECTION */;
 SET NAMES utf8mb4 ;
/*!40103 SET @OLD_TIME_ZONE=@@TIME_ZONE */;
/*!40103 SET TIME_ZONE='+00:00' */;
/*!40014 SET @OLD_UNIQUE_CHECKS=@@UNIQUE_CHECKS, UNIQUE_CHECKS=0 */;
/*!40014 SET @OLD_FOREIGN_KEY_CHECKS=@@FOREIGN_KEY_CHECKS, FOREIGN_KEY_CHECKS=0 */;
/*!40101 SET @OLD_SQL_MODE=@@SQL_MODE, SQL_MODE='NO_AUTO_VALUE_ON_ZERO' */;
/*!40111 SET @OLD_SQL_NOTES=@@SQL_NOTES, SQL_NOTES=0 */;

--
-- Table structure for table `bus`
--

DROP TABLE IF EXISTS `bus`;
/*!40101 SET @saved_cs_client     = @@character_set_client */;
 SET character_set_client = utf8mb4 ;
CREATE TABLE `bus` (
  `ID_BUS` int(11) NOT NULL AUTO_INCREMENT,
  `PLACA` int(11) NOT NULL,
  `FECHA_REVISION` date DEFAULT NULL,
  `ID_EMPRESA` varchar(30) DEFAULT NULL,
  `CAPACIDAD_MAXIMA` int(11) NOT NULL,
  PRIMARY KEY (`ID_BUS`)
) ENGINE=InnoDB AUTO_INCREMENT=105 DEFAULT CHARSET=utf8mb4 COLLATE=utf8mb4_0900_ai_ci;
/*!40101 SET character_set_client = @saved_cs_client */;

--
-- Dumping data for table `bus`
--

LOCK TABLES `bus` WRITE;
/*!40000 ALTER TABLE `bus` DISABLE KEYS */;
INSERT INTO `bus` VALUES (1,1234,'2024-07-12',NULL,30),(2,4567,'2023-03-12',NULL,25),(3,6572,'2022-09-13',NULL,27),(4,7684,'2027-04-15','22',30),(5,4441,'2022-12-05','42',30),(6,3229,'2022-12-05','21',30),(7,1737,'2022-12-05','0',30),(8,5995,'2022-12-05','9',30),(9,6039,'2022-12-05','5',30),(10,5065,'2022-12-05','6',30),(11,8316,'2022-12-05','8',30),(12,2765,'2022-12-05','41',30),(13,8747,'2022-12-05','47',30),(14,5338,'2022-12-05','3',30),(15,2109,'2022-12-05','10',30),(16,8873,'2022-12-05','27',30),(17,3094,'2022-12-05','20',30),(18,9347,'2022-12-05','35',30),(19,6934,'2022-12-05','44',30),(20,3278,'2022-12-05','45',30),(21,7742,'2022-12-05','28',30),(22,9339,'2022-12-05','13',30),(23,4365,'2022-12-05','23',30),(24,2172,'2022-12-05','17',30),(25,8829,'2022-12-05','46',30),(26,9106,'2022-12-05','35',30),(27,4874,'2022-12-05','9',30),(28,6912,'2022-12-05','17',30),(29,9638,'2022-12-05','1',30),(30,4042,'2022-12-05','48',30),(31,8288,'2022-12-05','48',30),(32,5699,'2022-12-05','26',30),(33,5420,'2022-12-05','10',30),(34,9617,'2022-12-05','40',30),(35,5532,'2022-12-05','32',30),(36,2732,'2022-12-05','21',30),(37,7479,'2022-12-05','0',30),(38,4346,'2022-12-05','0',30),(39,8922,'2022-12-05','28',30),(40,8604,'2022-12-05','38',30),(41,3520,'2022-12-05','46',30),(42,9270,'2022-12-05','1',30),(43,8966,'2022-12-05','40',30),(44,1524,'2022-12-05','6',30),(45,8752,'2022-12-05','33',30),(46,2386,'2022-12-05','4',30),(47,3762,'2022-12-05','0',30),(48,6597,'2022-12-05','14',30),(49,5009,'2022-12-05','5',30),(50,3438,'2022-12-05','35',30),(51,6910,'2022-12-05','20',30),(52,2262,'2022-12-05','23',30),(53,5530,'2022-12-05','25',30),(54,3104,'2022-12-05','16',30),(55,1611,'2022-12-05','35',30),(56,9478,'2022-12-05','30',30),(57,5847,'2022-12-05','32',30),(58,4169,'2022-12-05','1',30),(59,4793,'2022-12-05','3',30),(60,3933,'2022-12-05','38',30),(61,4063,'2022-12-05','21',30),(62,8144,'2022-12-05','46',30),(63,2581,'2022-12-05','2',30),(64,5649,'2022-12-05','42',30),(65,6192,'2022-12-05','45',30),(66,1205,'2022-12-05','19',30),(67,7384,'2022-12-05','31',30),(68,8845,'2022-12-05','0',30),(69,3039,'2022-12-05','37',30),(70,7882,'2022-12-05','27',30),(71,8666,'2022-12-05','29',30),(72,2272,'2022-12-05','30',30),(73,1507,'2022-12-05','19',30),(74,3794,'2022-12-05','11',30),(75,9071,'2022-12-05','14',30),(76,2036,'2022-12-05','48',30),(77,8049,'2022-12-05','2',30),(78,7794,'2022-12-05','20',30),(79,5080,'2022-12-05','27',30),(80,7116,'2022-12-05','16',30),(81,1587,'2022-12-05','40',30),(82,3317,'2022-12-05','9',30),(83,3264,'2022-12-05','1',30),(84,5496,'2022-12-05','22',30),(85,5058,'2022-12-05','13',30),(86,8649,'2022-12-05','30',30),(87,3004,'2022-12-05','22',30),(88,5430,'2022-12-05','28',30),(89,8677,'2022-12-05','30',30),(90,7167,'2022-12-05','32',30),(91,8735,'2022-12-05','46',30),(92,1794,'2022-12-05','0',30),(93,9372,'2022-12-05','21',30),(94,1995,'2022-12-05','26',30),(95,2658,'2022-12-05','39',30),(96,9994,'2022-12-05','18',30),(97,8787,'2022-12-05','32',30),(98,1452,'2022-12-05','10',30),(99,9477,'2022-12-05','26',30),(100,7756,'2022-12-05','45',30),(101,6517,'2022-12-05','34',30),(102,9216,'2022-12-05','15',30),(103,2173,'2022-12-05','5',30),(104,9205,'2022-12-05','50',30);
/*!40000 ALTER TABLE `bus` ENABLE KEYS */;
UNLOCK TABLES;

--
-- Table structure for table `cliente`
--

DROP TABLE IF EXISTS `cliente`;
/*!40101 SET @saved_cs_client     = @@character_set_client */;
 SET character_set_client = utf8mb4 ;
CREATE TABLE `cliente` (
  `ID_CLIENTE` int(11) NOT NULL AUTO_INCREMENT,
  `NOMBRE` varchar(30) DEFAULT NULL,
  `APELLIDO` varchar(50) DEFAULT NULL,
  `cedula` varchar(10) DEFAULT NULL,
  `SEXO` varchar(1) DEFAULT NULL,
  `EDAD` int(11) DEFAULT NULL,
  PRIMARY KEY (`ID_CLIENTE`)
) ENGINE=InnoDB AUTO_INCREMENT=8110 DEFAULT CHARSET=utf8mb4 COLLATE=utf8mb4_0900_ai_ci;
/*!40101 SET character_set_client = @saved_cs_client */;

--
-- Dumping data for table `cliente`
--

LOCK TABLES `cliente` WRITE;
/*!40000 ALTER TABLE `cliente` DISABLE KEYS */;
INSERT INTO `cliente` VALUES (1,'andres','puertas','1088765234','h',27),(2,'sergio','ramires','2345876567','i',54),(3,'ivan','duque','2675436567','i',65),(8000,'Luciana','Rodriguez','1080000001','M',71),(8001,'Luciana',' Gomez','1080000011','M',74),(8002,'Luciana','Lopez','1080000021','M',77),(8003,'Luciana','Gonzalez','1080000031','M',56),(8004,'Luciana',' Garcia','1080000041','M',29),(8005,'Luciana','Martinez','1080000051','M',99),(8006,'Luciana',' Ramirez','1080000061','M',82),(8007,'Luciana',' Sanchez','1080000071','M',75),(8008,'Luciana',' Hernandez','1080000081','M',12),(8009,'Luciana',' Diaz','1080000091','M',32),(8010,'Luciana','Perez','1080000101','M',15),(8011,' Santiago','Rodriguez','1080000111','H',61),(8012,' Santiago',' Gomez','1080000121','H',52),(8013,' Santiago','Lopez','1080000131','H',31),(8014,' Santiago','Gonzalez','1080000141','H',42),(8015,' Santiago',' Garcia','1080000151','H',37),(8016,' Santiago','Martinez','1080000161','H',45),(8017,' Santiago',' Ramirez','1080000171','H',97),(8018,' Santiago',' Sanchez','1080000181','H',27),(8019,' Santiago',' Hernandez','1080000191','H',98),(8020,' Santiago',' Diaz','1080000201','H',29),(8021,' Santiago','Perez','1080000211','H',48),(8022,' Maria Jose','Rodriguez','1080000221','M',43),(8023,' Maria Jose',' Gomez','1080000231','M',13),(8024,' Maria Jose','Lopez','1080000241','M',62),(8025,' Maria Jose','Gonzalez','1080000251','M',9),(8026,' Maria Jose',' Garcia','1080000261','M',62),(8027,' Maria Jose','Martinez','1080000271','M',18),(8028,' Maria Jose',' Ramirez','1080000281','M',33),(8029,' Maria Jose',' Sanchez','1080000291','M',67),(8030,' Maria Jose',' Hernandez','1080000301','M',84),(8031,' Maria Jose',' Diaz','1080000311','M',81),(8032,' Maria Jose','Perez','1080000321','M',95),(8033,' Juan Jose','Rodriguez','1080000331','H',26),(8034,' Juan Jose',' Gomez','1080000341','H',99),(8035,' Juan Jose','Lopez','1080000351','H',39),(8036,' Juan Jose','Gonzalez','1080000361','H',21),(8037,' Juan Jose',' Garcia','1080000371','H',77),(8038,' Juan Jose','Martinez','1080000381','H',67),(8039,' Juan Jose',' Ramirez','1080000391','H',81),(8040,' Juan Jose',' Sanchez','1080000401','H',88),(8041,' Juan Jose',' Hernandez','1080000411','H',49),(8042,' Juan Jose',' Diaz','1080000421','H',64),(8043,' Juan Jose','Perez','1080000431','H',8),(8044,' Isabella','Rodriguez','1080000441','M',32),(8045,' Isabella',' Gomez','1080000451','M',9),(8046,' Isabella','Lopez','1080000461','M',29),(8047,' Isabella','Gonzalez','1080000471','M',20),(8048,' Isabella',' Garcia','1080000481','M',14),(8049,' Isabella','Martinez','1080000491','M',38),(8050,' Isabella',' Ramirez','1080000501','M',95),(8051,' Isabella',' Sanchez','1080000511','M',81),(8052,' Isabella',' Hernandez','1080000521','M',87),(8053,' Isabella',' Diaz','1080000531','M',76),(8054,' Isabella','Perez','1080000541','M',31),(8055,' Salome','Rodriguez','1080000551','M',85),(8056,' Salome',' Gomez','1080000561','M',26),(8057,' Salome','Lopez','1080000571','M',88),(8058,' Salome','Gonzalez','1080000581','M',60),(8059,' Salome',' Garcia','1080000591','M',61),(8060,' Salome','Martinez','1080000601','M',34),(8061,' Salome',' Ramirez','1080000611','M',57),(8062,' Salome',' Sanchez','1080000621','M',84),(8063,' Salome',' Hernandez','1080000631','M',63),(8064,' Salome',' Diaz','1080000641','M',80),(8065,' Salome','Perez','1080000651','M',43),(8066,' Antonella','Rodriguez','1080000661','M',99),(8067,' Antonella',' Gomez','1080000671','M',45),(8068,' Antonella','Lopez','1080000681','M',96),(8069,' Antonella','Gonzalez','1080000691','M',73),(8070,' Antonella',' Garcia','1080000701','M',82),(8071,' Antonella','Martinez','1080000711','M',76),(8072,' Antonella',' Ramirez','1080000721','M',79),(8073,' Antonella',' Sanchez','1080000731','M',78),(8074,' Antonella',' Hernandez','1080000741','M',77),(8075,' Antonella',' Diaz','1080000751','M',30),(8076,' Antonella','Perez','1080000761','M',83),(8077,'Jeronimo','Rodriguez','1080000771','H',82),(8078,'Jeronimo',' Gomez','1080000781','H',10),(8079,'Jeronimo','Lopez','1080000791','H',52),(8080,'Jeronimo','Gonzalez','1080000801','H',22),(8081,'Jeronimo',' Garcia','1080000811','H',35),(8082,'Jeronimo','Martinez','1080000821','H',55),(8083,'Jeronimo',' Ramirez','1080000831','H',76),(8084,'Jeronimo',' Sanchez','1080000841','H',74),(8085,'Jeronimo',' Hernandez','1080000851','H',73),(8086,'Jeronimo',' Diaz','1080000861','H',97),(8087,'Jeronimo','Perez','1080000871','H',68),(8088,' Emmanuel','Rodriguez','1080000881','H',31),(8089,' Emmanuel',' Gomez','1080000891','H',97),(8090,' Emmanuel','Lopez','1080000901','H',32),(8091,' Emmanuel','Gonzalez','1080000911','H',71),(8092,' Emmanuel',' Garcia','1080000921','H',31),(8093,' Emmanuel','Martinez','1080000931','H',85),(8094,' Emmanuel',' Ramirez','1080000941','H',89),(8095,' Emmanuel',' Sanchez','1080000951','H',13),(8096,' Emmanuel',' Hernandez','1080000961','H',99),(8097,' Emmanuel',' Diaz','1080000971','H',29),(8098,' Emmanuel','Perez','1080000981','H',28),(8099,'Emiliano','Rodriguez','1080000991','H',67),(8100,'Emiliano',' Gomez','1080001001','H',91),(8101,'Emiliano','Lopez','1080001011','H',97),(8102,'Emiliano','Gonzalez','1080001021','H',91),(8103,'Emiliano',' Garcia','1080001031','H',34),(8104,'Emiliano','Martinez','1080001041','H',96),(8105,'Emiliano',' Ramirez','1080001051','H',63),(8106,'Emiliano',' Sanchez','1080001061','H',70),(8107,'Emiliano',' Hernandez','1080001071','H',99),(8108,'Emiliano',' Diaz','1080001081','H',40),(8109,'Emiliano','Perez','1080001091','H',90);
/*!40000 ALTER TABLE `cliente` ENABLE KEYS */;
UNLOCK TABLES;

--
-- Table structure for table `conductor`
--

DROP TABLE IF EXISTS `conductor`;
/*!40101 SET @saved_cs_client     = @@character_set_client */;
 SET character_set_client = utf8mb4 ;
CREATE TABLE `conductor` (
  `ID_CONDUCTOR` int(11) NOT NULL,
  `NOMBRE` varchar(30) NOT NULL,
  `APELLIDOS` varchar(50) NOT NULL,
  `F_NACIMIENTO` date DEFAULT NULL,
  `EDAD` int(11) DEFAULT NULL,
  `SEXO` varchar(1) DEFAULT NULL,
  `F_RENOVAR_LICENCIA` date DEFAULT NULL
) ENGINE=InnoDB DEFAULT CHARSET=utf8mb4 COLLATE=utf8mb4_0900_ai_ci;
/*!40101 SET character_set_client = @saved_cs_client */;

--
-- Dumping data for table `conductor`
--

LOCK TABLES `conductor` WRITE;
/*!40000 ALTER TABLE `conductor` DISABLE KEYS */;
INSERT INTO `conductor` VALUES (1,'david','putin',NULL,NULL,NULL,NULL),(2,'alexander','karkof',NULL,NULL,NULL,NULL);
/*!40000 ALTER TABLE `conductor` ENABLE KEYS */;
UNLOCK TABLES;

--
-- Temporary view structure for view `pasajeros_pereira`
--

DROP TABLE IF EXISTS `pasajeros_pereira`;
/*!50001 DROP VIEW IF EXISTS `pasajeros_pereira`*/;
SET @saved_cs_client     = @@character_set_client;
SET character_set_client = utf8mb4;
/*!50001 CREATE VIEW `pasajeros_pereira` AS SELECT 
 1 AS `pasajeros_destino_pereira`*/;
SET character_set_client = @saved_cs_client;

--
-- Temporary view structure for view `pasajeros_por_ciuedad`
--

DROP TABLE IF EXISTS `pasajeros_por_ciuedad`;
/*!50001 DROP VIEW IF EXISTS `pasajeros_por_ciuedad`*/;
SET @saved_cs_client     = @@character_set_client;
SET character_set_client = utf8mb4;
/*!50001 CREATE VIEW `pasajeros_por_ciuedad` AS SELECT 
 1 AS `count(*)`,
 1 AS `destino`*/;
SET character_set_client = @saved_cs_client;

--
-- Table structure for table `tickets_ability`
--

DROP TABLE IF EXISTS `tickets_ability`;
/*!40101 SET @saved_cs_client     = @@character_set_client */;
 SET character_set_client = utf8mb4 ;
CREATE TABLE `tickets_ability` (
  `id_ticket` int(11) DEFAULT NULL,
  `actual` varchar(30) DEFAULT NULL,
  `destino` varchar(30) DEFAULT NULL,
  `ability` varchar(10) DEFAULT NULL
) ENGINE=InnoDB DEFAULT CHARSET=utf8mb4 COLLATE=utf8mb4_0900_ai_ci;
/*!40101 SET character_set_client = @saved_cs_client */;

--
-- Dumping data for table `tickets_ability`
--

LOCK TABLES `tickets_ability` WRITE;
/*!40000 ALTER TABLE `tickets_ability` DISABLE KEYS */;
INSERT INTO `tickets_ability` VALUES (1,'medellin','bogota','True'),(2,'cali','bogota','False'),(3,'cucuta','bogota','True'),(4,'villavicencio','bogota','True'),(5,'buenaventura','bogota','True'),(6,'cartagena','medellin','True'),(7,'bogota','medellin','True'),(8,'manizales','medellin','True'),(9,'popayan','cali','True'),(10,'pereira','cali','True'),(11,'buenaventura','cali','True'),(12,'bogota','cali','True'),(13,'cartagena','barranquilla','True'),(14,'barranquilla','cartagena','True'),(15,'medellin','cartagena','False'),(16,'cucuta','cartagena','True'),(17,'bogota','cucuta','True'),(18,'cartagena','cucuta','True'),(19,'bogota','villavicencio','True'),(20,'cali','popayan','True'),(21,'cali','buenaventura','False'),(22,'pereira','buenaventura','True'),(23,'bogota','buenaventura','True'),(24,'medellin','buenaventura','True'),(25,'pereira','manizales','True'),(26,'medellin','manizales','True'),(27,'cali','pereira','True'),(28,'buenaventura','pereira','False'),(29,'manizales','pereira','True'),(30,'buenaventura','medellin','False');
/*!40000 ALTER TABLE `tickets_ability` ENABLE KEYS */;
UNLOCK TABLES;

--
-- Table structure for table `viajes_clientes_join`
--

DROP TABLE IF EXISTS `viajes_clientes_join`;
/*!40101 SET @saved_cs_client     = @@character_set_client */;
 SET character_set_client = utf8mb4 ;
CREATE TABLE `viajes_clientes_join` (
  `ID_CLIENTE` int(11) NOT NULL,
  `ID_VIAJE` int(11) NOT NULL,
  PRIMARY KEY (`ID_CLIENTE`,`ID_VIAJE`)
) ENGINE=InnoDB DEFAULT CHARSET=utf8mb4 COLLATE=utf8mb4_0900_ai_ci;
/*!40101 SET character_set_client = @saved_cs_client */;

--
-- Dumping data for table `viajes_clientes_join`
--

LOCK TABLES `viajes_clientes_join` WRITE;
/*!40000 ALTER TABLE `viajes_clientes_join` DISABLE KEYS */;
INSERT INTO `viajes_clientes_join` VALUES (0,0),(8000,1004),(8000,1008),(8000,1012),(8000,1013),(8000,1017),(8000,1019),(8000,1023),(8000,1024),(8000,1032),(8000,1033),(8000,1034),(8000,1035),(8000,1037),(8000,1040),(8000,1050),(8000,1056),(8000,1057),(8000,1079),(8000,1081),(8000,1083),(8000,1094),(8000,1109),(8000,1111),(8000,1132),(8000,1133),(8000,1137),(8000,1157),(8000,1163),(8000,1164),(8000,1174),(8000,1180),(8000,1184),(8000,1188),(8000,1189),(8000,1201),(8000,1209),(8000,1210),(8000,1213),(8000,1218),(8000,1225),(8000,1236),(8000,1238),(8000,1243),(8000,1245),(8000,1249),(8000,1251),(8000,1253),(8000,1258),(8000,1265),(8000,1266),(8000,1270),(8000,1271),(8000,1272),(8000,1274),(8000,1294),(8000,1301),(8000,1302),(8000,1325),(8000,1326),(8000,1330),(8000,1333),(8000,1335),(8000,1337),(8000,1340),(8000,1341),(8000,1347),(8000,1348),(8000,1350),(8000,1351),(8000,1355),(8000,1357),(8000,1361),(8000,1365),(8000,1367),(8000,1368),(8000,1384),(8000,1386),(8000,1389),(8000,1394),(8000,1401),(8000,1402),(8000,1411),(8000,1415),(8000,1427),(8000,1429),(8000,1433),(8000,1435),(8000,1438),(8000,1448),(8000,1455),(8000,1473),(8000,1476),(8000,1477),(8000,1478),(8000,1481),(8000,1495),(8000,1496),(8000,1508),(8000,1511),(8000,1518),(8000,1528),(8000,1529),(8000,1530),(8000,1531),(8000,1532),(8000,1536),(8000,1538),(8000,1550),(8000,1551),(8000,1553),(8000,1555),(8000,1568),(8000,1570),(8000,1571),(8000,1577),(8000,1586),(8000,1593),(8000,1596),(8000,1603),(8000,1605),(8000,1616),(8000,1623),(8000,1628),(8000,1634),(8000,1639),(8000,1641),(8000,1642),(8000,1652),(8000,1662),(8000,1666),(8000,1668),(8000,1669),(8000,1687),(8000,1699),(8000,1701),(8000,1703),(8000,1706),(8000,1711),(8000,1715),(8000,1721),(8000,1722),(8000,1729),(8000,1734),(8000,1747),(8000,1748),(8000,1754),(8000,1756),(8000,1757),(8000,1758),(8000,1765),(8000,1768),(8000,1770),(8000,1774),(8000,1778),(8000,1781),(8000,1784),(8000,1794),(8000,1798),(8000,1802),(8000,1805),(8000,1817),(8000,1818),(8000,1824),(8000,1829),(8000,1835),(8000,1841),(8000,1846),(8000,1854),(8000,1856),(8000,1859),(8000,1865),(8000,1870),(8000,1875),(8000,1881),(8000,1889),(8000,1890),(8000,1902),(8000,1904),(8000,1915),(8000,1918),(8000,1921),(8000,1925),(8000,1928),(8000,1929),(8000,1931),(8000,1933),(8000,1936),(8000,1938),(8000,1940),(8000,1958),(8000,1960),(8000,1964),(8000,1972),(8000,1987),(8000,1989),(8000,1997),(8001,1003),(8001,1004),(8001,1016),(8001,1020),(8001,1022),(8001,1024),(8001,1026),(8001,1028),(8001,1034),(8001,1055),(8001,1056),(8001,1057),(8001,1062),(8001,1063),(8001,1064),(8001,1067),(8001,1072),(8001,1074),(8001,1080),(8001,1086),(8001,1094),(8001,1097),(8001,1108),(8001,1116),(8001,1122),(8001,1148),(8001,1152),(8001,1153),(8001,1159),(8001,1175),(8001,1185),(8001,1186),(8001,1188),(8001,1191),(8001,1195),(8001,1208),(8001,1210),(8001,1213),(8001,1214),(8001,1223),(8001,1226),(8001,1229),(8001,1237),(8001,1249),(8001,1253),(8001,1265),(8001,1267),(8001,1273),(8001,1278),(8001,1286),(8001,1296),(8001,1297),(8001,1304),(8001,1305),(8001,1308),(8001,1309),(8001,1314),(8001,1316),(8001,1319),(8001,1320),(8001,1321),(8001,1326),(8001,1336),(8001,1340),(8001,1342),(8001,1362),(8001,1364),(8001,1377),(8001,1380),(8001,1381),(8001,1383),(8001,1410),(8001,1416),(8001,1417),(8001,1421),(8001,1424),(8001,1437),(8001,1440),(8001,1443),(8001,1446),(8001,1447),(8001,1448),(8001,1449),(8001,1451),(8001,1456),(8001,1457),(8001,1464),(8001,1481),(8001,1487),(8001,1496),(8001,1500),(8001,1515),(8001,1524),(8001,1529),(8001,1531),(8001,1540),(8001,1543),(8001,1554),(8001,1559),(8001,1561),(8001,1573),(8001,1580),(8001,1582),(8001,1590),(8001,1593),(8001,1598),(8001,1609),(8001,1618),(8001,1636),(8001,1643),(8001,1644),(8001,1645),(8001,1661),(8001,1666),(8001,1667),(8001,1670),(8001,1675),(8001,1681),(8001,1692),(8001,1697),(8001,1703),(8001,1712),(8001,1720),(8001,1728),(8001,1729),(8001,1741),(8001,1745),(8001,1746),(8001,1748),(8001,1756),(8001,1759),(8001,1765),(8001,1773),(8001,1778),(8001,1779),(8001,1783),(8001,1786),(8001,1787),(8001,1789),(8001,1793),(8001,1798),(8001,1799),(8001,1807),(8001,1811),(8001,1824),(8001,1827),(8001,1844),(8001,1856),(8001,1873),(8001,1888),(8001,1889),(8001,1890),(8001,1901),(8001,1904),(8001,1909),(8001,1912),(8001,1929),(8001,1936),(8001,1941),(8001,1949),(8001,1955),(8001,1962),(8001,1977),(8001,1978),(8001,1979),(8001,1985),(8001,1987),(8001,1988),(8001,1994),(8002,1000),(8002,1001),(8002,1011),(8002,1012),(8002,1027),(8002,1028),(8002,1030),(8002,1032),(8002,1038),(8002,1042),(8002,1051),(8002,1053),(8002,1055),(8002,1070),(8002,1071),(8002,1073),(8002,1083),(8002,1086),(8002,1088),(8002,1098),(8002,1099),(8002,1100),(8002,1109),(8002,1111),(8002,1115),(8002,1116),(8002,1123),(8002,1134),(8002,1139),(8002,1144),(8002,1149),(8002,1152),(8002,1154),(8002,1172),(8002,1176),(8002,1179),(8002,1182),(8002,1190),(8002,1193),(8002,1199),(8002,1202),(8002,1211),(8002,1213),(8002,1219),(8002,1224),(8002,1230),(8002,1235),(8002,1240),(8002,1244),(8002,1249),(8002,1251),(8002,1253),(8002,1254),(8002,1257),(8002,1262),(8002,1266),(8002,1268),(8002,1270),(8002,1271),(8002,1280),(8002,1282),(8002,1288),(8002,1292),(8002,1317),(8002,1319),(8002,1324),(8002,1330),(8002,1354),(8002,1366),(8002,1371),(8002,1376),(8002,1379),(8002,1381),(8002,1390),(8002,1397),(8002,1400),(8002,1407),(8002,1411),(8002,1412),(8002,1418),(8002,1422),(8002,1426),(8002,1431),(8002,1435),(8002,1443),(8002,1445),(8002,1453),(8002,1458),(8002,1465),(8002,1466),(8002,1485),(8002,1491),(8002,1492),(8002,1493),(8002,1499),(8002,1501),(8002,1513),(8002,1517),(8002,1520),(8002,1523),(8002,1527),(8002,1529),(8002,1535),(8002,1536),(8002,1540),(8002,1548),(8002,1550),(8002,1556),(8002,1558),(8002,1560),(8002,1561),(8002,1564),(8002,1572),(8002,1576),(8002,1583),(8002,1588),(8002,1603),(8002,1608),(8002,1615),(8002,1623),(8002,1625),(8002,1637),(8002,1642),(8002,1668),(8002,1676),(8002,1679),(8002,1684),(8002,1690),(8002,1691),(8002,1693),(8002,1708),(8002,1711),(8002,1718),(8002,1719),(8002,1720),(8002,1724),(8002,1735),(8002,1739),(8002,1742),(8002,1750),(8002,1756),(8002,1759),(8002,1765),(8002,1769),(8002,1773),(8002,1774),(8002,1781),(8002,1787),(8002,1788),(8002,1790),(8002,1796),(8002,1797),(8002,1819),(8002,1821),(8002,1826),(8002,1833),(8002,1835),(8002,1836),(8002,1838),(8002,1840),(8002,1844),(8002,1845),(8002,1846),(8002,1848),(8002,1851),(8002,1856),(8002,1857),(8002,1862),(8002,1867),(8002,1872),(8002,1876),(8002,1883),(8002,1889),(8002,1892),(8002,1898),(8002,1902),(8002,1903),(8002,1904),(8002,1913),(8002,1921),(8002,1923),(8002,1925),(8002,1927),(8002,1929),(8002,1931),(8002,1933),(8002,1936),(8002,1945),(8002,1952),(8002,1960),(8002,1965),(8002,1973),(8002,1985),(8002,1986),(8002,1990),(8002,1993),(8002,1998),(8003,1002),(8003,1003),(8003,1004),(8003,1008),(8003,1017),(8003,1018),(8003,1020),(8003,1021),(8003,1026),(8003,1030),(8003,1032),(8003,1034),(8003,1035),(8003,1047),(8003,1049),(8003,1052),(8003,1055),(8003,1063),(8003,1064),(8003,1069),(8003,1075),(8003,1076),(8003,1080),(8003,1089),(8003,1101),(8003,1105),(8003,1107),(8003,1108),(8003,1114),(8003,1120),(8003,1132),(8003,1133),(8003,1140),(8003,1154),(8003,1163),(8003,1169),(8003,1170),(8003,1171),(8003,1172),(8003,1179),(8003,1188),(8003,1190),(8003,1192),(8003,1193),(8003,1195),(8003,1201),(8003,1210),(8003,1216),(8003,1223),(8003,1230),(8003,1231),(8003,1237),(8003,1239),(8003,1246),(8003,1247),(8003,1248),(8003,1251),(8003,1255),(8003,1259),(8003,1263),(8003,1266),(8003,1273),(8003,1278),(8003,1283),(8003,1287),(8003,1289),(8003,1291),(8003,1296),(8003,1297),(8003,1301),(8003,1306),(8003,1308),(8003,1314),(8003,1319),(8003,1320),(8003,1333),(8003,1334),(8003,1340),(8003,1342),(8003,1347),(8003,1351),(8003,1353),(8003,1360),(8003,1371),(8003,1372),(8003,1375),(8003,1379),(8003,1388),(8003,1390),(8003,1393),(8003,1398),(8003,1405),(8003,1406),(8003,1408),(8003,1410),(8003,1411),(8003,1416),(8003,1421),(8003,1423),(8003,1428),(8003,1431),(8003,1439),(8003,1442),(8003,1446),(8003,1467),(8003,1468),(8003,1470),(8003,1474),(8003,1484),(8003,1486),(8003,1490),(8003,1492),(8003,1499),(8003,1502),(8003,1503),(8003,1508),(8003,1513),(8003,1520),(8003,1524),(8003,1530),(8003,1531),(8003,1535),(8003,1538),(8003,1540),(8003,1545),(8003,1548),(8003,1550),(8003,1558),(8003,1559),(8003,1560),(8003,1569),(8003,1574),(8003,1579),(8003,1580),(8003,1582),(8003,1596),(8003,1598),(8003,1604),(8003,1605),(8003,1606),(8003,1608),(8003,1609),(8003,1612),(8003,1620),(8003,1622),(8003,1626),(8003,1628),(8003,1629),(8003,1632),(8003,1635),(8003,1648),(8003,1652),(8003,1655),(8003,1656),(8003,1659),(8003,1660),(8003,1663),(8003,1672),(8003,1680),(8003,1684),(8003,1686),(8003,1687),(8003,1694),(8003,1702),(8003,1710),(8003,1712),(8003,1713),(8003,1718),(8003,1740),(8003,1742),(8003,1743),(8003,1744),(8003,1748),(8003,1750),(8003,1759),(8003,1762),(8003,1770),(8003,1771),(8003,1773),(8003,1793),(8003,1800),(8003,1803),(8003,1804),(8003,1806),(8003,1814),(8003,1825),(8003,1828),(8003,1829),(8003,1835),(8003,1844),(8003,1849),(8003,1851),(8003,1861),(8003,1865),(8003,1868),(8003,1872),(8003,1873),(8003,1888),(8003,1892),(8003,1903),(8003,1929),(8003,1933),(8003,1935),(8003,1937),(8003,1938),(8003,1945),(8003,1948),(8003,1956),(8003,1958),(8003,1962),(8003,1966),(8003,1967),(8003,1974),(8003,1980),(8003,1985),(8003,1987),(8004,1000),(8004,1005),(8004,1009),(8004,1014),(8004,1015),(8004,1019),(8004,1025),(8004,1026),(8004,1027),(8004,1033),(8004,1036),(8004,1052),(8004,1053),(8004,1054),(8004,1057),(8004,1063),(8004,1068),(8004,1069),(8004,1071),(8004,1072),(8004,1077),(8004,1085),(8004,1089),(8004,1101),(8004,1102),(8004,1106),(8004,1109),(8004,1110),(8004,1128),(8004,1132),(8004,1133),(8004,1139),(8004,1146),(8004,1148),(8004,1150),(8004,1152),(8004,1158),(8004,1164),(8004,1165),(8004,1168),(8004,1172),(8004,1187),(8004,1192),(8004,1201),(8004,1210),(8004,1217),(8004,1220),(8004,1223),(8004,1230),(8004,1237),(8004,1238),(8004,1243),(8004,1245),(8004,1251),(8004,1261),(8004,1269),(8004,1277),(8004,1278),(8004,1285),(8004,1287),(8004,1288),(8004,1290),(8004,1292),(8004,1294),(8004,1295),(8004,1301),(8004,1303),(8004,1310),(8004,1320),(8004,1324),(8004,1333),(8004,1338),(8004,1348),(8004,1353),(8004,1355),(8004,1356),(8004,1364),(8004,1377),(8004,1378),(8004,1381),(8004,1386),(8004,1395),(8004,1397),(8004,1399),(8004,1400),(8004,1405),(8004,1413),(8004,1417),(8004,1418),(8004,1430),(8004,1431),(8004,1434),(8004,1437),(8004,1440),(8004,1441),(8004,1446),(8004,1447),(8004,1451),(8004,1460),(8004,1464),(8004,1471),(8004,1472),(8004,1475),(8004,1491),(8004,1495),(8004,1496),(8004,1511),(8004,1518),(8004,1529),(8004,1532),(8004,1546),(8004,1549),(8004,1557),(8004,1578),(8004,1589),(8004,1595),(8004,1598),(8004,1607),(8004,1610),(8004,1615),(8004,1620),(8004,1622),(8004,1623),(8004,1627),(8004,1635),(8004,1639),(8004,1660),(8004,1661),(8004,1664),(8004,1668),(8004,1671),(8004,1672),(8004,1676),(8004,1692),(8004,1695),(8004,1700),(8004,1701),(8004,1703),(8004,1706),(8004,1708),(8004,1712),(8004,1714),(8004,1719),(8004,1722),(8004,1725),(8004,1738),(8004,1740),(8004,1741),(8004,1759),(8004,1766),(8004,1770),(8004,1773),(8004,1779),(8004,1783),(8004,1791),(8004,1793),(8004,1796),(8004,1803),(8004,1808),(8004,1818),(8004,1833),(8004,1838),(8004,1839),(8004,1851),(8004,1853),(8004,1854),(8004,1860),(8004,1869),(8004,1881),(8004,1886),(8004,1892),(8004,1894),(8004,1899),(8004,1912),(8004,1914),(8004,1915),(8004,1919),(8004,1920),(8004,1927),(8004,1928),(8004,1929),(8004,1930),(8004,1932),(8004,1935),(8004,1943),(8004,1946),(8004,1947),(8004,1948),(8004,1957),(8004,1958),(8004,1974),(8004,1983),(8004,1991),(8005,1000),(8005,1001),(8005,1002),(8005,1025),(8005,1029),(8005,1033),(8005,1047),(8005,1053),(8005,1055),(8005,1059),(8005,1070),(8005,1086),(8005,1089),(8005,1095),(8005,1100),(8005,1104),(8005,1108),(8005,1110),(8005,1113),(8005,1123),(8005,1124),(8005,1130),(8005,1134),(8005,1137),(8005,1141),(8005,1147),(8005,1157),(8005,1161),(8005,1174),(8005,1175),(8005,1185),(8005,1192),(8005,1194),(8005,1209),(8005,1212),(8005,1217),(8005,1218),(8005,1221),(8005,1222),(8005,1232),(8005,1237),(8005,1240),(8005,1245),(8005,1250),(8005,1265),(8005,1266),(8005,1268),(8005,1271),(8005,1276),(8005,1281),(8005,1285),(8005,1287),(8005,1294),(8005,1295),(8005,1308),(8005,1316),(8005,1318),(8005,1321),(8005,1322),(8005,1326),(8005,1330),(8005,1331),(8005,1338),(8005,1341),(8005,1342),(8005,1344),(8005,1347),(8005,1349),(8005,1358),(8005,1366),(8005,1368),(8005,1378),(8005,1380),(8005,1386),(8005,1399),(8005,1406),(8005,1416),(8005,1419),(8005,1422),(8005,1436),(8005,1437),(8005,1456),(8005,1457),(8005,1460),(8005,1462),(8005,1468),(8005,1478),(8005,1480),(8005,1484),(8005,1485),(8005,1486),(8005,1488),(8005,1502),(8005,1503),(8005,1507),(8005,1513),(8005,1515),(8005,1529),(8005,1540),(8005,1542),(8005,1543),(8005,1544),(8005,1550),(8005,1553),(8005,1557),(8005,1558),(8005,1562),(8005,1563),(8005,1568),(8005,1569),(8005,1583),(8005,1585),(8005,1587),(8005,1588),(8005,1594),(8005,1598),(8005,1600),(8005,1608),(8005,1617),(8005,1622),(8005,1629),(8005,1630),(8005,1633),(8005,1639),(8005,1648),(8005,1649),(8005,1654),(8005,1656),(8005,1658),(8005,1678),(8005,1679),(8005,1681),(8005,1683),(8005,1684),(8005,1687),(8005,1692),(8005,1707),(8005,1713),(8005,1722),(8005,1749),(8005,1753),(8005,1769),(8005,1773),(8005,1775),(8005,1778),(8005,1780),(8005,1784),(8005,1788),(8005,1795),(8005,1797),(8005,1801),(8005,1802),(8005,1805),(8005,1807),(8005,1809),(8005,1824),(8005,1826),(8005,1830),(8005,1833),(8005,1834),(8005,1835),(8005,1844),(8005,1845),(8005,1849),(8005,1850),(8005,1851),(8005,1855),(8005,1856),(8005,1862),(8005,1863),(8005,1864),(8005,1865),(8005,1871),(8005,1878),(8005,1879),(8005,1882),(8005,1883),(8005,1902),(8005,1905),(8005,1912),(8005,1915),(8005,1918),(8005,1919),(8005,1922),(8005,1933),(8005,1934),(8005,1941),(8005,1948),(8005,1957),(8005,1959),(8005,1960),(8005,1968),(8005,1974),(8005,1977),(8005,1983),(8005,1992),(8006,1003),(8006,1007),(8006,1010),(8006,1014),(8006,1019),(8006,1030),(8006,1036),(8006,1037),(8006,1038),(8006,1043),(8006,1048),(8006,1049),(8006,1054),(8006,1055),(8006,1056),(8006,1060),(8006,1061),(8006,1065),(8006,1075),(8006,1091),(8006,1093),(8006,1095),(8006,1100),(8006,1111),(8006,1113),(8006,1123),(8006,1139),(8006,1145),(8006,1148),(8006,1161),(8006,1167),(8006,1176),(8006,1179),(8006,1182),(8006,1194),(8006,1196),(8006,1200),(8006,1202),(8006,1204),(8006,1210),(8006,1214),(8006,1217),(8006,1218),(8006,1221),(8006,1222),(8006,1232),(8006,1259),(8006,1266),(8006,1280),(8006,1282),(8006,1284),(8006,1285),(8006,1286),(8006,1309),(8006,1315),(8006,1320),(8006,1324),(8006,1326),(8006,1339),(8006,1342),(8006,1347),(8006,1348),(8006,1349),(8006,1366),(8006,1369),(8006,1371),(8006,1378),(8006,1379),(8006,1380),(8006,1388),(8006,1398),(8006,1399),(8006,1403),(8006,1406),(8006,1427),(8006,1438),(8006,1440),(8006,1449),(8006,1450),(8006,1451),(8006,1452),(8006,1453),(8006,1455),(8006,1460),(8006,1461),(8006,1466),(8006,1473),(8006,1479),(8006,1489),(8006,1492),(8006,1494),(8006,1497),(8006,1498),(8006,1502),(8006,1503),(8006,1506),(8006,1507),(8006,1509),(8006,1512),(8006,1518),(8006,1519),(8006,1522),(8006,1524),(8006,1529),(8006,1530),(8006,1552),(8006,1553),(8006,1554),(8006,1563),(8006,1568),(8006,1569),(8006,1578),(8006,1592),(8006,1596),(8006,1598),(8006,1600),(8006,1603),(8006,1606),(8006,1607),(8006,1612),(8006,1614),(8006,1616),(8006,1618),(8006,1623),(8006,1626),(8006,1633),(8006,1638),(8006,1642),(8006,1645),(8006,1657),(8006,1658),(8006,1662),(8006,1664),(8006,1672),(8006,1681),(8006,1683),(8006,1684),(8006,1692),(8006,1696),(8006,1700),(8006,1701),(8006,1705),(8006,1718),(8006,1720),(8006,1723),(8006,1724),(8006,1725),(8006,1728),(8006,1735),(8006,1740),(8006,1743),(8006,1744),(8006,1748),(8006,1752),(8006,1753),(8006,1756),(8006,1757),(8006,1758),(8006,1762),(8006,1776),(8006,1779),(8006,1780),(8006,1783),(8006,1784),(8006,1790),(8006,1813),(8006,1815),(8006,1817),(8006,1819),(8006,1832),(8006,1837),(8006,1843),(8006,1845),(8006,1848),(8006,1853),(8006,1856),(8006,1861),(8006,1864),(8006,1866),(8006,1869),(8006,1872),(8006,1878),(8006,1890),(8006,1897),(8006,1903),(8006,1904),(8006,1923),(8006,1926),(8006,1927),(8006,1934),(8006,1944),(8006,1945),(8006,1948),(8006,1949),(8006,1951),(8006,1954),(8006,1961),(8006,1964),(8006,1966),(8006,1967),(8006,1993),(8007,1005),(8007,1014),(8007,1020),(8007,1027),(8007,1029),(8007,1032),(8007,1041),(8007,1042),(8007,1044),(8007,1045),(8007,1046),(8007,1047),(8007,1051),(8007,1056),(8007,1057),(8007,1058),(8007,1061),(8007,1071),(8007,1073),(8007,1076),(8007,1077),(8007,1078),(8007,1079),(8007,1080),(8007,1082),(8007,1091),(8007,1104),(8007,1107),(8007,1108),(8007,1109),(8007,1112),(8007,1114),(8007,1120),(8007,1124),(8007,1129),(8007,1134),(8007,1137),(8007,1139),(8007,1150),(8007,1154),(8007,1155),(8007,1157),(8007,1163),(8007,1176),(8007,1178),(8007,1183),(8007,1186),(8007,1188),(8007,1197),(8007,1200),(8007,1201),(8007,1202),(8007,1203),(8007,1216),(8007,1222),(8007,1224),(8007,1230),(8007,1235),(8007,1249),(8007,1252),(8007,1262),(8007,1263),(8007,1275),(8007,1279),(8007,1281),(8007,1287),(8007,1289),(8007,1297),(8007,1303),(8007,1315),(8007,1324),(8007,1326),(8007,1331),(8007,1333),(8007,1342),(8007,1346),(8007,1347),(8007,1348),(8007,1350),(8007,1354),(8007,1355),(8007,1357),(8007,1359),(8007,1360),(8007,1365),(8007,1367),(8007,1377),(8007,1380),(8007,1389),(8007,1395),(8007,1399),(8007,1406),(8007,1410),(8007,1413),(8007,1421),(8007,1429),(8007,1430),(8007,1434),(8007,1437),(8007,1446),(8007,1449),(8007,1455),(8007,1457),(8007,1477),(8007,1486),(8007,1488),(8007,1491),(8007,1496),(8007,1498),(8007,1501),(8007,1502),(8007,1505),(8007,1507),(8007,1514),(8007,1516),(8007,1517),(8007,1518),(8007,1521),(8007,1525),(8007,1529),(8007,1532),(8007,1533),(8007,1535),(8007,1536),(8007,1545),(8007,1560),(8007,1562),(8007,1572),(8007,1580),(8007,1585),(8007,1587),(8007,1595),(8007,1607),(8007,1611),(8007,1615),(8007,1621),(8007,1622),(8007,1626),(8007,1632),(8007,1647),(8007,1649),(8007,1652),(8007,1653),(8007,1656),(8007,1660),(8007,1667),(8007,1668),(8007,1670),(8007,1672),(8007,1677),(8007,1679),(8007,1686),(8007,1688),(8007,1695),(8007,1704),(8007,1709),(8007,1710),(8007,1713),(8007,1714),(8007,1717),(8007,1727),(8007,1731),(8007,1734),(8007,1735),(8007,1748),(8007,1750),(8007,1755),(8007,1765),(8007,1766),(8007,1769),(8007,1770),(8007,1771),(8007,1784),(8007,1790),(8007,1793),(8007,1797),(8007,1804),(8007,1806),(8007,1811),(8007,1812),(8007,1814),(8007,1816),(8007,1819),(8007,1820),(8007,1822),(8007,1826),(8007,1827),(8007,1831),(8007,1834),(8007,1835),(8007,1848),(8007,1851),(8007,1857),(8007,1859),(8007,1861),(8007,1864),(8007,1879),(8007,1880),(8007,1883),(8007,1887),(8007,1905),(8007,1916),(8007,1917),(8007,1922),(8007,1929),(8007,1938),(8007,1939),(8007,1942),(8007,1945),(8007,1947),(8007,1948),(8007,1952),(8007,1956),(8007,1958),(8007,1959),(8007,1961),(8007,1963),(8007,1973),(8007,1976),(8007,1981),(8007,1992),(8007,1995),(8008,1005),(8008,1035),(8008,1036),(8008,1039),(8008,1045),(8008,1048),(8008,1049),(8008,1061),(8008,1071),(8008,1073),(8008,1074),(8008,1077),(8008,1089),(8008,1092),(8008,1093),(8008,1096),(8008,1107),(8008,1114),(8008,1117),(8008,1119),(8008,1126),(8008,1128),(8008,1138),(8008,1142),(8008,1145),(8008,1158),(8008,1161),(8008,1165),(8008,1168),(8008,1173),(8008,1174),(8008,1181),(8008,1182),(8008,1184),(8008,1192),(8008,1198),(8008,1219),(8008,1220),(8008,1226),(8008,1230),(8008,1233),(8008,1235),(8008,1236),(8008,1237),(8008,1241),(8008,1253),(8008,1269),(8008,1272),(8008,1273),(8008,1274),(8008,1276),(8008,1278),(8008,1279),(8008,1287),(8008,1289),(8008,1294),(8008,1296),(8008,1297),(8008,1299),(8008,1305),(8008,1308),(8008,1318),(8008,1319),(8008,1322),(8008,1323),(8008,1336),(8008,1337),(8008,1349),(8008,1350),(8008,1355),(8008,1359),(8008,1360),(8008,1363),(8008,1368),(8008,1371),(8008,1379),(8008,1381),(8008,1382),(8008,1384),(8008,1386),(8008,1387),(8008,1388),(8008,1395),(8008,1402),(8008,1405),(8008,1406),(8008,1407),(8008,1415),(8008,1416),(8008,1422),(8008,1429),(8008,1434),(8008,1437),(8008,1439),(8008,1440),(8008,1441),(8008,1447),(8008,1448),(8008,1449),(8008,1458),(8008,1461),(8008,1473),(8008,1474),(8008,1485),(8008,1500),(8008,1514),(8008,1520),(8008,1526),(8008,1528),(8008,1529),(8008,1542),(8008,1546),(8008,1551),(8008,1552),(8008,1556),(8008,1558),(8008,1561),(8008,1566),(8008,1568),(8008,1569),(8008,1598),(8008,1599),(8008,1606),(8008,1611),(8008,1622),(8008,1638),(8008,1641),(8008,1643),(8008,1644),(8008,1645),(8008,1654),(8008,1655),(8008,1664),(8008,1688),(8008,1696),(8008,1707),(8008,1717),(8008,1719),(8008,1734),(8008,1748),(8008,1751),(8008,1755),(8008,1758),(8008,1759),(8008,1762),(8008,1767),(8008,1768),(8008,1772),(8008,1777),(8008,1790),(8008,1796),(8008,1800),(8008,1803),(8008,1805),(8008,1813),(8008,1817),(8008,1822),(8008,1824),(8008,1834),(8008,1837),(8008,1838),(8008,1845),(8008,1851),(8008,1861),(8008,1869),(8008,1870),(8008,1873),(8008,1874),(8008,1878),(8008,1882),(8008,1883),(8008,1900),(8008,1903),(8008,1905),(8008,1908),(8008,1909),(8008,1912),(8008,1917),(8008,1921),(8008,1927),(8008,1930),(8008,1938),(8008,1941),(8008,1943),(8008,1948),(8008,1954),(8008,1962),(8008,1964),(8008,1968),(8008,1971),(8008,1973),(8008,1977),(8008,1983),(8008,1988),(8008,1992),(8008,1997),(8009,1004),(8009,1005),(8009,1007),(8009,1016),(8009,1018),(8009,1021),(8009,1024),(8009,1025),(8009,1036),(8009,1038),(8009,1054),(8009,1061),(8009,1062),(8009,1065),(8009,1066),(8009,1068),(8009,1074),(8009,1075),(8009,1086),(8009,1087),(8009,1094),(8009,1097),(8009,1099),(8009,1105),(8009,1107),(8009,1130),(8009,1135),(8009,1138),(8009,1140),(8009,1141),(8009,1144),(8009,1145),(8009,1146),(8009,1147),(8009,1151),(8009,1152),(8009,1160),(8009,1163),(8009,1166),(8009,1169),(8009,1170),(8009,1177),(8009,1180),(8009,1186),(8009,1190),(8009,1199),(8009,1201),(8009,1208),(8009,1211),(8009,1217),(8009,1220),(8009,1231),(8009,1236),(8009,1240),(8009,1242),(8009,1245),(8009,1246),(8009,1248),(8009,1259),(8009,1265),(8009,1273),(8009,1274),(8009,1283),(8009,1285),(8009,1286),(8009,1290),(8009,1291),(8009,1293),(8009,1303),(8009,1311),(8009,1319),(8009,1323),(8009,1324),(8009,1330),(8009,1331),(8009,1334),(8009,1340),(8009,1343),(8009,1345),(8009,1350),(8009,1352),(8009,1356),(8009,1358),(8009,1359),(8009,1360),(8009,1362),(8009,1363),(8009,1366),(8009,1374),(8009,1381),(8009,1388),(8009,1390),(8009,1393),(8009,1401),(8009,1416),(8009,1421),(8009,1422),(8009,1426),(8009,1437),(8009,1439),(8009,1440),(8009,1445),(8009,1446),(8009,1449),(8009,1451),(8009,1461),(8009,1475),(8009,1477),(8009,1479),(8009,1483),(8009,1490),(8009,1492),(8009,1496),(8009,1497),(8009,1499),(8009,1502),(8009,1511),(8009,1514),(8009,1517),(8009,1528),(8009,1531),(8009,1533),(8009,1545),(8009,1546),(8009,1547),(8009,1550),(8009,1555),(8009,1557),(8009,1558),(8009,1562),(8009,1570),(8009,1575),(8009,1576),(8009,1580),(8009,1581),(8009,1584),(8009,1585),(8009,1587),(8009,1595),(8009,1601),(8009,1610),(8009,1615),(8009,1621),(8009,1626),(8009,1632),(8009,1637),(8009,1638),(8009,1653),(8009,1654),(8009,1664),(8009,1666),(8009,1667),(8009,1669),(8009,1678),(8009,1682),(8009,1684),(8009,1685),(8009,1692),(8009,1696),(8009,1697),(8009,1703),(8009,1706),(8009,1707),(8009,1711),(8009,1712),(8009,1713),(8009,1718),(8009,1721),(8009,1723),(8009,1725),(8009,1727),(8009,1743),(8009,1759),(8009,1765),(8009,1773),(8009,1777),(8009,1779),(8009,1781),(8009,1782),(8009,1783),(8009,1785),(8009,1795),(8009,1807),(8009,1809),(8009,1814),(8009,1817),(8009,1823),(8009,1830),(8009,1832),(8009,1838),(8009,1852),(8009,1853),(8009,1855),(8009,1856),(8009,1874),(8009,1878),(8009,1881),(8009,1887),(8009,1888),(8009,1890),(8009,1891),(8009,1896),(8009,1898),(8009,1903),(8009,1912),(8009,1914),(8009,1923),(8009,1926),(8009,1932),(8009,1934),(8009,1936),(8009,1947),(8009,1952),(8009,1966),(8009,1970),(8009,1978),(8009,1987),(8009,1996),(8009,1997),(8010,1006),(8010,1018),(8010,1026),(8010,1035),(8010,1047),(8010,1054),(8010,1056),(8010,1059),(8010,1061),(8010,1081),(8010,1083),(8010,1084),(8010,1085),(8010,1091),(8010,1092),(8010,1093),(8010,1096),(8010,1100),(8010,1112),(8010,1115),(8010,1117),(8010,1129),(8010,1146),(8010,1148),(8010,1150),(8010,1151),(8010,1167),(8010,1175),(8010,1177),(8010,1181),(8010,1184),(8010,1187),(8010,1192),(8010,1196),(8010,1199),(8010,1206),(8010,1218),(8010,1219),(8010,1227),(8010,1228),(8010,1229),(8010,1234),(8010,1236),(8010,1239),(8010,1247),(8010,1256),(8010,1260),(8010,1261),(8010,1262),(8010,1277),(8010,1278),(8010,1279),(8010,1283),(8010,1292),(8010,1300),(8010,1302),(8010,1304),(8010,1313),(8010,1316),(8010,1336),(8010,1343),(8010,1344),(8010,1351),(8010,1356),(8010,1358),(8010,1366),(8010,1368),(8010,1373),(8010,1377),(8010,1379),(8010,1389),(8010,1392),(8010,1393),(8010,1394),(8010,1401),(8010,1407),(8010,1410),(8010,1417),(8010,1420),(8010,1424),(8010,1427),(8010,1430),(8010,1432),(8010,1433),(8010,1438),(8010,1441),(8010,1450),(8010,1451),(8010,1452),(8010,1456),(8010,1459),(8010,1464),(8010,1465),(8010,1476),(8010,1477),(8010,1483),(8010,1484),(8010,1485),(8010,1496),(8010,1504),(8010,1512),(8010,1514),(8010,1525),(8010,1536),(8010,1547),(8010,1549),(8010,1550),(8010,1552),(8010,1555),(8010,1558),(8010,1563),(8010,1573),(8010,1576),(8010,1578),(8010,1580),(8010,1581),(8010,1583),(8010,1585),(8010,1589),(8010,1592),(8010,1597),(8010,1600),(8010,1604),(8010,1620),(8010,1626),(8010,1632),(8010,1633),(8010,1634),(8010,1635),(8010,1640),(8010,1650),(8010,1665),(8010,1670),(8010,1671),(8010,1676),(8010,1680),(8010,1687),(8010,1689),(8010,1692),(8010,1693),(8010,1700),(8010,1701),(8010,1705),(8010,1706),(8010,1707),(8010,1713),(8010,1714),(8010,1715),(8010,1719),(8010,1721),(8010,1722),(8010,1723),(8010,1729),(8010,1730),(8010,1732),(8010,1736),(8010,1744),(8010,1748),(8010,1754),(8010,1772),(8010,1774),(8010,1787),(8010,1796),(8010,1799),(8010,1802),(8010,1807),(8010,1825),(8010,1834),(8010,1835),(8010,1849),(8010,1852),(8010,1853),(8010,1858),(8010,1866),(8010,1871),(8010,1872),(8010,1876),(8010,1886),(8010,1887),(8010,1891),(8010,1895),(8010,1899),(8010,1900),(8010,1905),(8010,1913),(8010,1915),(8010,1929),(8010,1932),(8010,1940),(8010,1941),(8010,1975),(8010,1978),(8010,1985),(8011,1009),(8011,1011),(8011,1012),(8011,1014),(8011,1023),(8011,1024),(8011,1027),(8011,1032),(8011,1037),(8011,1040),(8011,1041),(8011,1049),(8011,1050),(8011,1056),(8011,1060),(8011,1071),(8011,1073),(8011,1076),(8011,1081),(8011,1087),(8011,1091),(8011,1094),(8011,1098),(8011,1102),(8011,1106),(8011,1120),(8011,1137),(8011,1138),(8011,1143),(8011,1144),(8011,1146),(8011,1149),(8011,1156),(8011,1157),(8011,1161),(8011,1163),(8011,1166),(8011,1167),(8011,1169),(8011,1172),(8011,1174),(8011,1176),(8011,1177),(8011,1179),(8011,1188),(8011,1195),(8011,1198),(8011,1206),(8011,1221),(8011,1231),(8011,1236),(8011,1242),(8011,1245),(8011,1258),(8011,1259),(8011,1260),(8011,1268),(8011,1271),(8011,1280),(8011,1284),(8011,1293),(8011,1296),(8011,1315),(8011,1333),(8011,1334),(8011,1336),(8011,1337),(8011,1340),(8011,1341),(8011,1343),(8011,1345),(8011,1348),(8011,1358),(8011,1359),(8011,1365),(8011,1368),(8011,1370),(8011,1373),(8011,1383),(8011,1394),(8011,1400),(8011,1402),(8011,1406),(8011,1412),(8011,1423),(8011,1438),(8011,1440),(8011,1444),(8011,1445),(8011,1449),(8011,1453),(8011,1458),(8011,1463),(8011,1470),(8011,1471),(8011,1473),(8011,1474),(8011,1477),(8011,1478),(8011,1481),(8011,1485),(8011,1492),(8011,1498),(8011,1501),(8011,1507),(8011,1513),(8011,1520),(8011,1521),(8011,1532),(8011,1534),(8011,1535),(8011,1542),(8011,1556),(8011,1560),(8011,1561),(8011,1563),(8011,1569),(8011,1570),(8011,1576),(8011,1578),(8011,1581),(8011,1584),(8011,1589),(8011,1596),(8011,1597),(8011,1598),(8011,1599),(8011,1602),(8011,1604),(8011,1608),(8011,1624),(8011,1628),(8011,1635),(8011,1640),(8011,1643),(8011,1648),(8011,1657),(8011,1663),(8011,1667),(8011,1686),(8011,1687),(8011,1688),(8011,1701),(8011,1713),(8011,1716),(8011,1720),(8011,1722),(8011,1726),(8011,1729),(8011,1730),(8011,1734),(8011,1739),(8011,1740),(8011,1741),(8011,1742),(8011,1750),(8011,1763),(8011,1768),(8011,1770),(8011,1772),(8011,1780),(8011,1782),(8011,1785),(8011,1789),(8011,1794),(8011,1795),(8011,1796),(8011,1798),(8011,1802),(8011,1803),(8011,1805),(8011,1813),(8011,1818),(8011,1830),(8011,1832),(8011,1839),(8011,1848),(8011,1861),(8011,1862),(8011,1865),(8011,1867),(8011,1879),(8011,1880),(8011,1889),(8011,1894),(8011,1904),(8011,1908),(8011,1912),(8011,1913),(8011,1920),(8011,1923),(8011,1926),(8011,1928),(8011,1931),(8011,1937),(8011,1945),(8011,1946),(8011,1947),(8011,1950),(8011,1953),(8011,1954),(8011,1957),(8011,1961),(8011,1962),(8011,1973),(8011,1975),(8011,1977),(8011,1982),(8011,1983),(8011,1985),(8011,1989),(8011,1990),(8011,1993),(8012,1000),(8012,1008),(8012,1011),(8012,1014),(8012,1021),(8012,1025),(8012,1031),(8012,1034),(8012,1035),(8012,1039),(8012,1041),(8012,1054),(8012,1055),(8012,1060),(8012,1074),(8012,1077),(8012,1090),(8012,1092),(8012,1097),(8012,1099),(8012,1106),(8012,1107),(8012,1109),(8012,1127),(8012,1135),(8012,1136),(8012,1139),(8012,1145),(8012,1152),(8012,1154),(8012,1157),(8012,1163),(8012,1164),(8012,1181),(8012,1183),(8012,1191),(8012,1196),(8012,1206),(8012,1220),(8012,1222),(8012,1223),(8012,1224),(8012,1227),(8012,1231),(8012,1236),(8012,1238),(8012,1247),(8012,1250),(8012,1260),(8012,1262),(8012,1275),(8012,1279),(8012,1284),(8012,1293),(8012,1310),(8012,1315),(8012,1316),(8012,1317),(8012,1331),(8012,1338),(8012,1342),(8012,1349),(8012,1350),(8012,1354),(8012,1356),(8012,1360),(8012,1381),(8012,1386),(8012,1387),(8012,1402),(8012,1408),(8012,1409),(8012,1414),(8012,1423),(8012,1425),(8012,1429),(8012,1430),(8012,1435),(8012,1439),(8012,1441),(8012,1449),(8012,1450),(8012,1455),(8012,1462),(8012,1477),(8012,1479),(8012,1484),(8012,1494),(8012,1509),(8012,1510),(8012,1512),(8012,1514),(8012,1522),(8012,1526),(8012,1532),(8012,1535),(8012,1538),(8012,1539),(8012,1542),(8012,1545),(8012,1547),(8012,1551),(8012,1556),(8012,1557),(8012,1561),(8012,1563),(8012,1572),(8012,1574),(8012,1584),(8012,1589),(8012,1593),(8012,1597),(8012,1599),(8012,1602),(8012,1607),(8012,1608),(8012,1611),(8012,1613),(8012,1617),(8012,1618),(8012,1619),(8012,1624),(8012,1625),(8012,1630),(8012,1637),(8012,1646),(8012,1662),(8012,1666),(8012,1670),(8012,1684),(8012,1688),(8012,1689),(8012,1691),(8012,1698),(8012,1705),(8012,1708),(8012,1710),(8012,1712),(8012,1716),(8012,1722),(8012,1723),(8012,1733),(8012,1736),(8012,1739),(8012,1742),(8012,1743),(8012,1752),(8012,1755),(8012,1759),(8012,1760),(8012,1767),(8012,1775),(8012,1781),(8012,1784),(8012,1786),(8012,1789),(8012,1793),(8012,1797),(8012,1803),(8012,1810),(8012,1812),(8012,1816),(8012,1822),(8012,1823),(8012,1834),(8012,1835),(8012,1836),(8012,1837),(8012,1838),(8012,1840),(8012,1859),(8012,1862),(8012,1865),(8012,1866),(8012,1867),(8012,1868),(8012,1869),(8012,1881),(8012,1885),(8012,1893),(8012,1894),(8012,1897),(8012,1902),(8012,1904),(8012,1917),(8012,1920),(8012,1923),(8012,1926),(8012,1927),(8012,1928),(8012,1930),(8012,1935),(8012,1943),(8012,1946),(8012,1947),(8012,1950),(8012,1953),(8012,1954),(8012,1955),(8012,1967),(8012,1971),(8012,1977),(8012,1978),(8012,1979),(8012,1988),(8012,1990),(8012,1992),(8012,1995),(8013,1001),(8013,1009),(8013,1012),(8013,1015),(8013,1031),(8013,1032),(8013,1035),(8013,1036),(8013,1047),(8013,1052),(8013,1053),(8013,1058),(8013,1064),(8013,1065),(8013,1070),(8013,1072),(8013,1076),(8013,1083),(8013,1084),(8013,1094),(8013,1099),(8013,1100),(8013,1104),(8013,1106),(8013,1109),(8013,1111),(8013,1112),(8013,1114),(8013,1123),(8013,1139),(8013,1141),(8013,1147),(8013,1150),(8013,1156),(8013,1161),(8013,1164),(8013,1165),(8013,1166),(8013,1167),(8013,1171),(8013,1172),(8013,1176),(8013,1177),(8013,1184),(8013,1189),(8013,1195),(8013,1204),(8013,1210),(8013,1219),(8013,1241),(8013,1243),(8013,1245),(8013,1252),(8013,1256),(8013,1264),(8013,1265),(8013,1269),(8013,1271),(8013,1272),(8013,1273),(8013,1275),(8013,1279),(8013,1281),(8013,1284),(8013,1292),(8013,1293),(8013,1294),(8013,1296),(8013,1299),(8013,1302),(8013,1305),(8013,1308),(8013,1311),(8013,1317),(8013,1319),(8013,1329),(8013,1330),(8013,1333),(8013,1335),(8013,1336),(8013,1340),(8013,1342),(8013,1347),(8013,1349),(8013,1354),(8013,1361),(8013,1373),(8013,1374),(8013,1377),(8013,1387),(8013,1391),(8013,1393),(8013,1397),(8013,1400),(8013,1408),(8013,1413),(8013,1414),(8013,1423),(8013,1425),(8013,1428),(8013,1434),(8013,1436),(8013,1438),(8013,1446),(8013,1449),(8013,1453),(8013,1456),(8013,1464),(8013,1472),(8013,1473),(8013,1479),(8013,1484),(8013,1489),(8013,1491),(8013,1492),(8013,1494),(8013,1500),(8013,1501),(8013,1503),(8013,1505),(8013,1506),(8013,1508),(8013,1514),(8013,1516),(8013,1520),(8013,1529),(8013,1538),(8013,1542),(8013,1543),(8013,1552),(8013,1555),(8013,1556),(8013,1565),(8013,1567),(8013,1570),(8013,1573),(8013,1577),(8013,1583),(8013,1585),(8013,1588),(8013,1589),(8013,1594),(8013,1599),(8013,1600),(8013,1602),(8013,1607),(8013,1608),(8013,1627),(8013,1633),(8013,1634),(8013,1637),(8013,1642),(8013,1650),(8013,1652),(8013,1655),(8013,1656),(8013,1678),(8013,1683),(8013,1684),(8013,1696),(8013,1701),(8013,1708),(8013,1716),(8013,1718),(8013,1721),(8013,1723),(8013,1728),(8013,1733),(8013,1735),(8013,1736),(8013,1741),(8013,1742),(8013,1743),(8013,1750),(8013,1752),(8013,1753),(8013,1756),(8013,1759),(8013,1763),(8013,1765),(8013,1766),(8013,1773),(8013,1779),(8013,1780),(8013,1783),(8013,1786),(8013,1788),(8013,1795),(8013,1796),(8013,1802),(8013,1805),(8013,1812),(8013,1813),(8013,1814),(8013,1815),(8013,1821),(8013,1829),(8013,1835),(8013,1841),(8013,1842),(8013,1844),(8013,1853),(8013,1862),(8013,1865),(8013,1866),(8013,1876),(8013,1892),(8013,1908),(8013,1917),(8013,1921),(8013,1937),(8013,1939),(8013,1940),(8013,1941),(8013,1943),(8013,1944),(8013,1958),(8013,1969),(8013,1993),(8013,1995),(8013,1997),(8013,1998),(8014,1001),(8014,1002),(8014,1003),(8014,1010),(8014,1012),(8014,1022),(8014,1037),(8014,1038),(8014,1043),(8014,1048),(8014,1058),(8014,1063),(8014,1068),(8014,1070),(8014,1072),(8014,1079),(8014,1081),(8014,1083),(8014,1087),(8014,1088),(8014,1094),(8014,1096),(8014,1097),(8014,1105),(8014,1107),(8014,1111),(8014,1118),(8014,1119),(8014,1123),(8014,1131),(8014,1135),(8014,1137),(8014,1138),(8014,1144),(8014,1153),(8014,1164),(8014,1171),(8014,1188),(8014,1199),(8014,1211),(8014,1213),(8014,1218),(8014,1223),(8014,1237),(8014,1239),(8014,1241),(8014,1243),(8014,1244),(8014,1248),(8014,1261),(8014,1263),(8014,1269),(8014,1273),(8014,1282),(8014,1288),(8014,1299),(8014,1304),(8014,1306),(8014,1308),(8014,1309),(8014,1332),(8014,1338),(8014,1339),(8014,1343),(8014,1347),(8014,1351),(8014,1357),(8014,1361),(8014,1368),(8014,1369),(8014,1373),(8014,1381),(8014,1382),(8014,1384),(8014,1385),(8014,1391),(8014,1392),(8014,1394),(8014,1396),(8014,1398),(8014,1400),(8014,1404),(8014,1406),(8014,1425),(8014,1431),(8014,1433),(8014,1438),(8014,1439),(8014,1443),(8014,1445),(8014,1451),(8014,1464),(8014,1467),(8014,1469),(8014,1470),(8014,1481),(8014,1484),(8014,1487),(8014,1490),(8014,1499),(8014,1506),(8014,1517),(8014,1529),(8014,1534),(8014,1535),(8014,1540),(8014,1545),(8014,1547),(8014,1550),(8014,1551),(8014,1552),(8014,1570),(8014,1578),(8014,1585),(8014,1587),(8014,1590),(8014,1595),(8014,1596),(8014,1598),(8014,1602),(8014,1606),(8014,1617),(8014,1620),(8014,1624),(8014,1627),(8014,1629),(8014,1654),(8014,1683),(8014,1685),(8014,1691),(8014,1694),(8014,1696),(8014,1701),(8014,1709),(8014,1710),(8014,1715),(8014,1725),(8014,1741),(8014,1744),(8014,1754),(8014,1756),(8014,1766),(8014,1772),(8014,1780),(8014,1781),(8014,1783),(8014,1788),(8014,1790),(8014,1791),(8014,1793),(8014,1794),(8014,1798),(8014,1817),(8014,1818),(8014,1821),(8014,1827),(8014,1828),(8014,1832),(8014,1835),(8014,1837),(8014,1838),(8014,1842),(8014,1843),(8014,1845),(8014,1848),(8014,1850),(8014,1851),(8014,1852),(8014,1855),(8014,1857),(8014,1859),(8014,1869),(8014,1881),(8014,1885),(8014,1889),(8014,1899),(8014,1909),(8014,1910),(8014,1915),(8014,1919),(8014,1922),(8014,1927),(8014,1933),(8014,1936),(8014,1940),(8014,1949),(8014,1955),(8014,1956),(8014,1971),(8014,1972),(8014,1975),(8014,1980),(8014,1982),(8014,1983),(8014,1986),(8014,1987),(8014,1996),(8015,1000),(8015,1006),(8015,1013),(8015,1015),(8015,1016),(8015,1017),(8015,1026),(8015,1027),(8015,1038),(8015,1046),(8015,1054),(8015,1058),(8015,1059),(8015,1060),(8015,1065),(8015,1068),(8015,1082),(8015,1085),(8015,1090),(8015,1091),(8015,1104),(8015,1117),(8015,1119),(8015,1133),(8015,1135),(8015,1143),(8015,1148),(8015,1155),(8015,1156),(8015,1158),(8015,1172),(8015,1179),(8015,1180),(8015,1185),(8015,1187),(8015,1191),(8015,1197),(8015,1201),(8015,1203),(8015,1206),(8015,1208),(8015,1210),(8015,1213),(8015,1214),(8015,1220),(8015,1225),(8015,1226),(8015,1227),(8015,1247),(8015,1249),(8015,1250),(8015,1251),(8015,1254),(8015,1257),(8015,1261),(8015,1267),(8015,1277),(8015,1290),(8015,1293),(8015,1295),(8015,1300),(8015,1303),(8015,1312),(8015,1313),(8015,1316),(8015,1321),(8015,1324),(8015,1325),(8015,1328),(8015,1329),(8015,1335),(8015,1344),(8015,1346),(8015,1353),(8015,1357),(8015,1359),(8015,1374),(8015,1376),(8015,1377),(8015,1381),(8015,1388),(8015,1397),(8015,1402),(8015,1405),(8015,1427),(8015,1433),(8015,1434),(8015,1435),(8015,1444),(8015,1445),(8015,1450),(8015,1452),(8015,1464),(8015,1469),(8015,1473),(8015,1490),(8015,1493),(8015,1498),(8015,1512),(8015,1519),(8015,1537),(8015,1548),(8015,1555),(8015,1573),(8015,1577),(8015,1585),(8015,1591),(8015,1593),(8015,1597),(8015,1600),(8015,1621),(8015,1622),(8015,1623),(8015,1624),(8015,1628),(8015,1635),(8015,1640),(8015,1643),(8015,1645),(8015,1657),(8015,1665),(8015,1668),(8015,1669),(8015,1670),(8015,1673),(8015,1682),(8015,1685),(8015,1687),(8015,1692),(8015,1697),(8015,1700),(8015,1708),(8015,1713),(8015,1714),(8015,1716),(8015,1724),(8015,1726),(8015,1727),(8015,1728),(8015,1729),(8015,1741),(8015,1746),(8015,1749),(8015,1751),(8015,1752),(8015,1757),(8015,1760),(8015,1764),(8015,1767),(8015,1768),(8015,1770),(8015,1771),(8015,1773),(8015,1774),(8015,1775),(8015,1778),(8015,1786),(8015,1794),(8015,1797),(8015,1799),(8015,1811),(8015,1813),(8015,1816),(8015,1818),(8015,1819),(8015,1820),(8015,1825),(8015,1831),(8015,1833),(8015,1843),(8015,1847),(8015,1857),(8015,1866),(8015,1867),(8015,1868),(8015,1872),(8015,1874),(8015,1878),(8015,1884),(8015,1885),(8015,1889),(8015,1897),(8015,1913),(8015,1916),(8015,1922),(8015,1927),(8015,1928),(8015,1929),(8015,1930),(8015,1931),(8015,1935),(8015,1936),(8015,1937),(8015,1948),(8015,1949),(8015,1953),(8015,1956),(8015,1972),(8015,1975),(8015,1979),(8015,1980),(8015,1986),(8015,1988),(8016,1000),(8016,1011),(8016,1016),(8016,1021),(8016,1023),(8016,1027),(8016,1028),(8016,1041),(8016,1051),(8016,1057),(8016,1058),(8016,1061),(8016,1062),(8016,1071),(8016,1072),(8016,1073),(8016,1084),(8016,1085),(8016,1087),(8016,1092),(8016,1116),(8016,1120),(8016,1124),(8016,1125),(8016,1137),(8016,1140),(8016,1166),(8016,1168),(8016,1171),(8016,1174),(8016,1175),(8016,1178),(8016,1179),(8016,1182),(8016,1183),(8016,1184),(8016,1185),(8016,1186),(8016,1201),(8016,1203),(8016,1215),(8016,1220),(8016,1222),(8016,1229),(8016,1230),(8016,1233),(8016,1237),(8016,1239),(8016,1242),(8016,1250),(8016,1253),(8016,1254),(8016,1256),(8016,1259),(8016,1260),(8016,1263),(8016,1270),(8016,1273),(8016,1276),(8016,1284),(8016,1294),(8016,1300),(8016,1313),(8016,1315),(8016,1325),(8016,1331),(8016,1336),(8016,1338),(8016,1340),(8016,1350),(8016,1359),(8016,1365),(8016,1367),(8016,1369),(8016,1381),(8016,1384),(8016,1388),(8016,1394),(8016,1401),(8016,1402),(8016,1405),(8016,1408),(8016,1410),(8016,1420),(8016,1427),(8016,1430),(8016,1432),(8016,1435),(8016,1437),(8016,1440),(8016,1459),(8016,1460),(8016,1470),(8016,1473),(8016,1484),(8016,1494),(8016,1496),(8016,1497),(8016,1506),(8016,1508),(8016,1511),(8016,1513),(8016,1519),(8016,1521),(8016,1525),(8016,1530),(8016,1533),(8016,1534),(8016,1540),(8016,1545),(8016,1546),(8016,1557),(8016,1563),(8016,1578),(8016,1579),(8016,1583),(8016,1592),(8016,1593),(8016,1597),(8016,1600),(8016,1601),(8016,1602),(8016,1603),(8016,1606),(8016,1608),(8016,1611),(8016,1619),(8016,1624),(8016,1625),(8016,1626),(8016,1630),(8016,1634),(8016,1637),(8016,1638),(8016,1639),(8016,1651),(8016,1656),(8016,1662),(8016,1666),(8016,1676),(8016,1681),(8016,1682),(8016,1685),(8016,1697),(8016,1702),(8016,1704),(8016,1705),(8016,1708),(8016,1709),(8016,1727),(8016,1728),(8016,1730),(8016,1731),(8016,1747),(8016,1748),(8016,1750),(8016,1753),(8016,1754),(8016,1762),(8016,1769),(8016,1774),(8016,1784),(8016,1785),(8016,1789),(8016,1797),(8016,1806),(8016,1807),(8016,1808),(8016,1812),(8016,1824),(8016,1827),(8016,1830),(8016,1833),(8016,1838),(8016,1844),(8016,1846),(8016,1847),(8016,1853),(8016,1859),(8016,1860),(8016,1882),(8016,1887),(8016,1893),(8016,1894),(8016,1896),(8016,1899),(8016,1901),(8016,1910),(8016,1911),(8016,1927),(8016,1929),(8016,1933),(8016,1937),(8016,1952),(8016,1966),(8016,1970),(8016,1976),(8016,1979),(8016,1983),(8016,1985),(8016,1988),(8016,1989),(8017,1000),(8017,1004),(8017,1033),(8017,1038),(8017,1041),(8017,1048),(8017,1056),(8017,1059),(8017,1060),(8017,1066),(8017,1071),(8017,1072),(8017,1077),(8017,1081),(8017,1084),(8017,1087),(8017,1090),(8017,1098),(8017,1102),(8017,1107),(8017,1111),(8017,1112),(8017,1114),(8017,1115),(8017,1125),(8017,1128),(8017,1130),(8017,1151),(8017,1157),(8017,1158),(8017,1159),(8017,1162),(8017,1177),(8017,1180),(8017,1186),(8017,1188),(8017,1189),(8017,1195),(8017,1197),(8017,1198),(8017,1199),(8017,1201),(8017,1202),(8017,1203),(8017,1204),(8017,1223),(8017,1232),(8017,1233),(8017,1262),(8017,1264),(8017,1269),(8017,1273),(8017,1284),(8017,1286),(8017,1290),(8017,1294),(8017,1296),(8017,1297),(8017,1301),(8017,1306),(8017,1310),(8017,1311),(8017,1315),(8017,1316),(8017,1326),(8017,1329),(8017,1330),(8017,1333),(8017,1335),(8017,1347),(8017,1363),(8017,1372),(8017,1382),(8017,1384),(8017,1385),(8017,1388),(8017,1397),(8017,1400),(8017,1404),(8017,1407),(8017,1410),(8017,1414),(8017,1415),(8017,1418),(8017,1421),(8017,1423),(8017,1432),(8017,1435),(8017,1436),(8017,1442),(8017,1446),(8017,1450),(8017,1453),(8017,1456),(8017,1460),(8017,1461),(8017,1462),(8017,1464),(8017,1473),(8017,1475),(8017,1479),(8017,1483),(8017,1493),(8017,1494),(8017,1500),(8017,1506),(8017,1508),(8017,1515),(8017,1517),(8017,1520),(8017,1522),(8017,1528),(8017,1532),(8017,1540),(8017,1541),(8017,1544),(8017,1549),(8017,1550),(8017,1556),(8017,1560),(8017,1565),(8017,1567),(8017,1569),(8017,1575),(8017,1581),(8017,1585),(8017,1591),(8017,1595),(8017,1596),(8017,1599),(8017,1601),(8017,1603),(8017,1607),(8017,1608),(8017,1609),(8017,1616),(8017,1625),(8017,1627),(8017,1639),(8017,1640),(8017,1641),(8017,1643),(8017,1646),(8017,1648),(8017,1649),(8017,1651),(8017,1652),(8017,1659),(8017,1671),(8017,1673),(8017,1675),(8017,1685),(8017,1688),(8017,1691),(8017,1696),(8017,1702),(8017,1705),(8017,1709),(8017,1714),(8017,1726),(8017,1730),(8017,1733),(8017,1744),(8017,1747),(8017,1750),(8017,1771),(8017,1787),(8017,1788),(8017,1789),(8017,1792),(8017,1797),(8017,1803),(8017,1805),(8017,1809),(8017,1810),(8017,1816),(8017,1831),(8017,1832),(8017,1835),(8017,1836),(8017,1838),(8017,1844),(8017,1861),(8017,1866),(8017,1867),(8017,1883),(8017,1885),(8017,1890),(8017,1899),(8017,1908),(8017,1914),(8017,1917),(8017,1918),(8017,1922),(8017,1924),(8017,1926),(8017,1928),(8017,1933),(8017,1946),(8017,1951),(8017,1960),(8017,1962),(8017,1976),(8017,1981),(8017,1982),(8017,1984),(8018,1015),(8018,1019),(8018,1020),(8018,1021),(8018,1022),(8018,1031),(8018,1033),(8018,1039),(8018,1046),(8018,1048),(8018,1054),(8018,1055),(8018,1073),(8018,1074),(8018,1094),(8018,1101),(8018,1103),(8018,1104),(8018,1109),(8018,1116),(8018,1121),(8018,1127),(8018,1129),(8018,1131),(8018,1132),(8018,1141),(8018,1144),(8018,1150),(8018,1152),(8018,1153),(8018,1160),(8018,1161),(8018,1170),(8018,1173),(8018,1176),(8018,1177),(8018,1186),(8018,1193),(8018,1194),(8018,1200),(8018,1201),(8018,1202),(8018,1207),(8018,1209),(8018,1211),(8018,1217),(8018,1221),(8018,1222),(8018,1236),(8018,1241),(8018,1250),(8018,1261),(8018,1263),(8018,1269),(8018,1273),(8018,1278),(8018,1283),(8018,1290),(8018,1295),(8018,1296),(8018,1301),(8018,1308),(8018,1324),(8018,1328),(8018,1337),(8018,1338),(8018,1340),(8018,1341),(8018,1343),(8018,1347),(8018,1353),(8018,1369),(8018,1375),(8018,1378),(8018,1383),(8018,1398),(8018,1402),(8018,1408),(8018,1409),(8018,1419),(8018,1422),(8018,1427),(8018,1443),(8018,1444),(8018,1446),(8018,1451),(8018,1454),(8018,1458),(8018,1478),(8018,1482),(8018,1488),(8018,1491),(8018,1500),(8018,1501),(8018,1504),(8018,1513),(8018,1515),(8018,1516),(8018,1517),(8018,1530),(8018,1534),(8018,1546),(8018,1552),(8018,1554),(8018,1559),(8018,1561),(8018,1583),(8018,1589),(8018,1592),(8018,1593),(8018,1594),(8018,1600),(8018,1601),(8018,1604),(8018,1611),(8018,1615),(8018,1616),(8018,1620),(8018,1624),(8018,1635),(8018,1639),(8018,1662),(8018,1663),(8018,1664),(8018,1665),(8018,1680),(8018,1691),(8018,1698),(8018,1709),(8018,1710),(8018,1712),(8018,1714),(8018,1729),(8018,1733),(8018,1745),(8018,1748),(8018,1749),(8018,1757),(8018,1758),(8018,1763),(8018,1764),(8018,1766),(8018,1769),(8018,1770),(8018,1771),(8018,1772),(8018,1776),(8018,1777),(8018,1778),(8018,1779),(8018,1781),(8018,1786),(8018,1793),(8018,1799),(8018,1804),(8018,1814),(8018,1817),(8018,1825),(8018,1827),(8018,1830),(8018,1831),(8018,1836),(8018,1841),(8018,1847),(8018,1853),(8018,1870),(8018,1882),(8018,1902),(8018,1906),(8018,1912),(8018,1923),(8018,1925),(8018,1935),(8018,1936),(8018,1940),(8018,1951),(8018,1958),(8018,1971),(8018,1976),(8018,1982),(8018,1989),(8019,1000),(8019,1003),(8019,1008),(8019,1013),(8019,1038),(8019,1039),(8019,1048),(8019,1049),(8019,1050),(8019,1051),(8019,1055),(8019,1068),(8019,1075),(8019,1076),(8019,1078),(8019,1089),(8019,1096),(8019,1104),(8019,1111),(8019,1114),(8019,1116),(8019,1118),(8019,1121),(8019,1124),(8019,1125),(8019,1127),(8019,1131),(8019,1134),(8019,1142),(8019,1145),(8019,1147),(8019,1149),(8019,1161),(8019,1166),(8019,1173),(8019,1179),(8019,1191),(8019,1192),(8019,1193),(8019,1195),(8019,1197),(8019,1198),(8019,1200),(8019,1201),(8019,1203),(8019,1208),(8019,1215),(8019,1222),(8019,1227),(8019,1232),(8019,1235),(8019,1236),(8019,1237),(8019,1247),(8019,1250),(8019,1251),(8019,1258),(8019,1269),(8019,1272),(8019,1273),(8019,1276),(8019,1278),(8019,1293),(8019,1294),(8019,1300),(8019,1302),(8019,1306),(8019,1315),(8019,1319),(8019,1321),(8019,1327),(8019,1328),(8019,1336),(8019,1338),(8019,1339),(8019,1348),(8019,1355),(8019,1356),(8019,1357),(8019,1358),(8019,1360),(8019,1365),(8019,1366),(8019,1381),(8019,1382),(8019,1385),(8019,1388),(8019,1399),(8019,1404),(8019,1405),(8019,1418),(8019,1424),(8019,1432),(8019,1433),(8019,1442),(8019,1447),(8019,1449),(8019,1450),(8019,1455),(8019,1458),(8019,1465),(8019,1474),(8019,1486),(8019,1488),(8019,1492),(8019,1495),(8019,1496),(8019,1500),(8019,1502),(8019,1503),(8019,1505),(8019,1513),(8019,1515),(8019,1520),(8019,1521),(8019,1525),(8019,1526),(8019,1539),(8019,1541),(8019,1544),(8019,1546),(8019,1550),(8019,1551),(8019,1552),(8019,1560),(8019,1561),(8019,1570),(8019,1574),(8019,1575),(8019,1579),(8019,1585),(8019,1594),(8019,1609),(8019,1613),(8019,1616),(8019,1617),(8019,1622),(8019,1630),(8019,1637),(8019,1641),(8019,1642),(8019,1643),(8019,1654),(8019,1657),(8019,1659),(8019,1668),(8019,1671),(8019,1673),(8019,1674),(8019,1695),(8019,1700),(8019,1702),(8019,1712),(8019,1719),(8019,1725),(8019,1731),(8019,1735),(8019,1739),(8019,1742),(8019,1747),(8019,1751),(8019,1761),(8019,1774),(8019,1792),(8019,1793),(8019,1807),(8019,1814),(8019,1818),(8019,1820),(8019,1824),(8019,1829),(8019,1834),(8019,1836),(8019,1839),(8019,1842),(8019,1844),(8019,1850),(8019,1853),(8019,1855),(8019,1860),(8019,1864),(8019,1873),(8019,1878),(8019,1882),(8019,1885),(8019,1887),(8019,1889),(8019,1892),(8019,1893),(8019,1898),(8019,1900),(8019,1901),(8019,1904),(8019,1910),(8019,1915),(8019,1929),(8019,1931),(8019,1939),(8019,1943),(8019,1948),(8019,1954),(8019,1963),(8019,1964),(8019,1966),(8019,1967),(8019,1972),(8019,1980),(8019,1985),(8019,1992),(8019,1993),(8020,1000),(8020,1002),(8020,1005),(8020,1019),(8020,1021),(8020,1027),(8020,1028),(8020,1041),(8020,1047),(8020,1057),(8020,1064),(8020,1073),(8020,1080),(8020,1093),(8020,1098),(8020,1100),(8020,1102),(8020,1104),(8020,1107),(8020,1108),(8020,1115),(8020,1118),(8020,1122),(8020,1124),(8020,1127),(8020,1135),(8020,1136),(8020,1138),(8020,1143),(8020,1156),(8020,1158),(8020,1170),(8020,1171),(8020,1178),(8020,1186),(8020,1193),(8020,1194),(8020,1197),(8020,1205),(8020,1208),(8020,1211),(8020,1217),(8020,1219),(8020,1221),(8020,1226),(8020,1239),(8020,1240),(8020,1244),(8020,1246),(8020,1248),(8020,1251),(8020,1252),(8020,1256),(8020,1260),(8020,1261),(8020,1263),(8020,1268),(8020,1269),(8020,1271),(8020,1288),(8020,1293),(8020,1296),(8020,1297),(8020,1305),(8020,1308),(8020,1331),(8020,1338),(8020,1343),(8020,1349),(8020,1350),(8020,1360),(8020,1366),(8020,1370),(8020,1374),(8020,1378),(8020,1380),(8020,1381),(8020,1392),(8020,1402),(8020,1414),(8020,1416),(8020,1418),(8020,1420),(8020,1422),(8020,1430),(8020,1433),(8020,1435),(8020,1453),(8020,1464),(8020,1467),(8020,1488),(8020,1490),(8020,1497),(8020,1505),(8020,1508),(8020,1515),(8020,1523),(8020,1527),(8020,1532),(8020,1533),(8020,1536),(8020,1538),(8020,1551),(8020,1557),(8020,1563),(8020,1564),(8020,1572),(8020,1581),(8020,1588),(8020,1591),(8020,1600),(8020,1601),(8020,1607),(8020,1613),(8020,1619),(8020,1620),(8020,1623),(8020,1625),(8020,1639),(8020,1645),(8020,1646),(8020,1647),(8020,1648),(8020,1649),(8020,1656),(8020,1660),(8020,1666),(8020,1673),(8020,1676),(8020,1702),(8020,1704),(8020,1719),(8020,1721),(8020,1730),(8020,1736),(8020,1737),(8020,1741),(8020,1742),(8020,1743),(8020,1760),(8020,1761),(8020,1763),(8020,1768),(8020,1770),(8020,1771),(8020,1776),(8020,1780),(8020,1793),(8020,1796),(8020,1807),(8020,1811),(8020,1812),(8020,1815),(8020,1821),(8020,1830),(8020,1831),(8020,1833),(8020,1839),(8020,1849),(8020,1851),(8020,1852),(8020,1853),(8020,1854),(8020,1863),(8020,1867),(8020,1870),(8020,1875),(8020,1882),(8020,1883),(8020,1885),(8020,1889),(8020,1890),(8020,1893),(8020,1896),(8020,1903),(8020,1912),(8020,1916),(8020,1922),(8020,1924),(8020,1925),(8020,1932),(8020,1933),(8020,1937),(8020,1944),(8020,1949),(8020,1951),(8020,1955),(8020,1971),(8020,1973),(8020,1975),(8020,1977),(8020,1982),(8020,1985),(8020,1989),(8020,1996),(8020,1997),(8020,1998),(8021,1001),(8021,1003),(8021,1005),(8021,1010),(8021,1015),(8021,1022),(8021,1023),(8021,1029),(8021,1033),(8021,1037),(8021,1039),(8021,1047),(8021,1049),(8021,1051),(8021,1052),(8021,1056),(8021,1060),(8021,1064),(8021,1068),(8021,1069),(8021,1071),(8021,1074),(8021,1081),(8021,1084),(8021,1095),(8021,1103),(8021,1109),(8021,1111),(8021,1116),(8021,1117),(8021,1121),(8021,1125),(8021,1127),(8021,1128),(8021,1131),(8021,1132),(8021,1133),(8021,1135),(8021,1140),(8021,1153),(8021,1159),(8021,1162),(8021,1166),(8021,1167),(8021,1171),(8021,1188),(8021,1189),(8021,1194),(8021,1195),(8021,1196),(8021,1199),(8021,1200),(8021,1201),(8021,1206),(8021,1212),(8021,1215),(8021,1219),(8021,1220),(8021,1227),(8021,1237),(8021,1247),(8021,1249),(8021,1260),(8021,1269),(8021,1276),(8021,1277),(8021,1281),(8021,1283),(8021,1291),(8021,1292),(8021,1293),(8021,1303),(8021,1312),(8021,1316),(8021,1321),(8021,1328),(8021,1332),(8021,1333),(8021,1340),(8021,1352),(8021,1357),(8021,1359),(8021,1363),(8021,1369),(8021,1372),(8021,1373),(8021,1376),(8021,1380),(8021,1396),(8021,1402),(8021,1404),(8021,1405),(8021,1408),(8021,1409),(8021,1414),(8021,1415),(8021,1426),(8021,1430),(8021,1436),(8021,1439),(8021,1446),(8021,1454),(8021,1457),(8021,1472),(8021,1477),(8021,1481),(8021,1483),(8021,1484),(8021,1487),(8021,1489),(8021,1493),(8021,1494),(8021,1502),(8021,1506),(8021,1507),(8021,1512),(8021,1517),(8021,1525),(8021,1526),(8021,1540),(8021,1547),(8021,1559),(8021,1564),(8021,1586),(8021,1594),(8021,1608),(8021,1612),(8021,1613),(8021,1618),(8021,1625),(8021,1633),(8021,1636),(8021,1640),(8021,1644),(8021,1651),(8021,1654),(8021,1656),(8021,1661),(8021,1662),(8021,1673),(8021,1676),(8021,1679),(8021,1681),(8021,1685),(8021,1686),(8021,1688),(8021,1699),(8021,1708),(8021,1711),(8021,1716),(8021,1727),(8021,1730),(8021,1737),(8021,1738),(8021,1740),(8021,1751),(8021,1754),(8021,1759),(8021,1769),(8021,1778),(8021,1784),(8021,1788),(8021,1791),(8021,1795),(8021,1798),(8021,1811),(8021,1815),(8021,1826),(8021,1827),(8021,1834),(8021,1837),(8021,1839),(8021,1847),(8021,1853),(8021,1857),(8021,1862),(8021,1875),(8021,1877),(8021,1881),(8021,1883),(8021,1884),(8021,1886),(8021,1892),(8021,1899),(8021,1903),(8021,1904),(8021,1905),(8021,1909),(8021,1910),(8021,1913),(8021,1918),(8021,1941),(8021,1943),(8021,1944),(8021,1951),(8021,1953),(8021,1954),(8021,1956),(8021,1959),(8021,1969),(8021,1972),(8021,1977),(8021,1978),(8021,1979),(8021,1980),(8021,1987),(8021,1998),(8022,1006),(8022,1009),(8022,1011),(8022,1019),(8022,1020),(8022,1021),(8022,1022),(8022,1029),(8022,1036),(8022,1043),(8022,1050),(8022,1058),(8022,1060),(8022,1064),(8022,1071),(8022,1079),(8022,1084),(8022,1110),(8022,1116),(8022,1123),(8022,1124),(8022,1129),(8022,1137),(8022,1140),(8022,1141),(8022,1144),(8022,1145),(8022,1150),(8022,1155),(8022,1158),(8022,1161),(8022,1163),(8022,1172),(8022,1174),(8022,1177),(8022,1180),(8022,1184),(8022,1191),(8022,1200),(8022,1201),(8022,1204),(8022,1208),(8022,1212),(8022,1214),(8022,1221),(8022,1233),(8022,1241),(8022,1242),(8022,1249),(8022,1254),(8022,1256),(8022,1265),(8022,1271),(8022,1275),(8022,1282),(8022,1291),(8022,1296),(8022,1298),(8022,1299),(8022,1305),(8022,1309),(8022,1311),(8022,1317),(8022,1321),(8022,1327),(8022,1332),(8022,1334),(8022,1337),(8022,1341),(8022,1347),(8022,1360),(8022,1364),(8022,1369),(8022,1372),(8022,1374),(8022,1380),(8022,1385),(8022,1388),(8022,1395),(8022,1402),(8022,1403),(8022,1406),(8022,1408),(8022,1409),(8022,1412),(8022,1415),(8022,1419),(8022,1422),(8022,1426),(8022,1431),(8022,1440),(8022,1445),(8022,1450),(8022,1451),(8022,1453),(8022,1454),(8022,1458),(8022,1462),(8022,1463),(8022,1467),(8022,1470),(8022,1471),(8022,1475),(8022,1486),(8022,1487),(8022,1488),(8022,1491),(8022,1492),(8022,1493),(8022,1504),(8022,1510),(8022,1511),(8022,1515),(8022,1521),(8022,1523),(8022,1540),(8022,1547),(8022,1551),(8022,1552),(8022,1562),(8022,1567),(8022,1570),(8022,1588),(8022,1593),(8022,1596),(8022,1617),(8022,1621),(8022,1624),(8022,1625),(8022,1626),(8022,1635),(8022,1636),(8022,1651),(8022,1655),(8022,1660),(8022,1665),(8022,1666),(8022,1668),(8022,1669),(8022,1670),(8022,1680),(8022,1693),(8022,1698),(8022,1700),(8022,1701),(8022,1707),(8022,1710),(8022,1715),(8022,1718),(8022,1719),(8022,1721),(8022,1740),(8022,1743),(8022,1746),(8022,1750),(8022,1754),(8022,1756),(8022,1760),(8022,1767),(8022,1780),(8022,1785),(8022,1792),(8022,1809),(8022,1813),(8022,1815),(8022,1819),(8022,1821),(8022,1832),(8022,1835),(8022,1841),(8022,1879),(8022,1881),(8022,1883),(8022,1889),(8022,1894),(8022,1897),(8022,1903),(8022,1907),(8022,1908),(8022,1914),(8022,1918),(8022,1920),(8022,1923),(8022,1924),(8022,1927),(8022,1934),(8022,1937),(8022,1940),(8022,1943),(8022,1950),(8022,1955),(8022,1958),(8022,1959),(8022,1966),(8022,1967),(8022,1970),(8022,1975),(8022,1977),(8022,1987),(8022,1996),(8023,1000),(8023,1006),(8023,1008),(8023,1010),(8023,1017),(8023,1019),(8023,1021),(8023,1022),(8023,1034),(8023,1039),(8023,1045),(8023,1046),(8023,1047),(8023,1052),(8023,1053),(8023,1055),(8023,1057),(8023,1058),(8023,1060),(8023,1063),(8023,1065),(8023,1077),(8023,1088),(8023,1090),(8023,1094),(8023,1098),(8023,1113),(8023,1117),(8023,1118),(8023,1119),(8023,1120),(8023,1125),(8023,1129),(8023,1146),(8023,1153),(8023,1164),(8023,1166),(8023,1170),(8023,1174),(8023,1178),(8023,1186),(8023,1209),(8023,1212),(8023,1214),(8023,1220),(8023,1221),(8023,1226),(8023,1232),(8023,1233),(8023,1236),(8023,1248),(8023,1263),(8023,1265),(8023,1270),(8023,1275),(8023,1283),(8023,1284),(8023,1285),(8023,1297),(8023,1302),(8023,1303),(8023,1310),(8023,1320),(8023,1324),(8023,1328),(8023,1330),(8023,1332),(8023,1334),(8023,1336),(8023,1337),(8023,1339),(8023,1340),(8023,1348),(8023,1355),(8023,1361),(8023,1362),(8023,1387),(8023,1388),(8023,1397),(8023,1398),(8023,1406),(8023,1417),(8023,1418),(8023,1420),(8023,1423),(8023,1425),(8023,1427),(8023,1429),(8023,1431),(8023,1435),(8023,1446),(8023,1452),(8023,1453),(8023,1462),(8023,1465),(8023,1470),(8023,1477),(8023,1480),(8023,1481),(8023,1485),(8023,1487),(8023,1492),(8023,1499),(8023,1501),(8023,1504),(8023,1505),(8023,1507),(8023,1512),(8023,1541),(8023,1549),(8023,1555),(8023,1581),(8023,1583),(8023,1589),(8023,1590),(8023,1591),(8023,1592),(8023,1595),(8023,1603),(8023,1604),(8023,1611),(8023,1615),(8023,1619),(8023,1623),(8023,1635),(8023,1645),(8023,1649),(8023,1662),(8023,1666),(8023,1671),(8023,1673),(8023,1679),(8023,1680),(8023,1681),(8023,1682),(8023,1685),(8023,1686),(8023,1693),(8023,1698),(8023,1702),(8023,1703),(8023,1705),(8023,1707),(8023,1709),(8023,1712),(8023,1714),(8023,1720),(8023,1724),(8023,1732),(8023,1736),(8023,1750),(8023,1753),(8023,1760),(8023,1762),(8023,1763),(8023,1773),(8023,1774),(8023,1775),(8023,1776),(8023,1777),(8023,1784),(8023,1791),(8023,1799),(8023,1800),(8023,1803),(8023,1804),(8023,1809),(8023,1815),(8023,1821),(8023,1823),(8023,1826),(8023,1830),(8023,1837),(8023,1842),(8023,1847),(8023,1854),(8023,1857),(8023,1862),(8023,1863),(8023,1868),(8023,1869),(8023,1870),(8023,1875),(8023,1879),(8023,1880),(8023,1884),(8023,1891),(8023,1896),(8023,1897),(8023,1900),(8023,1907),(8023,1911),(8023,1923),(8023,1931),(8023,1936),(8023,1938),(8023,1939),(8023,1942),(8023,1957),(8023,1961),(8023,1969),(8023,1976),(8023,1991),(8024,1002),(8024,1004),(8024,1006),(8024,1008),(8024,1016),(8024,1024),(8024,1026),(8024,1029),(8024,1030),(8024,1035),(8024,1036),(8024,1037),(8024,1044),(8024,1049),(8024,1055),(8024,1059),(8024,1063),(8024,1064),(8024,1071),(8024,1075),(8024,1103),(8024,1104),(8024,1106),(8024,1110),(8024,1111),(8024,1113),(8024,1118),(8024,1125),(8024,1126),(8024,1127),(8024,1128),(8024,1136),(8024,1145),(8024,1148),(8024,1157),(8024,1163),(8024,1167),(8024,1172),(8024,1174),(8024,1175),(8024,1177),(8024,1180),(8024,1184),(8024,1188),(8024,1190),(8024,1191),(8024,1199),(8024,1201),(8024,1202),(8024,1210),(8024,1216),(8024,1219),(8024,1225),(8024,1226),(8024,1234),(8024,1237),(8024,1241),(8024,1243),(8024,1246),(8024,1250),(8024,1255),(8024,1258),(8024,1274),(8024,1277),(8024,1279),(8024,1281),(8024,1285),(8024,1289),(8024,1292),(8024,1293),(8024,1297),(8024,1303),(8024,1309),(8024,1314),(8024,1316),(8024,1317),(8024,1319),(8024,1330),(8024,1332),(8024,1333),(8024,1346),(8024,1350),(8024,1359),(8024,1363),(8024,1364),(8024,1371),(8024,1375),(8024,1386),(8024,1391),(8024,1394),(8024,1399),(8024,1401),(8024,1403),(8024,1404),(8024,1413),(8024,1419),(8024,1426),(8024,1428),(8024,1430),(8024,1444),(8024,1446),(8024,1464),(8024,1467),(8024,1469),(8024,1472),(8024,1480),(8024,1488),(8024,1489),(8024,1494),(8024,1498),(8024,1499),(8024,1501),(8024,1514),(8024,1515),(8024,1516),(8024,1522),(8024,1527),(8024,1536),(8024,1542),(8024,1543),(8024,1560),(8024,1566),(8024,1567),(8024,1569),(8024,1581),(8024,1583),(8024,1584),(8024,1587),(8024,1602),(8024,1604),(8024,1606),(8024,1614),(8024,1615),(8024,1624),(8024,1632),(8024,1640),(8024,1641),(8024,1644),(8024,1646),(8024,1648),(8024,1649),(8024,1651),(8024,1652),(8024,1661),(8024,1666),(8024,1672),(8024,1673),(8024,1701),(8024,1702),(8024,1704),(8024,1705),(8024,1707),(8024,1715),(8024,1720),(8024,1723),(8024,1728),(8024,1733),(8024,1736),(8024,1738),(8024,1741),(8024,1750),(8024,1752),(8024,1758),(8024,1762),(8024,1768),(8024,1770),(8024,1771),(8024,1775),(8024,1777),(8024,1779),(8024,1784),(8024,1785),(8024,1789),(8024,1792),(8024,1793),(8024,1797),(8024,1801),(8024,1806),(8024,1808),(8024,1818),(8024,1824),(8024,1828),(8024,1830),(8024,1833),(8024,1835),(8024,1841),(8024,1852),(8024,1855),(8024,1865),(8024,1870),(8024,1871),(8024,1872),(8024,1876),(8024,1886),(8024,1888),(8024,1889),(8024,1891),(8024,1899),(8024,1907),(8024,1908),(8024,1909),(8024,1910),(8024,1911),(8024,1912),(8024,1916),(8024,1917),(8024,1921),(8024,1922),(8024,1924),(8024,1926),(8024,1932),(8024,1937),(8024,1948),(8024,1949),(8024,1958),(8024,1961),(8024,1978),(8024,1983),(8024,1984),(8025,1002),(8025,1003),(8025,1018),(8025,1019),(8025,1041),(8025,1044),(8025,1045),(8025,1056),(8025,1058),(8025,1061),(8025,1065),(8025,1068),(8025,1069),(8025,1077),(8025,1078),(8025,1082),(8025,1086),(8025,1090),(8025,1097),(8025,1099),(8025,1105),(8025,1107),(8025,1108),(8025,1110),(8025,1122),(8025,1139),(8025,1145),(8025,1146),(8025,1148),(8025,1156),(8025,1163),(8025,1168),(8025,1173),(8025,1175),(8025,1179),(8025,1186),(8025,1192),(8025,1200),(8025,1205),(8025,1210),(8025,1214),(8025,1219),(8025,1227),(8025,1228),(8025,1243),(8025,1248),(8025,1255),(8025,1257),(8025,1263),(8025,1270),(8025,1279),(8025,1288),(8025,1298),(8025,1300),(8025,1328),(8025,1330),(8025,1332),(8025,1341),(8025,1347),(8025,1349),(8025,1355),(8025,1361),(8025,1364),(8025,1373),(8025,1375),(8025,1377),(8025,1378),(8025,1382),(8025,1394),(8025,1405),(8025,1409),(8025,1410),(8025,1413),(8025,1419),(8025,1421),(8025,1424),(8025,1427),(8025,1434),(8025,1441),(8025,1452),(8025,1453),(8025,1454),(8025,1457),(8025,1459),(8025,1460),(8025,1463),(8025,1472),(8025,1483),(8025,1488),(8025,1491),(8025,1492),(8025,1501),(8025,1503),(8025,1510),(8025,1511),(8025,1513),(8025,1520),(8025,1525),(8025,1528),(8025,1529),(8025,1532),(8025,1533),(8025,1535),(8025,1536),(8025,1544),(8025,1545),(8025,1548),(8025,1549),(8025,1562),(8025,1567),(8025,1579),(8025,1581),(8025,1587),(8025,1588),(8025,1603),(8025,1608),(8025,1610),(8025,1611),(8025,1614),(8025,1616),(8025,1617),(8025,1624),(8025,1628),(8025,1636),(8025,1646),(8025,1651),(8025,1661),(8025,1663),(8025,1668),(8025,1675),(8025,1680),(8025,1695),(8025,1696),(8025,1710),(8025,1715),(8025,1718),(8025,1736),(8025,1738),(8025,1741),(8025,1754),(8025,1755),(8025,1759),(8025,1765),(8025,1781),(8025,1786),(8025,1787),(8025,1788),(8025,1797),(8025,1799),(8025,1800),(8025,1806),(8025,1809),(8025,1814),(8025,1815),(8025,1819),(8025,1822),(8025,1824),(8025,1825),(8025,1828),(8025,1832),(8025,1836),(8025,1837),(8025,1839),(8025,1845),(8025,1852),(8025,1859),(8025,1862),(8025,1863),(8025,1864),(8025,1869),(8025,1871),(8025,1873),(8025,1877),(8025,1889),(8025,1891),(8025,1893),(8025,1904),(8025,1907),(8025,1918),(8025,1921),(8025,1923),(8025,1927),(8025,1935),(8025,1958),(8025,1961),(8025,1963),(8025,1964),(8025,1967),(8025,1969),(8025,1980),(8025,1990),(8025,1993),(8025,1996),(8026,1001),(8026,1002),(8026,1003),(8026,1005),(8026,1014),(8026,1019),(8026,1023),(8026,1031),(8026,1044),(8026,1045),(8026,1049),(8026,1051),(8026,1057),(8026,1063),(8026,1073),(8026,1075),(8026,1081),(8026,1103),(8026,1104),(8026,1107),(8026,1113),(8026,1117),(8026,1120),(8026,1121),(8026,1124),(8026,1130),(8026,1133),(8026,1147),(8026,1153),(8026,1165),(8026,1178),(8026,1183),(8026,1186),(8026,1187),(8026,1208),(8026,1217),(8026,1224),(8026,1228),(8026,1229),(8026,1233),(8026,1237),(8026,1239),(8026,1246),(8026,1251),(8026,1252),(8026,1255),(8026,1256),(8026,1257),(8026,1265),(8026,1275),(8026,1280),(8026,1282),(8026,1289),(8026,1296),(8026,1302),(8026,1310),(8026,1311),(8026,1322),(8026,1329),(8026,1345),(8026,1357),(8026,1358),(8026,1367),(8026,1369),(8026,1370),(8026,1373),(8026,1374),(8026,1378),(8026,1382),(8026,1387),(8026,1391),(8026,1392),(8026,1401),(8026,1405),(8026,1407),(8026,1409),(8026,1417),(8026,1418),(8026,1419),(8026,1430),(8026,1435),(8026,1449),(8026,1455),(8026,1456),(8026,1461),(8026,1467),(8026,1476),(8026,1485),(8026,1493),(8026,1501),(8026,1512),(8026,1523),(8026,1531),(8026,1533),(8026,1537),(8026,1540),(8026,1543),(8026,1554),(8026,1566),(8026,1572),(8026,1575),(8026,1578),(8026,1579),(8026,1587),(8026,1591),(8026,1592),(8026,1593),(8026,1602),(8026,1603),(8026,1604),(8026,1611),(8026,1613),(8026,1630),(8026,1641),(8026,1644),(8026,1648),(8026,1650),(8026,1653),(8026,1659),(8026,1667),(8026,1680),(8026,1684),(8026,1692),(8026,1694),(8026,1700),(8026,1703),(8026,1705),(8026,1706),(8026,1709),(8026,1717),(8026,1720),(8026,1721),(8026,1722),(8026,1728),(8026,1738),(8026,1746),(8026,1753),(8026,1759),(8026,1769),(8026,1770),(8026,1774),(8026,1778),(8026,1784),(8026,1789),(8026,1797),(8026,1800),(8026,1811),(8026,1821),(8026,1822),(8026,1823),(8026,1826),(8026,1829),(8026,1833),(8026,1836),(8026,1840),(8026,1842),(8026,1845),(8026,1848),(8026,1853),(8026,1856),(8026,1861),(8026,1865),(8026,1867),(8026,1869),(8026,1870),(8026,1873),(8026,1874),(8026,1876),(8026,1877),(8026,1889),(8026,1897),(8026,1900),(8026,1903),(8026,1905),(8026,1909),(8026,1913),(8026,1914),(8026,1916),(8026,1924),(8026,1927),(8026,1929),(8026,1932),(8026,1935),(8026,1942),(8026,1943),(8026,1944),(8026,1956),(8026,1966),(8026,1976),(8026,1986),(8026,1988),(8026,1990),(8026,1993),(8027,1002),(8027,1006),(8027,1008),(8027,1009),(8027,1011),(8027,1013),(8027,1014),(8027,1021),(8027,1022),(8027,1034),(8027,1038),(8027,1040),(8027,1051),(8027,1061),(8027,1063),(8027,1071),(8027,1073),(8027,1078),(8027,1089),(8027,1092),(8027,1094),(8027,1097),(8027,1098),(8027,1100),(8027,1101),(8027,1110),(8027,1115),(8027,1118),(8027,1128),(8027,1137),(8027,1138),(8027,1142),(8027,1144),(8027,1150),(8027,1165),(8027,1166),(8027,1172),(8027,1173),(8027,1177),(8027,1180),(8027,1185),(8027,1188),(8027,1193),(8027,1195),(8027,1197),(8027,1201),(8027,1203),(8027,1208),(8027,1217),(8027,1218),(8027,1221),(8027,1239),(8027,1241),(8027,1242),(8027,1243),(8027,1246),(8027,1248),(8027,1249),(8027,1254),(8027,1255),(8027,1268),(8027,1281),(8027,1283),(8027,1288),(8027,1290),(8027,1293),(8027,1294),(8027,1295),(8027,1303),(8027,1315),(8027,1317),(8027,1320),(8027,1326),(8027,1344),(8027,1346),(8027,1347),(8027,1349),(8027,1368),(8027,1371),(8027,1378),(8027,1379),(8027,1381),(8027,1382),(8027,1386),(8027,1398),(8027,1401),(8027,1410),(8027,1411),(8027,1414),(8027,1416),(8027,1422),(8027,1426),(8027,1430),(8027,1440),(8027,1442),(8027,1447),(8027,1452),(8027,1454),(8027,1457),(8027,1460),(8027,1462),(8027,1471),(8027,1472),(8027,1476),(8027,1477),(8027,1479),(8027,1483),(8027,1489),(8027,1490),(8027,1502),(8027,1504),(8027,1512),(8027,1513),(8027,1523),(8027,1524),(8027,1528),(8027,1537),(8027,1538),(8027,1541),(8027,1556),(8027,1565),(8027,1569),(8027,1571),(8027,1579),(8027,1584),(8027,1593),(8027,1594),(8027,1600),(8027,1606),(8027,1613),(8027,1622),(8027,1628),(8027,1629),(8027,1658),(8027,1669),(8027,1673),(8027,1675),(8027,1677),(8027,1680),(8027,1685),(8027,1687),(8027,1693),(8027,1695),(8027,1701),(8027,1710),(8027,1712),(8027,1716),(8027,1720),(8027,1726),(8027,1747),(8027,1760),(8027,1761),(8027,1767),(8027,1771),(8027,1772),(8027,1778),(8027,1779),(8027,1790),(8027,1801),(8027,1805),(8027,1809),(8027,1811),(8027,1818),(8027,1819),(8027,1821),(8027,1824),(8027,1829),(8027,1835),(8027,1842),(8027,1850),(8027,1853),(8027,1855),(8027,1862),(8027,1864),(8027,1870),(8027,1874),(8027,1875),(8027,1880),(8027,1884),(8027,1908),(8027,1913),(8027,1917),(8027,1919),(8027,1920),(8027,1922),(8027,1927),(8027,1928),(8027,1929),(8027,1930),(8027,1933),(8027,1936),(8027,1938),(8027,1939),(8027,1941),(8027,1942),(8027,1943),(8027,1949),(8027,1968),(8027,1969),(8027,1971),(8027,1978),(8027,1980),(8027,1981),(8027,1984),(8027,1994),(8027,1998),(8028,1003),(8028,1008),(8028,1010),(8028,1011),(8028,1015),(8028,1016),(8028,1024),(8028,1033),(8028,1039),(8028,1040),(8028,1048),(8028,1057),(8028,1060),(8028,1066),(8028,1068),(8028,1069),(8028,1076),(8028,1077),(8028,1086),(8028,1092),(8028,1093),(8028,1107),(8028,1122),(8028,1133),(8028,1139),(8028,1142),(8028,1148),(8028,1149),(8028,1151),(8028,1161),(8028,1163),(8028,1164),(8028,1169),(8028,1182),(8028,1185),(8028,1187),(8028,1191),(8028,1197),(8028,1198),(8028,1200),(8028,1202),(8028,1203),(8028,1211),(8028,1218),(8028,1219),(8028,1227),(8028,1235),(8028,1243),(8028,1246),(8028,1247),(8028,1250),(8028,1256),(8028,1260),(8028,1266),(8028,1270),(8028,1286),(8028,1287),(8028,1288),(8028,1290),(8028,1298),(8028,1302),(8028,1313),(8028,1316),(8028,1322),(8028,1324),(8028,1325),(8028,1327),(8028,1332),(8028,1337),(8028,1344),(8028,1349),(8028,1363),(8028,1369),(8028,1373),(8028,1384),(8028,1386),(8028,1402),(8028,1411),(8028,1415),(8028,1417),(8028,1420),(8028,1422),(8028,1426),(8028,1428),(8028,1431),(8028,1436),(8028,1438),(8028,1446),(8028,1449),(8028,1462),(8028,1463),(8028,1465),(8028,1477),(8028,1488),(8028,1491),(8028,1497),(8028,1503),(8028,1507),(8028,1512),(8028,1514),(8028,1523),(8028,1531),(8028,1534),(8028,1538),(8028,1544),(8028,1550),(8028,1551),(8028,1559),(8028,1562),(8028,1569),(8028,1571),(8028,1574),(8028,1583),(8028,1586),(8028,1588),(8028,1595),(8028,1597),(8028,1605),(8028,1606),(8028,1608),(8028,1614),(8028,1617),(8028,1620),(8028,1625),(8028,1626),(8028,1627),(8028,1631),(8028,1642),(8028,1644),(8028,1648),(8028,1667),(8028,1675),(8028,1676),(8028,1682),(8028,1684),(8028,1685),(8028,1696),(8028,1700),(8028,1704),(8028,1707),(8028,1709),(8028,1728),(8028,1738),(8028,1739),(8028,1752),(8028,1753),(8028,1754),(8028,1755),(8028,1757),(8028,1764),(8028,1772),(8028,1773),(8028,1776),(8028,1778),(8028,1779),(8028,1794),(8028,1802),(8028,1807),(8028,1815),(8028,1819),(8028,1828),(8028,1833),(8028,1836),(8028,1839),(8028,1849),(8028,1854),(8028,1855),(8028,1859),(8028,1863),(8028,1868),(8028,1893),(8028,1898),(8028,1901),(8028,1916),(8028,1918),(8028,1920),(8028,1929),(8028,1930),(8028,1931),(8028,1933),(8028,1938),(8028,1939),(8028,1944),(8028,1952),(8028,1954),(8028,1956),(8028,1957),(8028,1961),(8028,1966),(8028,1970),(8028,1978),(8028,1982),(8028,1990),(8028,1996),(8029,1003),(8029,1007),(8029,1008),(8029,1009),(8029,1013),(8029,1027),(8029,1030),(8029,1042),(8029,1043),(8029,1046),(8029,1067),(8029,1069),(8029,1070),(8029,1071),(8029,1074),(8029,1078),(8029,1082),(8029,1090),(8029,1091),(8029,1093),(8029,1099),(8029,1106),(8029,1111),(8029,1116),(8029,1118),(8029,1119),(8029,1121),(8029,1122),(8029,1124),(8029,1125),(8029,1131),(8029,1137),(8029,1139),(8029,1141),(8029,1143),(8029,1169),(8029,1173),(8029,1175),(8029,1176),(8029,1183),(8029,1208),(8029,1211),(8029,1212),(8029,1215),(8029,1218),(8029,1222),(8029,1225),(8029,1235),(8029,1241),(8029,1243),(8029,1246),(8029,1252),(8029,1257),(8029,1268),(8029,1274),(8029,1277),(8029,1281),(8029,1287),(8029,1290),(8029,1295),(8029,1299),(8029,1323),(8029,1325),(8029,1340),(8029,1341),(8029,1344),(8029,1347),(8029,1359),(8029,1360),(8029,1371),(8029,1373),(8029,1382),(8029,1386),(8029,1387),(8029,1390),(8029,1392),(8029,1393),(8029,1401),(8029,1404),(8029,1406),(8029,1412),(8029,1417),(8029,1425),(8029,1430),(8029,1435),(8029,1440),(8029,1447),(8029,1452),(8029,1454),(8029,1455),(8029,1456),(8029,1458),(8029,1463),(8029,1466),(8029,1473),(8029,1475),(8029,1476),(8029,1480),(8029,1490),(8029,1495),(8029,1499),(8029,1501),(8029,1510),(8029,1527),(8029,1531),(8029,1532),(8029,1533),(8029,1534),(8029,1541),(8029,1543),(8029,1549),(8029,1553),(8029,1557),(8029,1558),(8029,1559),(8029,1561),(8029,1567),(8029,1575),(8029,1577),(8029,1580),(8029,1581),(8029,1585),(8029,1592),(8029,1596),(8029,1599),(8029,1603),(8029,1606),(8029,1615),(8029,1616),(8029,1617),(8029,1624),(8029,1627),(8029,1632),(8029,1633),(8029,1639),(8029,1643),(8029,1648),(8029,1649),(8029,1652),(8029,1658),(8029,1660),(8029,1663),(8029,1665),(8029,1670),(8029,1672),(8029,1673),(8029,1682),(8029,1688),(8029,1689),(8029,1690),(8029,1694),(8029,1703),(8029,1704),(8029,1705),(8029,1712),(8029,1713),(8029,1718),(8029,1721),(8029,1722),(8029,1740),(8029,1749),(8029,1750),(8029,1756),(8029,1760),(8029,1763),(8029,1766),(8029,1771),(8029,1778),(8029,1789),(8029,1791),(8029,1795),(8029,1796),(8029,1814),(8029,1817),(8029,1820),(8029,1822),(8029,1833),(8029,1839),(8029,1843),(8029,1846),(8029,1864),(8029,1873),(8029,1880),(8029,1889),(8029,1891),(8029,1896),(8029,1898),(8029,1900),(8029,1901),(8029,1908),(8029,1909),(8029,1912),(8029,1913),(8029,1922),(8029,1930),(8029,1931),(8029,1938),(8029,1950),(8029,1954),(8029,1955),(8029,1962),(8029,1965),(8029,1969),(8029,1978),(8029,1980),(8029,1981),(8029,1989),(8029,1990),(8029,1991),(8030,1000),(8030,1005),(8030,1012),(8030,1014),(8030,1016),(8030,1024),(8030,1030),(8030,1031),(8030,1036),(8030,1045),(8030,1046),(8030,1050),(8030,1055),(8030,1059),(8030,1075),(8030,1080),(8030,1088),(8030,1090),(8030,1092),(8030,1093),(8030,1098),(8030,1106),(8030,1108),(8030,1109),(8030,1111),(8030,1113),(8030,1115),(8030,1119),(8030,1120),(8030,1122),(8030,1131),(8030,1132),(8030,1135),(8030,1139),(8030,1144),(8030,1147),(8030,1157),(8030,1167),(8030,1168),(8030,1169),(8030,1177),(8030,1178),(8030,1182),(8030,1185),(8030,1187),(8030,1190),(8030,1198),(8030,1203),(8030,1215),(8030,1218),(8030,1221),(8030,1224),(8030,1225),(8030,1226),(8030,1232),(8030,1240),(8030,1243),(8030,1244),(8030,1245),(8030,1251),(8030,1252),(8030,1258),(8030,1261),(8030,1262),(8030,1266),(8030,1267),(8030,1269),(8030,1276),(8030,1279),(8030,1281),(8030,1283),(8030,1284),(8030,1286),(8030,1287),(8030,1289),(8030,1290),(8030,1293),(8030,1295),(8030,1296),(8030,1297),(8030,1303),(8030,1304),(8030,1305),(8030,1309),(8030,1315),(8030,1325),(8030,1331),(8030,1333),(8030,1346),(8030,1349),(8030,1352),(8030,1356),(8030,1358),(8030,1362),(8030,1372),(8030,1377),(8030,1380),(8030,1388),(8030,1389),(8030,1394),(8030,1399),(8030,1404),(8030,1413),(8030,1417),(8030,1421),(8030,1435),(8030,1436),(8030,1447),(8030,1456),(8030,1457),(8030,1461),(8030,1480),(8030,1481),(8030,1485),(8030,1489),(8030,1493),(8030,1500),(8030,1518),(8030,1526),(8030,1537),(8030,1541),(8030,1546),(8030,1548),(8030,1556),(8030,1571),(8030,1578),(8030,1581),(8030,1586),(8030,1589),(8030,1593),(8030,1605),(8030,1608),(8030,1610),(8030,1615),(8030,1616),(8030,1619),(8030,1628),(8030,1637),(8030,1641),(8030,1648),(8030,1649),(8030,1655),(8030,1660),(8030,1663),(8030,1664),(8030,1667),(8030,1669),(8030,1670),(8030,1685),(8030,1691),(8030,1695),(8030,1704),(8030,1707),(8030,1712),(8030,1714),(8030,1718),(8030,1730),(8030,1732),(8030,1757),(8030,1759),(8030,1763),(8030,1773),(8030,1790),(8030,1795),(8030,1799),(8030,1804),(8030,1806),(8030,1809),(8030,1811),(8030,1813),(8030,1814),(8030,1829),(8030,1833),(8030,1834),(8030,1837),(8030,1840),(8030,1843),(8030,1844),(8030,1845),(8030,1846),(8030,1847),(8030,1850),(8030,1860),(8030,1862),(8030,1874),(8030,1876),(8030,1884),(8030,1888),(8030,1893),(8030,1897),(8030,1908),(8030,1909),(8030,1911),(8030,1912),(8030,1918),(8030,1924),(8030,1926),(8030,1929),(8030,1951),(8030,1959),(8030,1962),(8030,1966),(8030,1967),(8030,1969),(8030,1974),(8030,1978),(8030,1979),(8030,1981),(8030,1983),(8030,1989),(8030,1990),(8030,1993),(8030,1995),(8030,1998),(8031,1005),(8031,1008),(8031,1013),(8031,1016),(8031,1023),(8031,1025),(8031,1040),(8031,1056),(8031,1061),(8031,1065),(8031,1074),(8031,1077),(8031,1079),(8031,1085),(8031,1091),(8031,1098),(8031,1099),(8031,1101),(8031,1107),(8031,1116),(8031,1124),(8031,1125),(8031,1131),(8031,1136),(8031,1137),(8031,1141),(8031,1152),(8031,1157),(8031,1162),(8031,1174),(8031,1179),(8031,1180),(8031,1186),(8031,1187),(8031,1191),(8031,1193),(8031,1198),(8031,1201),(8031,1205),(8031,1206),(8031,1210),(8031,1227),(8031,1236),(8031,1239),(8031,1255),(8031,1256),(8031,1268),(8031,1277),(8031,1282),(8031,1287),(8031,1289),(8031,1296),(8031,1297),(8031,1302),(8031,1308),(8031,1310),(8031,1312),(8031,1315),(8031,1319),(8031,1321),(8031,1325),(8031,1328),(8031,1335),(8031,1342),(8031,1343),(8031,1344),(8031,1345),(8031,1347),(8031,1356),(8031,1359),(8031,1364),(8031,1367),(8031,1369),(8031,1371),(8031,1375),(8031,1377),(8031,1380),(8031,1386),(8031,1389),(8031,1390),(8031,1393),(8031,1408),(8031,1419),(8031,1422),(8031,1424),(8031,1430),(8031,1439),(8031,1455),(8031,1456),(8031,1457),(8031,1468),(8031,1477),(8031,1482),(8031,1484),(8031,1490),(8031,1505),(8031,1518),(8031,1524),(8031,1528),(8031,1534),(8031,1535),(8031,1538),(8031,1539),(8031,1548),(8031,1549),(8031,1550),(8031,1553),(8031,1555),(8031,1556),(8031,1561),(8031,1564),(8031,1566),(8031,1571),(8031,1574),(8031,1591),(8031,1593),(8031,1610),(8031,1611),(8031,1612),(8031,1613),(8031,1616),(8031,1618),(8031,1620),(8031,1621),(8031,1626),(8031,1637),(8031,1645),(8031,1647),(8031,1652),(8031,1657),(8031,1663),(8031,1664),(8031,1671),(8031,1672),(8031,1674),(8031,1675),(8031,1678),(8031,1680),(8031,1689),(8031,1692),(8031,1705),(8031,1709),(8031,1711),(8031,1713),(8031,1714),(8031,1716),(8031,1718),(8031,1721),(8031,1737),(8031,1742),(8031,1756),(8031,1758),(8031,1762),(8031,1768),(8031,1772),(8031,1784),(8031,1795),(8031,1802),(8031,1809),(8031,1815),(8031,1816),(8031,1830),(8031,1834),(8031,1835),(8031,1852),(8031,1859),(8031,1868),(8031,1870),(8031,1872),(8031,1883),(8031,1888),(8031,1889),(8031,1893),(8031,1897),(8031,1901),(8031,1903),(8031,1910),(8031,1911),(8031,1914),(8031,1918),(8031,1919),(8031,1921),(8031,1930),(8031,1934),(8031,1942),(8031,1946),(8031,1947),(8031,1957),(8031,1961),(8031,1965),(8031,1967),(8031,1980),(8031,1982),(8031,1993),(8032,1003),(8032,1009),(8032,1026),(8032,1027),(8032,1031),(8032,1035),(8032,1058),(8032,1065),(8032,1075),(8032,1079),(8032,1083),(8032,1103),(8032,1105),(8032,1106),(8032,1118),(8032,1129),(8032,1136),(8032,1137),(8032,1144),(8032,1147),(8032,1155),(8032,1164),(8032,1166),(8032,1167),(8032,1168),(8032,1169),(8032,1170),(8032,1172),(8032,1173),(8032,1174),(8032,1181),(8032,1187),(8032,1190),(8032,1196),(8032,1199),(8032,1200),(8032,1205),(8032,1209),(8032,1211),(8032,1213),(8032,1218),(8032,1225),(8032,1233),(8032,1237),(8032,1241),(8032,1244),(8032,1251),(8032,1255),(8032,1261),(8032,1271),(8032,1278),(8032,1280),(8032,1281),(8032,1282),(8032,1285),(8032,1286),(8032,1287),(8032,1294),(8032,1313),(8032,1315),(8032,1316),(8032,1333),(8032,1342),(8032,1362),(8032,1365),(8032,1373),(8032,1379),(8032,1381),(8032,1386),(8032,1387),(8032,1389),(8032,1394),(8032,1396),(8032,1398),(8032,1407),(8032,1408),(8032,1416),(8032,1417),(8032,1418),(8032,1422),(8032,1427),(8032,1430),(8032,1436),(8032,1443),(8032,1445),(8032,1449),(8032,1452),(8032,1455),(8032,1458),(8032,1460),(8032,1462),(8032,1463),(8032,1477),(8032,1478),(8032,1493),(8032,1502),(8032,1506),(8032,1509),(8032,1512),(8032,1518),(8032,1523),(8032,1531),(8032,1532),(8032,1533),(8032,1549),(8032,1552),(8032,1562),(8032,1563),(8032,1566),(8032,1567),(8032,1570),(8032,1572),(8032,1575),(8032,1595),(8032,1600),(8032,1608),(8032,1611),(8032,1617),(8032,1619),(8032,1624),(8032,1626),(8032,1630),(8032,1633),(8032,1650),(8032,1659),(8032,1660),(8032,1670),(8032,1671),(8032,1672),(8032,1674),(8032,1678),(8032,1681),(8032,1686),(8032,1694),(8032,1697),(8032,1701),(8032,1717),(8032,1722),(8032,1723),(8032,1725),(8032,1729),(8032,1738),(8032,1744),(8032,1745),(8032,1746),(8032,1748),(8032,1752),(8032,1773),(8032,1776),(8032,1783),(8032,1788),(8032,1789),(8032,1792),(8032,1800),(8032,1802),(8032,1812),(8032,1814),(8032,1816),(8032,1819),(8032,1822),(8032,1823),(8032,1826),(8032,1833),(8032,1838),(8032,1840),(8032,1844),(8032,1853),(8032,1858),(8032,1875),(8032,1883),(8032,1888),(8032,1898),(8032,1900),(8032,1901),(8032,1909),(8032,1910),(8032,1916),(8032,1922),(8032,1930),(8032,1931),(8032,1943),(8032,1947),(8032,1950),(8032,1952),(8032,1954),(8032,1967),(8032,1974),(8032,1981),(8032,1987),(8032,1988),(8032,1989),(8032,1991),(8032,1992),(8032,1998),(8033,1004),(8033,1010),(8033,1017),(8033,1025),(8033,1026),(8033,1027),(8033,1028),(8033,1030),(8033,1032),(8033,1033),(8033,1034),(8033,1038),(8033,1040),(8033,1052),(8033,1063),(8033,1073),(8033,1076),(8033,1078),(8033,1095),(8033,1109),(8033,1112),(8033,1118),(8033,1124),(8033,1131),(8033,1132),(8033,1140),(8033,1141),(8033,1142),(8033,1146),(8033,1147),(8033,1148),(8033,1150),(8033,1153),(8033,1160),(8033,1161),(8033,1162),(8033,1164),(8033,1166),(8033,1170),(8033,1175),(8033,1198),(8033,1201),(8033,1202),(8033,1205),(8033,1207),(8033,1210),(8033,1214),(8033,1216),(8033,1219),(8033,1222),(8033,1226),(8033,1234),(8033,1238),(8033,1247),(8033,1250),(8033,1252),(8033,1253),(8033,1260),(8033,1263),(8033,1267),(8033,1268),(8033,1273),(8033,1288),(8033,1290),(8033,1292),(8033,1295),(8033,1297),(8033,1301),(8033,1303),(8033,1306),(8033,1310),(8033,1315),(8033,1319),(8033,1338),(8033,1339),(8033,1349),(8033,1352),(8033,1354),(8033,1356),(8033,1359),(8033,1361),(8033,1367),(8033,1373),(8033,1377),(8033,1378),(8033,1382),(8033,1384),(8033,1386),(8033,1390),(8033,1391),(8033,1401),(8033,1408),(8033,1412),(8033,1416),(8033,1419),(8033,1434),(8033,1436),(8033,1440),(8033,1442),(8033,1444),(8033,1454),(8033,1457),(8033,1469),(8033,1471),(8033,1476),(8033,1478),(8033,1483),(8033,1485),(8033,1487),(8033,1488),(8033,1492),(8033,1504),(8033,1508),(8033,1518),(8033,1519),(8033,1526),(8033,1543),(8033,1546),(8033,1549),(8033,1551),(8033,1552),(8033,1554),(8033,1562),(8033,1564),(8033,1569),(8033,1572),(8033,1574),(8033,1581),(8033,1585),(8033,1587),(8033,1591),(8033,1595),(8033,1596),(8033,1602),(8033,1603),(8033,1605),(8033,1607),(8033,1628),(8033,1630),(8033,1631),(8033,1637),(8033,1640),(8033,1643),(8033,1645),(8033,1650),(8033,1652),(8033,1661),(8033,1663),(8033,1666),(8033,1667),(8033,1671),(8033,1674),(8033,1677),(8033,1678),(8033,1683),(8033,1685),(8033,1687),(8033,1690),(8033,1691),(8033,1692),(8033,1693),(8033,1702),(8033,1703),(8033,1705),(8033,1708),(8033,1715),(8033,1716),(8033,1717),(8033,1718),(8033,1719),(8033,1726),(8033,1731),(8033,1750),(8033,1751),(8033,1752),(8033,1760),(8033,1765),(8033,1769),(8033,1772),(8033,1782),(8033,1792),(8033,1795),(8033,1810),(8033,1813),(8033,1822),(8033,1827),(8033,1828),(8033,1832),(8033,1835),(8033,1838),(8033,1848),(8033,1849),(8033,1856),(8033,1862),(8033,1879),(8033,1881),(8033,1884),(8033,1886),(8033,1887),(8033,1891),(8033,1892),(8033,1902),(8033,1920),(8033,1921),(8033,1927),(8033,1930),(8033,1931),(8033,1932),(8033,1933),(8033,1935),(8033,1941),(8033,1945),(8033,1961),(8033,1980),(8033,1986),(8033,1993),(8033,1994),(8034,1002),(8034,1005),(8034,1006),(8034,1016),(8034,1017),(8034,1018),(8034,1020),(8034,1021),(8034,1031),(8034,1042),(8034,1051),(8034,1054),(8034,1055),(8034,1058),(8034,1059),(8034,1066),(8034,1077),(8034,1081),(8034,1084),(8034,1087),(8034,1096),(8034,1103),(8034,1105),(8034,1111),(8034,1114),(8034,1120),(8034,1121),(8034,1124),(8034,1128),(8034,1132),(8034,1137),(8034,1141),(8034,1153),(8034,1156),(8034,1162),(8034,1167),(8034,1172),(8034,1182),(8034,1188),(8034,1189),(8034,1202),(8034,1205),(8034,1208),(8034,1212),(8034,1218),(8034,1224),(8034,1235),(8034,1242),(8034,1243),(8034,1250),(8034,1252),(8034,1254),(8034,1262),(8034,1266),(8034,1274),(8034,1275),(8034,1282),(8034,1285),(8034,1296),(8034,1306),(8034,1312),(8034,1314),(8034,1321),(8034,1322),(8034,1325),(8034,1327),(8034,1328),(8034,1335),(8034,1338),(8034,1339),(8034,1349),(8034,1353),(8034,1354),(8034,1355),(8034,1356),(8034,1359),(8034,1360),(8034,1361),(8034,1364),(8034,1375),(8034,1376),(8034,1379),(8034,1388),(8034,1395),(8034,1396),(8034,1400),(8034,1402),(8034,1409),(8034,1410),(8034,1414),(8034,1417),(8034,1432),(8034,1439),(8034,1450),(8034,1466),(8034,1471),(8034,1480),(8034,1488),(8034,1493),(8034,1494),(8034,1502),(8034,1506),(8034,1510),(8034,1513),(8034,1517),(8034,1521),(8034,1527),(8034,1534),(8034,1535),(8034,1537),(8034,1541),(8034,1555),(8034,1556),(8034,1557),(8034,1560),(8034,1563),(8034,1571),(8034,1576),(8034,1578),(8034,1579),(8034,1582),(8034,1585),(8034,1586),(8034,1590),(8034,1597),(8034,1601),(8034,1604),(8034,1605),(8034,1607),(8034,1615),(8034,1636),(8034,1638),(8034,1640),(8034,1647),(8034,1649),(8034,1652),(8034,1653),(8034,1654),(8034,1659),(8034,1671),(8034,1680),(8034,1682),(8034,1689),(8034,1690),(8034,1691),(8034,1696),(8034,1697),(8034,1709),(8034,1710),(8034,1714),(8034,1717),(8034,1723),(8034,1724),(8034,1727),(8034,1731),(8034,1734),(8034,1737),(8034,1739),(8034,1745),(8034,1748),(8034,1750),(8034,1751),(8034,1758),(8034,1766),(8034,1767),(8034,1775),(8034,1777),(8034,1784),(8034,1787),(8034,1797),(8034,1806),(8034,1810),(8034,1817),(8034,1822),(8034,1838),(8034,1851),(8034,1854),(8034,1858),(8034,1859),(8034,1871),(8034,1880),(8034,1884),(8034,1886),(8034,1892),(8034,1893),(8034,1894),(8034,1899),(8034,1901),(8034,1902),(8034,1906),(8034,1907),(8034,1909),(8034,1911),(8034,1913),(8034,1915),(8034,1922),(8034,1927),(8034,1934),(8034,1942),(8034,1951),(8034,1953),(8034,1958),(8034,1966),(8034,1967),(8034,1969),(8034,1975),(8034,1981),(8035,1004),(8035,1019),(8035,1020),(8035,1025),(8035,1029),(8035,1048),(8035,1054),(8035,1063),(8035,1093),(8035,1096),(8035,1099),(8035,1101),(8035,1102),(8035,1112),(8035,1113),(8035,1117),(8035,1119),(8035,1133),(8035,1136),(8035,1138),(8035,1139),(8035,1141),(8035,1142),(8035,1143),(8035,1148),(8035,1151),(8035,1164),(8035,1171),(8035,1173),(8035,1183),(8035,1189),(8035,1191),(8035,1192),(8035,1197),(8035,1207),(8035,1208),(8035,1209),(8035,1211),(8035,1212),(8035,1215),(8035,1219),(8035,1220),(8035,1223),(8035,1224),(8035,1225),(8035,1233),(8035,1234),(8035,1238),(8035,1251),(8035,1253),(8035,1261),(8035,1277),(8035,1278),(8035,1280),(8035,1297),(8035,1300),(8035,1302),(8035,1313),(8035,1314),(8035,1315),(8035,1317),(8035,1324),(8035,1326),(8035,1327),(8035,1329),(8035,1331),(8035,1335),(8035,1337),(8035,1340),(8035,1351),(8035,1354),(8035,1364),(8035,1366),(8035,1370),(8035,1382),(8035,1394),(8035,1398),(8035,1401),(8035,1411),(8035,1412),(8035,1414),(8035,1415),(8035,1416),(8035,1418),(8035,1425),(8035,1430),(8035,1437),(8035,1444),(8035,1455),(8035,1458),(8035,1459),(8035,1465),(8035,1467),(8035,1474),(8035,1479),(8035,1483),(8035,1491),(8035,1492),(8035,1495),(8035,1502),(8035,1503),(8035,1505),(8035,1510),(8035,1511),(8035,1514),(8035,1517),(8035,1518),(8035,1521),(8035,1526),(8035,1530),(8035,1541),(8035,1550),(8035,1563),(8035,1564),(8035,1571),(8035,1577),(8035,1580),(8035,1584),(8035,1588),(8035,1608),(8035,1609),(8035,1610),(8035,1612),(8035,1614),(8035,1627),(8035,1633),(8035,1637),(8035,1638),(8035,1643),(8035,1644),(8035,1657),(8035,1662),(8035,1665),(8035,1667),(8035,1671),(8035,1684),(8035,1686),(8035,1694),(8035,1697),(8035,1702),(8035,1729),(8035,1736),(8035,1737),(8035,1747),(8035,1749),(8035,1750),(8035,1751),(8035,1770),(8035,1771),(8035,1778),(8035,1780),(8035,1787),(8035,1796),(8035,1800),(8035,1803),(8035,1814),(8035,1815),(8035,1821),(8035,1824),(8035,1830),(8035,1836),(8035,1839),(8035,1842),(8035,1843),(8035,1848),(8035,1849),(8035,1856),(8035,1859),(8035,1860),(8035,1862),(8035,1865),(8035,1866),(8035,1870),(8035,1878),(8035,1881),(8035,1882),(8035,1886),(8035,1900),(8035,1904),(8035,1907),(8035,1914),(8035,1915),(8035,1920),(8035,1931),(8035,1932),(8035,1936),(8035,1942),(8035,1943),(8035,1944),(8035,1948),(8035,1950),(8035,1956),(8035,1958),(8035,1962),(8035,1984),(8036,1008),(8036,1009),(8036,1013),(8036,1016),(8036,1024),(8036,1025),(8036,1053),(8036,1061),(8036,1070),(8036,1071),(8036,1075),(8036,1081),(8036,1109),(8036,1122),(8036,1125),(8036,1128),(8036,1130),(8036,1133),(8036,1136),(8036,1144),(8036,1145),(8036,1147),(8036,1151),(8036,1152),(8036,1155),(8036,1156),(8036,1158),(8036,1160),(8036,1161),(8036,1167),(8036,1168),(8036,1171),(8036,1172),(8036,1175),(8036,1179),(8036,1186),(8036,1192),(8036,1196),(8036,1197),(8036,1199),(8036,1215),(8036,1222),(8036,1229),(8036,1230),(8036,1231),(8036,1234),(8036,1243),(8036,1246),(8036,1248),(8036,1250),(8036,1261),(8036,1264),(8036,1265),(8036,1271),(8036,1276),(8036,1279),(8036,1296),(8036,1307),(8036,1310),(8036,1311),(8036,1318),(8036,1325),(8036,1326),(8036,1329),(8036,1332),(8036,1341),(8036,1343),(8036,1351),(8036,1354),(8036,1369),(8036,1375),(8036,1382),(8036,1391),(8036,1399),(8036,1405),(8036,1406),(8036,1411),(8036,1413),(8036,1416),(8036,1419),(8036,1430),(8036,1444),(8036,1447),(8036,1448),(8036,1450),(8036,1451),(8036,1453),(8036,1454),(8036,1458),(8036,1474),(8036,1480),(8036,1491),(8036,1496),(8036,1501),(8036,1504),(8036,1505),(8036,1506),(8036,1509),(8036,1517),(8036,1525),(8036,1527),(8036,1529),(8036,1531),(8036,1532),(8036,1533),(8036,1537),(8036,1547),(8036,1549),(8036,1554),(8036,1555),(8036,1564),(8036,1568),(8036,1571),(8036,1577),(8036,1582),(8036,1585),(8036,1586),(8036,1589),(8036,1591),(8036,1599),(8036,1606),(8036,1614),(8036,1615),(8036,1625),(8036,1635),(8036,1646),(8036,1655),(8036,1660),(8036,1662),(8036,1665),(8036,1666),(8036,1667),(8036,1673),(8036,1675),(8036,1676),(8036,1683),(8036,1685),(8036,1690),(8036,1691),(8036,1694),(8036,1698),(8036,1702),(8036,1709),(8036,1715),(8036,1717),(8036,1722),(8036,1724),(8036,1729),(8036,1730),(8036,1739),(8036,1740),(8036,1747),(8036,1759),(8036,1762),(8036,1766),(8036,1770),(8036,1771),(8036,1773),(8036,1774),(8036,1776),(8036,1777),(8036,1778),(8036,1782),(8036,1784),(8036,1788),(8036,1791),(8036,1796),(8036,1797),(8036,1805),(8036,1806),(8036,1817),(8036,1819),(8036,1823),(8036,1824),(8036,1825),(8036,1839),(8036,1852),(8036,1855),(8036,1856),(8036,1862),(8036,1864),(8036,1873),(8036,1875),(8036,1878),(8036,1888),(8036,1895),(8036,1897),(8036,1902),(8036,1907),(8036,1909),(8036,1910),(8036,1918),(8036,1921),(8036,1922),(8036,1925),(8036,1930),(8036,1931),(8036,1933),(8036,1942),(8036,1950),(8036,1955),(8036,1960),(8036,1961),(8036,1964),(8036,1974),(8036,1978),(8036,1982),(8036,1987),(8037,1002),(8037,1006),(8037,1018),(8037,1020),(8037,1037),(8037,1046),(8037,1049),(8037,1069),(8037,1070),(8037,1082),(8037,1083),(8037,1084),(8037,1087),(8037,1094),(8037,1098),(8037,1101),(8037,1108),(8037,1122),(8037,1123),(8037,1126),(8037,1127),(8037,1128),(8037,1138),(8037,1145),(8037,1151),(8037,1152),(8037,1154),(8037,1157),(8037,1165),(8037,1168),(8037,1169),(8037,1172),(8037,1180),(8037,1183),(8037,1188),(8037,1199),(8037,1202),(8037,1205),(8037,1212),(8037,1213),(8037,1219),(8037,1221),(8037,1228),(8037,1232),(8037,1254),(8037,1258),(8037,1262),(8037,1263),(8037,1273),(8037,1275),(8037,1278),(8037,1292),(8037,1296),(8037,1299),(8037,1305),(8037,1313),(8037,1318),(8037,1320),(8037,1324),(8037,1328),(8037,1335),(8037,1342),(8037,1345),(8037,1349),(8037,1354),(8037,1359),(8037,1366),(8037,1376),(8037,1379),(8037,1381),(8037,1386),(8037,1389),(8037,1391),(8037,1399),(8037,1400),(8037,1409),(8037,1413),(8037,1414),(8037,1421),(8037,1425),(8037,1426),(8037,1427),(8037,1432),(8037,1447),(8037,1454),(8037,1457),(8037,1462),(8037,1464),(8037,1466),(8037,1468),(8037,1469),(8037,1471),(8037,1479),(8037,1482),(8037,1493),(8037,1497),(8037,1515),(8037,1521),(8037,1527),(8037,1530),(8037,1539),(8037,1540),(8037,1542),(8037,1551),(8037,1558),(8037,1565),(8037,1566),(8037,1569),(8037,1577),(8037,1581),(8037,1583),(8037,1593),(8037,1594),(8037,1597),(8037,1605),(8037,1607),(8037,1609),(8037,1616),(8037,1617),(8037,1618),(8037,1628),(8037,1629),(8037,1632),(8037,1640),(8037,1642),(8037,1649),(8037,1651),(8037,1659),(8037,1664),(8037,1665),(8037,1670),(8037,1675),(8037,1681),(8037,1690),(8037,1693),(8037,1698),(8037,1703),(8037,1709),(8037,1710),(8037,1711),(8037,1716),(8037,1718),(8037,1727),(8037,1729),(8037,1740),(8037,1743),(8037,1751),(8037,1752),(8037,1765),(8037,1770),(8037,1771),(8037,1776),(8037,1786),(8037,1790),(8037,1794),(8037,1796),(8037,1798),(8037,1802),(8037,1817),(8037,1820),(8037,1829),(8037,1834),(8037,1837),(8037,1839),(8037,1846),(8037,1847),(8037,1861),(8037,1864),(8037,1866),(8037,1867),(8037,1873),(8037,1876),(8037,1878),(8037,1885),(8037,1891),(8037,1897),(8037,1903),(8037,1916),(8037,1917),(8037,1919),(8037,1924),(8037,1925),(8037,1929),(8037,1934),(8037,1950),(8037,1953),(8037,1959),(8037,1960),(8037,1965),(8037,1977),(8037,1992),(8037,1993),(8037,1994),(8037,1997),(8038,1001),(8038,1006),(8038,1008),(8038,1010),(8038,1014),(8038,1024),(8038,1036),(8038,1037),(8038,1043),(8038,1044),(8038,1047),(8038,1052),(8038,1056),(8038,1062),(8038,1069),(8038,1074),(8038,1079),(8038,1080),(8038,1085),(8038,1086),(8038,1087),(8038,1096),(8038,1097),(8038,1107),(8038,1110),(8038,1114),(8038,1115),(8038,1116),(8038,1117),(8038,1120),(8038,1121),(8038,1140),(8038,1147),(8038,1151),(8038,1153),(8038,1154),(8038,1163),(8038,1168),(8038,1169),(8038,1172),(8038,1173),(8038,1184),(8038,1190),(8038,1196),(8038,1205),(8038,1206),(8038,1214),(8038,1216),(8038,1226),(8038,1228),(8038,1231),(8038,1240),(8038,1248),(8038,1250),(8038,1251),(8038,1255),(8038,1263),(8038,1272),(8038,1287),(8038,1288),(8038,1290),(8038,1297),(8038,1306),(8038,1307),(8038,1311),(8038,1317),(8038,1323),(8038,1324),(8038,1333),(8038,1337),(8038,1338),(8038,1339),(8038,1344),(8038,1356),(8038,1359),(8038,1366),(8038,1370),(8038,1372),(8038,1386),(8038,1387),(8038,1391),(8038,1395),(8038,1399),(8038,1401),(8038,1410),(8038,1416),(8038,1424),(8038,1445),(8038,1451),(8038,1453),(8038,1458),(8038,1459),(8038,1461),(8038,1465),(8038,1466),(8038,1471),(8038,1477),(8038,1485),(8038,1494),(8038,1495),(8038,1497),(8038,1501),(8038,1509),(8038,1510),(8038,1517),(8038,1519),(8038,1522),(8038,1554),(8038,1557),(8038,1561),(8038,1563),(8038,1569),(8038,1572),(8038,1580),(8038,1582),(8038,1586),(8038,1600),(8038,1604),(8038,1606),(8038,1608),(8038,1620),(8038,1623),(8038,1624),(8038,1625),(8038,1639),(8038,1643),(8038,1645),(8038,1646),(8038,1664),(8038,1666),(8038,1667),(8038,1669),(8038,1673),(8038,1679),(8038,1682),(8038,1685),(8038,1687),(8038,1695),(8038,1696),(8038,1701),(8038,1704),(8038,1706),(8038,1710),(8038,1714),(8038,1729),(8038,1730),(8038,1731),(8038,1732),(8038,1737),(8038,1738),(8038,1753),(8038,1766),(8038,1770),(8038,1775),(8038,1776),(8038,1778),(8038,1783),(8038,1787),(8038,1791),(8038,1792),(8038,1795),(8038,1799),(8038,1803),(8038,1806),(8038,1809),(8038,1812),(8038,1817),(8038,1819),(8038,1820),(8038,1821),(8038,1823),(8038,1824),(8038,1830),(8038,1841),(8038,1853),(8038,1857),(8038,1865),(8038,1871),(8038,1873),(8038,1877),(8038,1880),(8038,1881),(8038,1896),(8038,1897),(8038,1901),(8038,1902),(8038,1903),(8038,1916),(8038,1918),(8038,1919),(8038,1921),(8038,1922),(8038,1932),(8038,1934),(8038,1935),(8038,1937),(8038,1938),(8038,1940),(8038,1951),(8038,1952),(8038,1953),(8038,1954),(8038,1955),(8038,1970),(8038,1972),(8038,1973),(8038,1977),(8038,1992),(8039,1003),(8039,1007),(8039,1012),(8039,1018),(8039,1023),(8039,1030),(8039,1031),(8039,1034),(8039,1042),(8039,1047),(8039,1050),(8039,1054),(8039,1061),(8039,1069),(8039,1082),(8039,1092),(8039,1097),(8039,1107),(8039,1110),(8039,1114),(8039,1118),(8039,1120),(8039,1123),(8039,1127),(8039,1130),(8039,1134),(8039,1141),(8039,1142),(8039,1143),(8039,1145),(8039,1147),(8039,1150),(8039,1154),(8039,1155),(8039,1156),(8039,1161),(8039,1162),(8039,1164),(8039,1168),(8039,1172),(8039,1176),(8039,1177),(8039,1178),(8039,1198),(8039,1199),(8039,1200),(8039,1208),(8039,1209),(8039,1214),(8039,1218),(8039,1221),(8039,1231),(8039,1233),(8039,1234),(8039,1236),(8039,1241),(8039,1248),(8039,1261),(8039,1262),(8039,1278),(8039,1283),(8039,1284),(8039,1286),(8039,1289),(8039,1290),(8039,1294),(8039,1295),(8039,1304),(8039,1307),(8039,1308),(8039,1309),(8039,1311),(8039,1312),(8039,1314),(8039,1315),(8039,1325),(8039,1327),(8039,1329),(8039,1332),(8039,1334),(8039,1335),(8039,1343),(8039,1346),(8039,1348),(8039,1349),(8039,1353),(8039,1357),(8039,1362),(8039,1364),(8039,1371),(8039,1372),(8039,1377),(8039,1386),(8039,1393),(8039,1402),(8039,1405),(8039,1425),(8039,1428),(8039,1436),(8039,1443),(8039,1444),(8039,1450),(8039,1451),(8039,1470),(8039,1477),(8039,1481),(8039,1482),(8039,1484),(8039,1492),(8039,1496),(8039,1503),(8039,1505),(8039,1508),(8039,1519),(8039,1521),(8039,1522),(8039,1528),(8039,1529),(8039,1539),(8039,1541),(8039,1543),(8039,1546),(8039,1548),(8039,1551),(8039,1552),(8039,1556),(8039,1560),(8039,1566),(8039,1572),(8039,1575),(8039,1578),(8039,1579),(8039,1580),(8039,1581),(8039,1584),(8039,1585),(8039,1587),(8039,1592),(8039,1596),(8039,1597),(8039,1598),(8039,1599),(8039,1602),(8039,1605),(8039,1612),(8039,1614),(8039,1619),(8039,1623),(8039,1624),(8039,1630),(8039,1636),(8039,1649),(8039,1653),(8039,1655),(8039,1673),(8039,1674),(8039,1675),(8039,1677),(8039,1680),(8039,1685),(8039,1687),(8039,1692),(8039,1694),(8039,1698),(8039,1706),(8039,1709),(8039,1712),(8039,1713),(8039,1714),(8039,1718),(8039,1726),(8039,1731),(8039,1733),(8039,1745),(8039,1747),(8039,1761),(8039,1765),(8039,1770),(8039,1774),(8039,1778),(8039,1786),(8039,1792),(8039,1795),(8039,1797),(8039,1799),(8039,1808),(8039,1809),(8039,1810),(8039,1811),(8039,1814),(8039,1820),(8039,1832),(8039,1835),(8039,1838),(8039,1847),(8039,1848),(8039,1849),(8039,1851),(8039,1858),(8039,1860),(8039,1861),(8039,1868),(8039,1870),(8039,1873),(8039,1876),(8039,1887),(8039,1888),(8039,1901),(8039,1907),(8039,1908),(8039,1909),(8039,1912),(8039,1918),(8039,1919),(8039,1941),(8039,1942),(8039,1944),(8039,1950),(8039,1960),(8039,1966),(8039,1970),(8039,1975),(8039,1979),(8039,1982),(8039,1983),(8039,1985),(8039,1987),(8039,1990),(8039,1998),(8040,1000),(8040,1016),(8040,1021),(8040,1023),(8040,1031),(8040,1035),(8040,1049),(8040,1052),(8040,1055),(8040,1059),(8040,1060),(8040,1061),(8040,1062),(8040,1064),(8040,1067),(8040,1070),(8040,1075),(8040,1083),(8040,1090),(8040,1103),(8040,1104),(8040,1110),(8040,1123),(8040,1124),(8040,1125),(8040,1126),(8040,1128),(8040,1129),(8040,1130),(8040,1131),(8040,1138),(8040,1139),(8040,1141),(8040,1143),(8040,1146),(8040,1148),(8040,1150),(8040,1153),(8040,1160),(8040,1167),(8040,1172),(8040,1173),(8040,1174),(8040,1181),(8040,1185),(8040,1194),(8040,1208),(8040,1220),(8040,1221),(8040,1225),(8040,1233),(8040,1238),(8040,1240),(8040,1251),(8040,1262),(8040,1263),(8040,1265),(8040,1273),(8040,1275),(8040,1290),(8040,1294),(8040,1295),(8040,1299),(8040,1301),(8040,1302),(8040,1309),(8040,1326),(8040,1334),(8040,1337),(8040,1339),(8040,1340),(8040,1347),(8040,1359),(8040,1363),(8040,1366),(8040,1368),(8040,1380),(8040,1382),(8040,1383),(8040,1399),(8040,1420),(8040,1422),(8040,1425),(8040,1433),(8040,1437),(8040,1440),(8040,1448),(8040,1452),(8040,1458),(8040,1461),(8040,1465),(8040,1469),(8040,1486),(8040,1490),(8040,1491),(8040,1496),(8040,1497),(8040,1501),(8040,1502),(8040,1507),(8040,1511),(8040,1515),(8040,1523),(8040,1524),(8040,1537),(8040,1538),(8040,1543),(8040,1549),(8040,1551),(8040,1552),(8040,1554),(8040,1555),(8040,1566),(8040,1582),(8040,1592),(8040,1595),(8040,1597),(8040,1600),(8040,1601),(8040,1609),(8040,1613),(8040,1614),(8040,1628),(8040,1633),(8040,1637),(8040,1640),(8040,1641),(8040,1642),(8040,1646),(8040,1648),(8040,1650),(8040,1660),(8040,1661),(8040,1673),(8040,1681),(8040,1685),(8040,1686),(8040,1690),(8040,1693),(8040,1700),(8040,1701),(8040,1706),(8040,1709),(8040,1716),(8040,1717),(8040,1726),(8040,1729),(8040,1737),(8040,1742),(8040,1743),(8040,1748),(8040,1749),(8040,1754),(8040,1756),(8040,1767),(8040,1779),(8040,1781),(8040,1783),(8040,1784),(8040,1808),(8040,1818),(8040,1821),(8040,1822),(8040,1827),(8040,1845),(8040,1852),(8040,1853),(8040,1854),(8040,1861),(8040,1862),(8040,1863),(8040,1880),(8040,1892),(8040,1911),(8040,1921),(8040,1922),(8040,1923),(8040,1926),(8040,1928),(8040,1930),(8040,1936),(8040,1942),(8040,1947),(8040,1948),(8040,1951),(8040,1952),(8040,1954),(8040,1958),(8040,1962),(8040,1966),(8040,1969),(8040,1972),(8040,1987),(8040,1988),(8040,1991),(8041,1006),(8041,1007),(8041,1035),(8041,1045),(8041,1048),(8041,1050),(8041,1066),(8041,1068),(8041,1079),(8041,1085),(8041,1089),(8041,1090),(8041,1099),(8041,1100),(8041,1102),(8041,1106),(8041,1109),(8041,1110),(8041,1129),(8041,1133),(8041,1139),(8041,1142),(8041,1146),(8041,1148),(8041,1149),(8041,1151),(8041,1152),(8041,1171),(8041,1178),(8041,1181),(8041,1182),(8041,1184),(8041,1190),(8041,1194),(8041,1195),(8041,1197),(8041,1201),(8041,1203),(8041,1204),(8041,1214),(8041,1215),(8041,1216),(8041,1234),(8041,1242),(8041,1269),(8041,1271),(8041,1289),(8041,1297),(8041,1299),(8041,1301),(8041,1302),(8041,1304),(8041,1309),(8041,1313),(8041,1314),(8041,1316),(8041,1321),(8041,1330),(8041,1331),(8041,1337),(8041,1341),(8041,1344),(8041,1349),(8041,1352),(8041,1353),(8041,1354),(8041,1365),(8041,1367),(8041,1368),(8041,1373),(8041,1375),(8041,1381),(8041,1382),(8041,1384),(8041,1392),(8041,1400),(8041,1404),(8041,1420),(8041,1423),(8041,1425),(8041,1429),(8041,1435),(8041,1436),(8041,1437),(8041,1447),(8041,1451),(8041,1452),(8041,1456),(8041,1460),(8041,1462),(8041,1464),(8041,1466),(8041,1474),(8041,1477),(8041,1489),(8041,1499),(8041,1504),(8041,1505),(8041,1509),(8041,1512),(8041,1513),(8041,1520),(8041,1524),(8041,1529),(8041,1535),(8041,1536),(8041,1538),(8041,1542),(8041,1543),(8041,1548),(8041,1561),(8041,1563),(8041,1564),(8041,1568),(8041,1573),(8041,1575),(8041,1582),(8041,1589),(8041,1595),(8041,1604),(8041,1606),(8041,1615),(8041,1620),(8041,1621),(8041,1622),(8041,1629),(8041,1631),(8041,1632),(8041,1633),(8041,1635),(8041,1636),(8041,1638),(8041,1641),(8041,1642),(8041,1648),(8041,1651),(8041,1658),(8041,1660),(8041,1662),(8041,1666),(8041,1674),(8041,1676),(8041,1678),(8041,1682),(8041,1686),(8041,1692),(8041,1701),(8041,1702),(8041,1704),(8041,1710),(8041,1712),(8041,1713),(8041,1714),(8041,1719),(8041,1721),(8041,1723),(8041,1725),(8041,1738),(8041,1740),(8041,1758),(8041,1764),(8041,1787),(8041,1791),(8041,1793),(8041,1798),(8041,1800),(8041,1806),(8041,1812),(8041,1813),(8041,1814),(8041,1817),(8041,1819),(8041,1824),(8041,1827),(8041,1830),(8041,1834),(8041,1840),(8041,1842),(8041,1850),(8041,1853),(8041,1862),(8041,1863),(8041,1867),(8041,1868),(8041,1870),(8041,1882),(8041,1886),(8041,1889),(8041,1890),(8041,1894),(8041,1896),(8041,1899),(8041,1902),(8041,1906),(8041,1915),(8041,1923),(8041,1928),(8041,1929),(8041,1943),(8041,1945),(8041,1952),(8041,1957),(8041,1964),(8041,1965),(8041,1966),(8041,1971),(8041,1975),(8041,1980),(8041,1990),(8041,1994),(8042,1001),(8042,1002),(8042,1010),(8042,1013),(8042,1014),(8042,1021),(8042,1029),(8042,1038),(8042,1039),(8042,1045),(8042,1048),(8042,1056),(8042,1068),(8042,1069),(8042,1078),(8042,1083),(8042,1094),(8042,1097),(8042,1099),(8042,1106),(8042,1113),(8042,1114),(8042,1115),(8042,1135),(8042,1138),(8042,1140),(8042,1147),(8042,1148),(8042,1151),(8042,1158),(8042,1160),(8042,1163),(8042,1166),(8042,1171),(8042,1173),(8042,1174),(8042,1178),(8042,1186),(8042,1189),(8042,1201),(8042,1204),(8042,1207),(8042,1209),(8042,1210),(8042,1218),(8042,1219),(8042,1221),(8042,1226),(8042,1238),(8042,1240),(8042,1247),(8042,1250),(8042,1255),(8042,1259),(8042,1265),(8042,1279),(8042,1281),(8042,1286),(8042,1290),(8042,1291),(8042,1293),(8042,1294),(8042,1304),(8042,1312),(8042,1314),(8042,1322),(8042,1329),(8042,1330),(8042,1335),(8042,1337),(8042,1338),(8042,1345),(8042,1349),(8042,1352),(8042,1357),(8042,1362),(8042,1364),(8042,1365),(8042,1374),(8042,1376),(8042,1380),(8042,1383),(8042,1391),(8042,1392),(8042,1393),(8042,1399),(8042,1400),(8042,1421),(8042,1428),(8042,1434),(8042,1437),(8042,1440),(8042,1442),(8042,1445),(8042,1447),(8042,1448),(8042,1455),(8042,1457),(8042,1459),(8042,1463),(8042,1467),(8042,1474),(8042,1476),(8042,1479),(8042,1486),(8042,1489),(8042,1493),(8042,1498),(8042,1504),(8042,1511),(8042,1512),(8042,1522),(8042,1528),(8042,1530),(8042,1538),(8042,1541),(8042,1545),(8042,1550),(8042,1551),(8042,1552),(8042,1556),(8042,1558),(8042,1560),(8042,1573),(8042,1575),(8042,1591),(8042,1592),(8042,1596),(8042,1610),(8042,1621),(8042,1630),(8042,1631),(8042,1632),(8042,1636),(8042,1639),(8042,1655),(8042,1690),(8042,1692),(8042,1695),(8042,1700),(8042,1708),(8042,1709),(8042,1712),(8042,1715),(8042,1739),(8042,1741),(8042,1743),(8042,1746),(8042,1749),(8042,1752),(8042,1755),(8042,1764),(8042,1767),(8042,1769),(8042,1770),(8042,1771),(8042,1786),(8042,1788),(8042,1796),(8042,1799),(8042,1800),(8042,1803),(8042,1806),(8042,1811),(8042,1812),(8042,1815),(8042,1822),(8042,1826),(8042,1830),(8042,1838),(8042,1843),(8042,1846),(8042,1850),(8042,1861),(8042,1865),(8042,1869),(8042,1870),(8042,1879),(8042,1886),(8042,1889),(8042,1897),(8042,1903),(8042,1907),(8042,1908),(8042,1910),(8042,1913),(8042,1918),(8042,1934),(8042,1936),(8042,1937),(8042,1946),(8042,1949),(8042,1963),(8042,1965),(8042,1970),(8042,1987),(8042,1989),(8042,1993),(8042,1998),(8043,1001),(8043,1032),(8043,1033),(8043,1048),(8043,1049),(8043,1054),(8043,1059),(8043,1061),(8043,1066),(8043,1072),(8043,1077),(8043,1085),(8043,1098),(8043,1107),(8043,1109),(8043,1111),(8043,1112),(8043,1117),(8043,1118),(8043,1119),(8043,1120),(8043,1122),(8043,1124),(8043,1129),(8043,1131),(8043,1133),(8043,1134),(8043,1141),(8043,1149),(8043,1152),(8043,1154),(8043,1156),(8043,1158),(8043,1167),(8043,1171),(8043,1175),(8043,1179),(8043,1188),(8043,1192),(8043,1194),(8043,1219),(8043,1222),(8043,1224),(8043,1237),(8043,1241),(8043,1242),(8043,1243),(8043,1244),(8043,1245),(8043,1249),(8043,1250),(8043,1256),(8043,1257),(8043,1261),(8043,1262),(8043,1264),(8043,1284),(8043,1286),(8043,1291),(8043,1294),(8043,1297),(8043,1298),(8043,1301),(8043,1302),(8043,1303),(8043,1315),(8043,1317),(8043,1321),(8043,1328),(8043,1335),(8043,1343),(8043,1345),(8043,1346),(8043,1356),(8043,1365),(8043,1379),(8043,1381),(8043,1384),(8043,1386),(8043,1392),(8043,1395),(8043,1406),(8043,1420),(8043,1423),(8043,1427),(8043,1428),(8043,1429),(8043,1431),(8043,1433),(8043,1437),(8043,1442),(8043,1443),(8043,1445),(8043,1455),(8043,1462),(8043,1465),(8043,1467),(8043,1469),(8043,1470),(8043,1478),(8043,1481),(8043,1485),(8043,1487),(8043,1488),(8043,1494),(8043,1499),(8043,1504),(8043,1509),(8043,1511),(8043,1513),(8043,1519),(8043,1522),(8043,1530),(8043,1538),(8043,1547),(8043,1548),(8043,1552),(8043,1561),(8043,1565),(8043,1566),(8043,1569),(8043,1571),(8043,1572),(8043,1573),(8043,1574),(8043,1576),(8043,1578),(8043,1579),(8043,1581),(8043,1602),(8043,1607),(8043,1610),(8043,1630),(8043,1634),(8043,1637),(8043,1639),(8043,1644),(8043,1645),(8043,1649),(8043,1665),(8043,1666),(8043,1670),(8043,1675),(8043,1679),(8043,1682),(8043,1686),(8043,1689),(8043,1698),(8043,1699),(8043,1714),(8043,1718),(8043,1723),(8043,1726),(8043,1729),(8043,1734),(8043,1745),(8043,1753),(8043,1754),(8043,1761),(8043,1764),(8043,1771),(8043,1780),(8043,1785),(8043,1787),(8043,1793),(8043,1800),(8043,1803),(8043,1807),(8043,1811),(8043,1821),(8043,1822),(8043,1833),(8043,1844),(8043,1857),(8043,1871),(8043,1875),(8043,1893),(8043,1894),(8043,1901),(8043,1910),(8043,1916),(8043,1917),(8043,1922),(8043,1929),(8043,1939),(8043,1945),(8043,1949),(8043,1950),(8043,1953),(8043,1962),(8043,1963),(8043,1967),(8043,1968),(8043,1969),(8043,1974),(8043,1990),(8043,1991),(8044,1000),(8044,1006),(8044,1009),(8044,1010),(8044,1011),(8044,1018),(8044,1019),(8044,1023),(8044,1028),(8044,1033),(8044,1038),(8044,1043),(8044,1048),(8044,1056),(8044,1063),(8044,1066),(8044,1069),(8044,1070),(8044,1073),(8044,1076),(8044,1079),(8044,1081),(8044,1083),(8044,1088),(8044,1090),(8044,1092),(8044,1093),(8044,1094),(8044,1096),(8044,1105),(8044,1113),(8044,1115),(8044,1116),(8044,1119),(8044,1120),(8044,1122),(8044,1131),(8044,1133),(8044,1147),(8044,1176),(8044,1177),(8044,1179),(8044,1184),(8044,1187),(8044,1204),(8044,1206),(8044,1208),(8044,1223),(8044,1225),(8044,1236),(8044,1247),(8044,1250),(8044,1251),(8044,1259),(8044,1262),(8044,1270),(8044,1271),(8044,1272),(8044,1279),(8044,1283),(8044,1286),(8044,1295),(8044,1305),(8044,1314),(8044,1321),(8044,1326),(8044,1338),(8044,1344),(8044,1346),(8044,1351),(8044,1354),(8044,1369),(8044,1376),(8044,1377),(8044,1379),(8044,1390),(8044,1392),(8044,1395),(8044,1400),(8044,1403),(8044,1410),(8044,1411),(8044,1419),(8044,1422),(8044,1423),(8044,1430),(8044,1431),(8044,1438),(8044,1446),(8044,1447),(8044,1450),(8044,1452),(8044,1453),(8044,1454),(8044,1455),(8044,1460),(8044,1462),(8044,1464),(8044,1466),(8044,1468),(8044,1469),(8044,1475),(8044,1478),(8044,1487),(8044,1493),(8044,1497),(8044,1506),(8044,1535),(8044,1541),(8044,1542),(8044,1543),(8044,1544),(8044,1549),(8044,1551),(8044,1555),(8044,1565),(8044,1566),(8044,1571),(8044,1572),(8044,1585),(8044,1588),(8044,1589),(8044,1593),(8044,1602),(8044,1604),(8044,1605),(8044,1606),(8044,1614),(8044,1617),(8044,1620),(8044,1624),(8044,1625),(8044,1629),(8044,1630),(8044,1634),(8044,1637),(8044,1646),(8044,1651),(8044,1652),(8044,1663),(8044,1671),(8044,1675),(8044,1677),(8044,1700),(8044,1705),(8044,1706),(8044,1709),(8044,1710),(8044,1712),(8044,1714),(8044,1725),(8044,1727),(8044,1735),(8044,1739),(8044,1740),(8044,1762),(8044,1767),(8044,1768),(8044,1780),(8044,1785),(8044,1794),(8044,1798),(8044,1804),(8044,1805),(8044,1810),(8044,1812),(8044,1816),(8044,1817),(8044,1818),(8044,1823),(8044,1829),(8044,1831),(8044,1850),(8044,1855),(8044,1859),(8044,1861),(8044,1866),(8044,1876),(8044,1878),(8044,1885),(8044,1886),(8044,1895),(8044,1900),(8044,1901),(8044,1904),(8044,1906),(8044,1908),(8044,1926),(8044,1927),(8044,1936),(8044,1937),(8044,1940),(8044,1943),(8044,1950),(8044,1952),(8044,1956),(8044,1957),(8044,1959),(8044,1963),(8044,1966),(8044,1972),(8044,1976),(8044,1981),(8044,1984),(8044,1993),(8045,1001),(8045,1010),(8045,1011),(8045,1015),(8045,1021),(8045,1022),(8045,1025),(8045,1029),(8045,1044),(8045,1046),(8045,1048),(8045,1065),(8045,1070),(8045,1071),(8045,1085),(8045,1086),(8045,1089),(8045,1092),(8045,1105),(8045,1114),(8045,1119),(8045,1123),(8045,1125),(8045,1129),(8045,1138),(8045,1141),(8045,1143),(8045,1148),(8045,1152),(8045,1157),(8045,1162),(8045,1166),(8045,1167),(8045,1177),(8045,1195),(8045,1207),(8045,1209),(8045,1211),(8045,1212),(8045,1213),(8045,1217),(8045,1220),(8045,1221),(8045,1225),(8045,1229),(8045,1234),(8045,1242),(8045,1247),(8045,1251),(8045,1255),(8045,1257),(8045,1263),(8045,1264),(8045,1267),(8045,1272),(8045,1274),(8045,1275),(8045,1281),(8045,1284),(8045,1285),(8045,1297),(8045,1299),(8045,1302),(8045,1305),(8045,1307),(8045,1308),(8045,1310),(8045,1322),(8045,1327),(8045,1332),(8045,1333),(8045,1335),(8045,1343),(8045,1344),(8045,1346),(8045,1351),(8045,1362),(8045,1365),(8045,1366),(8045,1369),(8045,1376),(8045,1378),(8045,1387),(8045,1389),(8045,1398),(8045,1399),(8045,1400),(8045,1406),(8045,1407),(8045,1413),(8045,1415),(8045,1427),(8045,1428),(8045,1433),(8045,1434),(8045,1447),(8045,1451),(8045,1452),(8045,1456),(8045,1458),(8045,1459),(8045,1463),(8045,1469),(8045,1474),(8045,1475),(8045,1478),(8045,1479),(8045,1482),(8045,1483),(8045,1487),(8045,1490),(8045,1493),(8045,1495),(8045,1497),(8045,1517),(8045,1522),(8045,1527),(8045,1531),(8045,1539),(8045,1542),(8045,1544),(8045,1546),(8045,1549),(8045,1552),(8045,1562),(8045,1572),(8045,1573),(8045,1590),(8045,1603),(8045,1605),(8045,1609),(8045,1613),(8045,1620),(8045,1624),(8045,1643),(8045,1650),(8045,1655),(8045,1664),(8045,1677),(8045,1684),(8045,1686),(8045,1691),(8045,1698),(8045,1699),(8045,1700),(8045,1702),(8045,1707),(8045,1730),(8045,1734),(8045,1735),(8045,1746),(8045,1749),(8045,1763),(8045,1764),(8045,1772),(8045,1774),(8045,1778),(8045,1781),(8045,1782),(8045,1793),(8045,1800),(8045,1801),(8045,1813),(8045,1821),(8045,1826),(8045,1830),(8045,1832),(8045,1833),(8045,1834),(8045,1839),(8045,1840),(8045,1844),(8045,1847),(8045,1850),(8045,1855),(8045,1857),(8045,1861),(8045,1863),(8045,1868),(8045,1871),(8045,1878),(8045,1888),(8045,1892),(8045,1900),(8045,1901),(8045,1908),(8045,1912),(8045,1926),(8045,1931),(8045,1937),(8045,1939),(8045,1941),(8045,1947),(8045,1954),(8045,1958),(8045,1967),(8045,1986),(8045,1989),(8045,1997),(8046,1006),(8046,1011),(8046,1015),(8046,1017),(8046,1019),(8046,1020),(8046,1028),(8046,1031),(8046,1044),(8046,1063),(8046,1067),(8046,1075),(8046,1078),(8046,1079),(8046,1082),(8046,1090),(8046,1091),(8046,1093),(8046,1096),(8046,1097),(8046,1103),(8046,1105),(8046,1108),(8046,1112),(8046,1116),(8046,1117),(8046,1119),(8046,1128),(8046,1130),(8046,1133),(8046,1135),(8046,1141),(8046,1143),(8046,1146),(8046,1149),(8046,1163),(8046,1171),(8046,1183),(8046,1191),(8046,1196),(8046,1207),(8046,1213),(8046,1220),(8046,1225),(8046,1226),(8046,1227),(8046,1228),(8046,1229),(8046,1240),(8046,1243),(8046,1266),(8046,1268),(8046,1271),(8046,1274),(8046,1276),(8046,1279),(8046,1283),(8046,1287),(8046,1291),(8046,1303),(8046,1305),(8046,1311),(8046,1313),(8046,1316),(8046,1322),(8046,1323),(8046,1324),(8046,1326),(8046,1328),(8046,1330),(8046,1331),(8046,1333),(8046,1339),(8046,1341),(8046,1343),(8046,1349),(8046,1367),(8046,1368),(8046,1371),(8046,1374),(8046,1375),(8046,1380),(8046,1381),(8046,1383),(8046,1388),(8046,1400),(8046,1405),(8046,1410),(8046,1413),(8046,1415),(8046,1418),(8046,1420),(8046,1425),(8046,1429),(8046,1431),(8046,1432),(8046,1433),(8046,1439),(8046,1446),(8046,1450),(8046,1466),(8046,1467),(8046,1471),(8046,1482),(8046,1483),(8046,1486),(8046,1493),(8046,1494),(8046,1498),(8046,1506),(8046,1513),(8046,1516),(8046,1517),(8046,1528),(8046,1533),(8046,1548),(8046,1551),(8046,1559),(8046,1562),(8046,1569),(8046,1571),(8046,1585),(8046,1586),(8046,1595),(8046,1600),(8046,1601),(8046,1603),(8046,1612),(8046,1616),(8046,1623),(8046,1629),(8046,1635),(8046,1637),(8046,1645),(8046,1650),(8046,1651),(8046,1652),(8046,1658),(8046,1664),(8046,1667),(8046,1676),(8046,1680),(8046,1682),(8046,1695),(8046,1696),(8046,1699),(8046,1701),(8046,1706),(8046,1710),(8046,1712),(8046,1719),(8046,1721),(8046,1728),(8046,1742),(8046,1746),(8046,1758),(8046,1760),(8046,1764),(8046,1770),(8046,1773),(8046,1778),(8046,1780),(8046,1791),(8046,1807),(8046,1819),(8046,1822),(8046,1824),(8046,1825),(8046,1826),(8046,1833),(8046,1847),(8046,1852),(8046,1854),(8046,1857),(8046,1863),(8046,1864),(8046,1866),(8046,1874),(8046,1881),(8046,1885),(8046,1890),(8046,1892),(8046,1896),(8046,1906),(8046,1913),(8046,1925),(8046,1930),(8046,1943),(8046,1945),(8046,1950),(8046,1953),(8046,1954),(8046,1962),(8046,1977),(8046,1981),(8046,1994),(8046,1995),(8046,1996),(8047,1005),(8047,1010),(8047,1026),(8047,1031),(8047,1037),(8047,1038),(8047,1046),(8047,1049),(8047,1061),(8047,1077),(8047,1081),(8047,1085),(8047,1092),(8047,1102),(8047,1105),(8047,1116),(8047,1130),(8047,1134),(8047,1143),(8047,1146),(8047,1148),(8047,1149),(8047,1150),(8047,1151),(8047,1152),(8047,1153),(8047,1168),(8047,1185),(8047,1188),(8047,1190),(8047,1200),(8047,1212),(8047,1213),(8047,1216),(8047,1221),(8047,1225),(8047,1230),(8047,1238),(8047,1241),(8047,1251),(8047,1253),(8047,1256),(8047,1262),(8047,1264),(8047,1266),(8047,1267),(8047,1268),(8047,1270),(8047,1271),(8047,1277),(8047,1281),(8047,1284),(8047,1288),(8047,1297),(8047,1302),(8047,1303),(8047,1305),(8047,1313),(8047,1327),(8047,1328),(8047,1330),(8047,1339),(8047,1343),(8047,1346),(8047,1347),(8047,1348),(8047,1359),(8047,1360),(8047,1373),(8047,1374),(8047,1376),(8047,1405),(8047,1416),(8047,1418),(8047,1419),(8047,1426),(8047,1442),(8047,1448),(8047,1450),(8047,1453),(8047,1466),(8047,1475),(8047,1481),(8047,1482),(8047,1489),(8047,1493),(8047,1497),(8047,1500),(8047,1508),(8047,1517),(8047,1518),(8047,1519),(8047,1522),(8047,1541),(8047,1543),(8047,1549),(8047,1551),(8047,1553),(8047,1554),(8047,1558),(8047,1561),(8047,1562),(8047,1573),(8047,1574),(8047,1576),(8047,1590),(8047,1596),(8047,1598),(8047,1599),(8047,1604),(8047,1609),(8047,1616),(8047,1617),(8047,1618),(8047,1619),(8047,1628),(8047,1630),(8047,1631),(8047,1633),(8047,1634),(8047,1635),(8047,1636),(8047,1640),(8047,1644),(8047,1648),(8047,1650),(8047,1658),(8047,1659),(8047,1669),(8047,1674),(8047,1676),(8047,1682),(8047,1683),(8047,1687),(8047,1689),(8047,1693),(8047,1694),(8047,1695),(8047,1696),(8047,1700),(8047,1702),(8047,1704),(8047,1716),(8047,1728),(8047,1730),(8047,1746),(8047,1747),(8047,1753),(8047,1760),(8047,1761),(8047,1765),(8047,1770),(8047,1772),(8047,1774),(8047,1783),(8047,1785),(8047,1787),(8047,1793),(8047,1803),(8047,1804),(8047,1812),(8047,1817),(8047,1820),(8047,1827),(8047,1838),(8047,1841),(8047,1848),(8047,1849),(8047,1852),(8047,1853),(8047,1855),(8047,1864),(8047,1866),(8047,1870),(8047,1871),(8047,1876),(8047,1878),(8047,1887),(8047,1897),(8047,1900),(8047,1915),(8047,1923),(8047,1929),(8047,1930),(8047,1943),(8047,1947),(8047,1954),(8047,1961),(8047,1965),(8047,1966),(8047,1975),(8047,1979),(8047,1980),(8047,1981),(8047,1982),(8047,1986),(8047,1990),(8048,1002),(8048,1005),(8048,1007),(8048,1012),(8048,1016),(8048,1021),(8048,1023),(8048,1025),(8048,1034),(8048,1039),(8048,1040),(8048,1045),(8048,1048),(8048,1051),(8048,1055),(8048,1059),(8048,1062),(8048,1065),(8048,1078),(8048,1082),(8048,1083),(8048,1086),(8048,1106),(8048,1108),(8048,1116),(8048,1119),(8048,1124),(8048,1125),(8048,1133),(8048,1134),(8048,1140),(8048,1141),(8048,1143),(8048,1144),(8048,1154),(8048,1160),(8048,1162),(8048,1168),(8048,1178),(8048,1184),(8048,1188),(8048,1194),(8048,1198),(8048,1203),(8048,1218),(8048,1221),(8048,1222),(8048,1226),(8048,1227),(8048,1228),(8048,1230),(8048,1231),(8048,1243),(8048,1249),(8048,1252),(8048,1260),(8048,1269),(8048,1273),(8048,1275),(8048,1281),(8048,1282),(8048,1287),(8048,1288),(8048,1291),(8048,1294),(8048,1299),(8048,1300),(8048,1307),(8048,1308),(8048,1311),(8048,1313),(8048,1319),(8048,1324),(8048,1330),(8048,1336),(8048,1338),(8048,1340),(8048,1344),(8048,1345),(8048,1349),(8048,1351),(8048,1352),(8048,1358),(8048,1384),(8048,1394),(8048,1397),(8048,1398),(8048,1414),(8048,1423),(8048,1425),(8048,1426),(8048,1434),(8048,1438),(8048,1443),(8048,1451),(8048,1454),(8048,1462),(8048,1465),(8048,1480),(8048,1483),(8048,1487),(8048,1490),(8048,1496),(8048,1504),(8048,1505),(8048,1510),(8048,1517),(8048,1519),(8048,1524),(8048,1534),(8048,1538),(8048,1539),(8048,1540),(8048,1553),(8048,1554),(8048,1565),(8048,1566),(8048,1567),(8048,1570),(8048,1577),(8048,1579),(8048,1583),(8048,1589),(8048,1593),(8048,1594),(8048,1595),(8048,1598),(8048,1603),(8048,1606),(8048,1609),(8048,1610),(8048,1615),(8048,1620),(8048,1622),(8048,1623),(8048,1626),(8048,1629),(8048,1635),(8048,1646),(8048,1647),(8048,1649),(8048,1654),(8048,1657),(8048,1659),(8048,1661),(8048,1680),(8048,1683),(8048,1684),(8048,1687),(8048,1689),(8048,1692),(8048,1699),(8048,1705),(8048,1714),(8048,1719),(8048,1724),(8048,1729),(8048,1734),(8048,1738),(8048,1746),(8048,1747),(8048,1764),(8048,1767),(8048,1768),(8048,1783),(8048,1791),(8048,1793),(8048,1797),(8048,1801),(8048,1811),(8048,1818),(8048,1828),(8048,1829),(8048,1830),(8048,1831),(8048,1839),(8048,1842),(8048,1846),(8048,1853),(8048,1859),(8048,1861),(8048,1872),(8048,1876),(8048,1880),(8048,1882),(8048,1883),(8048,1884),(8048,1887),(8048,1891),(8048,1894),(8048,1895),(8048,1897),(8048,1898),(8048,1901),(8048,1907),(8048,1908),(8048,1909),(8048,1913),(8048,1919),(8048,1927),(8048,1928),(8048,1935),(8048,1937),(8048,1944),(8048,1948),(8048,1950),(8048,1951),(8048,1952),(8048,1955),(8048,1958),(8048,1959),(8048,1967),(8048,1973),(8048,1991),(8048,1992),(8048,1997),(8049,1006),(8049,1012),(8049,1016),(8049,1017),(8049,1019),(8049,1021),(8049,1027),(8049,1030),(8049,1033),(8049,1034),(8049,1046),(8049,1054),(8049,1057),(8049,1062),(8049,1068),(8049,1072),(8049,1077),(8049,1084),(8049,1090),(8049,1094),(8049,1095),(8049,1102),(8049,1120),(8049,1121),(8049,1126),(8049,1128),(8049,1135),(8049,1138),(8049,1139),(8049,1141),(8049,1144),(8049,1145),(8049,1150),(8049,1154),(8049,1167),(8049,1168),(8049,1172),(8049,1176),(8049,1179),(8049,1189),(8049,1191),(8049,1208),(8049,1210),(8049,1219),(8049,1229),(8049,1230),(8049,1234),(8049,1237),(8049,1241),(8049,1252),(8049,1253),(8049,1257),(8049,1258),(8049,1261),(8049,1267),(8049,1276),(8049,1280),(8049,1282),(8049,1294),(8049,1300),(8049,1301),(8049,1308),(8049,1309),(8049,1322),(8049,1334),(8049,1345),(8049,1350),(8049,1357),(8049,1359),(8049,1363),(8049,1366),(8049,1377),(8049,1385),(8049,1389),(8049,1390),(8049,1393),(8049,1403),(8049,1405),(8049,1406),(8049,1408),(8049,1411),(8049,1412),(8049,1413),(8049,1418),(8049,1422),(8049,1423),(8049,1425),(8049,1427),(8049,1431),(8049,1442),(8049,1446),(8049,1447),(8049,1448),(8049,1449),(8049,1455),(8049,1462),(8049,1472),(8049,1473),(8049,1478),(8049,1485),(8049,1487),(8049,1491),(8049,1494),(8049,1506),(8049,1515),(8049,1526),(8049,1530),(8049,1535),(8049,1547),(8049,1548),(8049,1554),(8049,1556),(8049,1560),(8049,1564),(8049,1576),(8049,1577),(8049,1587),(8049,1596),(8049,1598),(8049,1600),(8049,1609),(8049,1610),(8049,1613),(8049,1620),(8049,1634),(8049,1635),(8049,1641),(8049,1652),(8049,1656),(8049,1658),(8049,1676),(8049,1681),(8049,1684),(8049,1694),(8049,1696),(8049,1700),(8049,1706),(8049,1734),(8049,1740),(8049,1745),(8049,1752),(8049,1754),(8049,1767),(8049,1769),(8049,1774),(8049,1775),(8049,1776),(8049,1777),(8049,1782),(8049,1786),(8049,1790),(8049,1796),(8049,1805),(8049,1807),(8049,1808),(8049,1816),(8049,1822),(8049,1824),(8049,1833),(8049,1839),(8049,1848),(8049,1858),(8049,1860),(8049,1872),(8049,1873),(8049,1878),(8049,1882),(8049,1887),(8049,1896),(8049,1898),(8049,1900),(8049,1902),(8049,1908),(8049,1911),(8049,1916),(8049,1951),(8049,1952),(8049,1956),(8049,1957),(8049,1958),(8049,1962),(8049,1969),(8049,1970),(8049,1971),(8049,1974),(8049,1982),(8049,1984),(8049,1990),(8050,1002),(8050,1004),(8050,1008),(8050,1010),(8050,1017),(8050,1018),(8050,1020),(8050,1021),(8050,1022),(8050,1030),(8050,1036),(8050,1039),(8050,1040),(8050,1051),(8050,1058),(8050,1060),(8050,1063),(8050,1065),(8050,1069),(8050,1070),(8050,1072),(8050,1085),(8050,1087),(8050,1098),(8050,1099),(8050,1112),(8050,1119),(8050,1126),(8050,1134),(8050,1138),(8050,1140),(8050,1148),(8050,1158),(8050,1162),(8050,1163),(8050,1168),(8050,1174),(8050,1184),(8050,1185),(8050,1189),(8050,1191),(8050,1196),(8050,1200),(8050,1207),(8050,1217),(8050,1220),(8050,1223),(8050,1229),(8050,1231),(8050,1232),(8050,1234),(8050,1249),(8050,1265),(8050,1278),(8050,1283),(8050,1284),(8050,1293),(8050,1294),(8050,1298),(8050,1302),(8050,1308),(8050,1320),(8050,1322),(8050,1323),(8050,1326),(8050,1333),(8050,1335),(8050,1338),(8050,1341),(8050,1346),(8050,1352),(8050,1359),(8050,1365),(8050,1376),(8050,1377),(8050,1391),(8050,1395),(8050,1404),(8050,1408),(8050,1410),(8050,1415),(8050,1420),(8050,1440),(8050,1462),(8050,1464),(8050,1475),(8050,1476),(8050,1477),(8050,1478),(8050,1486),(8050,1491),(8050,1500),(8050,1503),(8050,1518),(8050,1519),(8050,1524),(8050,1529),(8050,1532),(8050,1533),(8050,1537),(8050,1544),(8050,1550),(8050,1551),(8050,1555),(8050,1557),(8050,1567),(8050,1572),(8050,1592),(8050,1595),(8050,1598),(8050,1600),(8050,1601),(8050,1603),(8050,1607),(8050,1609),(8050,1620),(8050,1621),(8050,1623),(8050,1626),(8050,1638),(8050,1644),(8050,1647),(8050,1648),(8050,1651),(8050,1655),(8050,1662),(8050,1663),(8050,1664),(8050,1665),(8050,1686),(8050,1688),(8050,1692),(8050,1693),(8050,1699),(8050,1704),(8050,1712),(8050,1718),(8050,1720),(8050,1724),(8050,1728),(8050,1729),(8050,1730),(8050,1731),(8050,1733),(8050,1739),(8050,1741),(8050,1743),(8050,1746),(8050,1747),(8050,1750),(8050,1751),(8050,1753),(8050,1762),(8050,1766),(8050,1772),(8050,1776),(8050,1785),(8050,1786),(8050,1789),(8050,1790),(8050,1795),(8050,1796),(8050,1803),(8050,1805),(8050,1806),(8050,1812),(8050,1815),(8050,1816),(8050,1822),(8050,1827),(8050,1829),(8050,1831),(8050,1836),(8050,1838),(8050,1839),(8050,1840),(8050,1844),(8050,1854),(8050,1859),(8050,1869),(8050,1874),(8050,1875),(8050,1881),(8050,1882),(8050,1889),(8050,1890),(8050,1891),(8050,1895),(8050,1899),(8050,1901),(8050,1905),(8050,1914),(8050,1919),(8050,1920),(8050,1923),(8050,1924),(8050,1928),(8050,1930),(8050,1933),(8050,1936),(8050,1938),(8050,1946),(8050,1948),(8050,1955),(8050,1956),(8050,1957),(8050,1959),(8050,1970),(8050,1971),(8050,1977),(8050,1979),(8050,1984),(8050,1987),(8050,1992),(8050,1994),(8050,1995),(8051,1000),(8051,1004),(8051,1010),(8051,1014),(8051,1015),(8051,1027),(8051,1028),(8051,1040),(8051,1041),(8051,1048),(8051,1051),(8051,1068),(8051,1077),(8051,1084),(8051,1090),(8051,1097),(8051,1112),(8051,1118),(8051,1120),(8051,1125),(8051,1131),(8051,1133),(8051,1136),(8051,1140),(8051,1145),(8051,1149),(8051,1156),(8051,1157),(8051,1163),(8051,1176),(8051,1177),(8051,1182),(8051,1183),(8051,1189),(8051,1194),(8051,1200),(8051,1208),(8051,1216),(8051,1224),(8051,1225),(8051,1226),(8051,1232),(8051,1235),(8051,1238),(8051,1239),(8051,1243),(8051,1244),(8051,1248),(8051,1262),(8051,1265),(8051,1267),(8051,1274),(8051,1281),(8051,1283),(8051,1287),(8051,1289),(8051,1293),(8051,1301),(8051,1302),(8051,1309),(8051,1313),(8051,1315),(8051,1330),(8051,1338),(8051,1351),(8051,1352),(8051,1355),(8051,1368),(8051,1373),(8051,1381),(8051,1383),(8051,1384),(8051,1386),(8051,1389),(8051,1392),(8051,1393),(8051,1396),(8051,1403),(8051,1404),(8051,1406),(8051,1414),(8051,1415),(8051,1421),(8051,1426),(8051,1428),(8051,1429),(8051,1436),(8051,1439),(8051,1440),(8051,1441),(8051,1449),(8051,1455),(8051,1460),(8051,1462),(8051,1471),(8051,1475),(8051,1477),(8051,1479),(8051,1486),(8051,1490),(8051,1493),(8051,1497),(8051,1499),(8051,1501),(8051,1503),(8051,1505),(8051,1506),(8051,1510),(8051,1516),(8051,1518),(8051,1523),(8051,1528),(8051,1543),(8051,1554),(8051,1556),(8051,1564),(8051,1577),(8051,1583),(8051,1588),(8051,1592),(8051,1596),(8051,1603),(8051,1613),(8051,1619),(8051,1620),(8051,1629),(8051,1635),(8051,1642),(8051,1647),(8051,1648),(8051,1657),(8051,1659),(8051,1697),(8051,1702),(8051,1705),(8051,1724),(8051,1725),(8051,1741),(8051,1742),(8051,1749),(8051,1750),(8051,1763),(8051,1781),(8051,1786),(8051,1792),(8051,1793),(8051,1795),(8051,1799),(8051,1801),(8051,1809),(8051,1811),(8051,1817),(8051,1821),(8051,1833),(8051,1837),(8051,1842),(8051,1846),(8051,1847),(8051,1848),(8051,1849),(8051,1850),(8051,1852),(8051,1855),(8051,1859),(8051,1865),(8051,1870),(8051,1877),(8051,1879),(8051,1881),(8051,1884),(8051,1901),(8051,1903),(8051,1906),(8051,1908),(8051,1910),(8051,1912),(8051,1913),(8051,1914),(8051,1915),(8051,1920),(8051,1932),(8051,1948),(8051,1950),(8051,1952),(8051,1955),(8051,1958),(8051,1959),(8051,1962),(8051,1965),(8051,1968),(8051,1976),(8051,1989),(8051,1994),(8051,1995),(8051,1996),(8052,1004),(8052,1018),(8052,1022),(8052,1023),(8052,1031),(8052,1034),(8052,1039),(8052,1043),(8052,1048),(8052,1049),(8052,1053),(8052,1054),(8052,1059),(8052,1065),(8052,1076),(8052,1078),(8052,1080),(8052,1081),(8052,1099),(8052,1103),(8052,1106),(8052,1108),(8052,1109),(8052,1117),(8052,1122),(8052,1123),(8052,1125),(8052,1128),(8052,1129),(8052,1132),(8052,1137),(8052,1142),(8052,1144),(8052,1150),(8052,1160),(8052,1167),(8052,1175),(8052,1177),(8052,1182),(8052,1185),(8052,1186),(8052,1191),(8052,1194),(8052,1196),(8052,1215),(8052,1222),(8052,1238),(8052,1242),(8052,1243),(8052,1245),(8052,1249),(8052,1251),(8052,1264),(8052,1274),(8052,1276),(8052,1278),(8052,1282),(8052,1287),(8052,1298),(8052,1303),(8052,1305),(8052,1309),(8052,1310),(8052,1316),(8052,1321),(8052,1323),(8052,1326),(8052,1330),(8052,1331),(8052,1332),(8052,1366),(8052,1368),(8052,1373),(8052,1375),(8052,1376),(8052,1380),(8052,1383),(8052,1391),(8052,1395),(8052,1396),(8052,1399),(8052,1410),(8052,1411),(8052,1425),(8052,1431),(8052,1432),(8052,1434),(8052,1435),(8052,1440),(8052,1447),(8052,1457),(8052,1458),(8052,1459),(8052,1460),(8052,1461),(8052,1468),(8052,1481),(8052,1486),(8052,1487),(8052,1500),(8052,1502),(8052,1505),(8052,1512),(8052,1517),(8052,1523),(8052,1530),(8052,1535),(8052,1536),(8052,1539),(8052,1559),(8052,1565),(8052,1569),(8052,1574),(8052,1578),(8052,1590),(8052,1591),(8052,1598),(8052,1601),(8052,1611),(8052,1618),(8052,1623),(8052,1625),(8052,1630),(8052,1632),(8052,1636),(8052,1640),(8052,1650),(8052,1652),(8052,1653),(8052,1656),(8052,1660),(8052,1666),(8052,1667),(8052,1674),(8052,1686),(8052,1691),(8052,1692),(8052,1702),(8052,1708),(8052,1715),(8052,1720),(8052,1722),(8052,1738),(8052,1739),(8052,1740),(8052,1743),(8052,1745),(8052,1753),(8052,1755),(8052,1762),(8052,1767),(8052,1771),(8052,1772),(8052,1790),(8052,1793),(8052,1799),(8052,1800),(8052,1803),(8052,1810),(8052,1816),(8052,1819),(8052,1822),(8052,1826),(8052,1836),(8052,1840),(8052,1847),(8052,1849),(8052,1858),(8052,1864),(8052,1870),(8052,1878),(8052,1879),(8052,1889),(8052,1896),(8052,1897),(8052,1901),(8052,1905),(8052,1911),(8052,1914),(8052,1916),(8052,1922),(8052,1938),(8052,1943),(8052,1952),(8052,1959),(8052,1960),(8052,1961),(8052,1967),(8052,1969),(8052,1975),(8052,1977),(8052,1979),(8052,1983),(8052,1993),(8053,1005),(8053,1011),(8053,1019),(8053,1023),(8053,1024),(8053,1036),(8053,1038),(8053,1039),(8053,1050),(8053,1051),(8053,1054),(8053,1055),(8053,1066),(8053,1068),(8053,1077),(8053,1078),(8053,1085),(8053,1087),(8053,1097),(8053,1102),(8053,1109),(8053,1112),(8053,1116),(8053,1120),(8053,1130),(8053,1138),(8053,1142),(8053,1147),(8053,1150),(8053,1153),(8053,1158),(8053,1171),(8053,1174),(8053,1176),(8053,1189),(8053,1191),(8053,1192),(8053,1193),(8053,1197),(8053,1203),(8053,1212),(8053,1213),(8053,1225),(8053,1232),(8053,1233),(8053,1241),(8053,1242),(8053,1244),(8053,1253),(8053,1254),(8053,1256),(8053,1258),(8053,1259),(8053,1263),(8053,1265),(8053,1273),(8053,1277),(8053,1283),(8053,1288),(8053,1292),(8053,1293),(8053,1300),(8053,1303),(8053,1304),(8053,1306),(8053,1308),(8053,1310),(8053,1311),(8053,1313),(8053,1316),(8053,1321),(8053,1336),(8053,1337),(8053,1341),(8053,1343),(8053,1350),(8053,1367),(8053,1372),(8053,1381),(8053,1392),(8053,1397),(8053,1399),(8053,1400),(8053,1422),(8053,1427),(8053,1433),(8053,1435),(8053,1440),(8053,1448),(8053,1450),(8053,1452),(8053,1455),(8053,1456),(8053,1459),(8053,1477),(8053,1483),(8053,1500),(8053,1507),(8053,1509),(8053,1511),(8053,1512),(8053,1524),(8053,1528),(8053,1539),(8053,1546),(8053,1548),(8053,1555),(8053,1556),(8053,1558),(8053,1559),(8053,1561),(8053,1571),(8053,1572),(8053,1587),(8053,1591),(8053,1594),(8053,1597),(8053,1601),(8053,1607),(8053,1611),(8053,1616),(8053,1632),(8053,1635),(8053,1642),(8053,1657),(8053,1662),(8053,1666),(8053,1671),(8053,1677),(8053,1678),(8053,1680),(8053,1686),(8053,1688),(8053,1690),(8053,1697),(8053,1707),(8053,1713),(8053,1714),(8053,1716),(8053,1718),(8053,1719),(8053,1726),(8053,1728),(8053,1732),(8053,1755),(8053,1759),(8053,1762),(8053,1764),(8053,1777),(8053,1779),(8053,1780),(8053,1787),(8053,1790),(8053,1792),(8053,1794),(8053,1796),(8053,1799),(8053,1816),(8053,1818),(8053,1819),(8053,1823),(8053,1827),(8053,1832),(8053,1834),(8053,1835),(8053,1837),(8053,1848),(8053,1849),(8053,1851),(8053,1858),(8053,1877),(8053,1879),(8053,1899),(8053,1903),(8053,1906),(8053,1910),(8053,1911),(8053,1914),(8053,1924),(8053,1931),(8053,1935),(8053,1938),(8053,1940),(8053,1947),(8053,1962),(8053,1969),(8053,1971),(8053,1972),(8053,1973),(8053,1978),(8053,1985),(8053,1987),(8053,1997),(8053,1998),(8054,1004),(8054,1005),(8054,1014),(8054,1017),(8054,1037),(8054,1042),(8054,1046),(8054,1049),(8054,1058),(8054,1062),(8054,1069),(8054,1074),(8054,1077),(8054,1080),(8054,1084),(8054,1091),(8054,1097),(8054,1103),(8054,1112),(8054,1118),(8054,1119),(8054,1121),(8054,1136),(8054,1153),(8054,1154),(8054,1157),(8054,1159),(8054,1162),(8054,1164),(8054,1165),(8054,1169),(8054,1170),(8054,1178),(8054,1181),(8054,1187),(8054,1189),(8054,1191),(8054,1194),(8054,1196),(8054,1204),(8054,1205),(8054,1212),(8054,1213),(8054,1214),(8054,1215),(8054,1225),(8054,1234),(8054,1236),(8054,1249),(8054,1251),(8054,1257),(8054,1266),(8054,1267),(8054,1270),(8054,1271),(8054,1273),(8054,1276),(8054,1280),(8054,1285),(8054,1286),(8054,1287),(8054,1288),(8054,1290),(8054,1298),(8054,1304),(8054,1311),(8054,1316),(8054,1317),(8054,1318),(8054,1320),(8054,1324),(8054,1336),(8054,1370),(8054,1371),(8054,1372),(8054,1381),(8054,1385),(8054,1388),(8054,1392),(8054,1396),(8054,1397),(8054,1398),(8054,1400),(8054,1402),(8054,1403),(8054,1409),(8054,1410),(8054,1414),(8054,1430),(8054,1435),(8054,1440),(8054,1459),(8054,1465),(8054,1469),(8054,1475),(8054,1481),(8054,1495),(8054,1497),(8054,1521),(8054,1528),(8054,1536),(8054,1548),(8054,1557),(8054,1562),(8054,1563),(8054,1566),(8054,1568),(8054,1571),(8054,1576),(8054,1577),(8054,1578),(8054,1582),(8054,1586),(8054,1592),(8054,1595),(8054,1597),(8054,1598),(8054,1599),(8054,1605),(8054,1612),(8054,1614),(8054,1619),(8054,1626),(8054,1634),(8054,1647),(8054,1648),(8054,1658),(8054,1659),(8054,1661),(8054,1665),(8054,1666),(8054,1669),(8054,1671),(8054,1672),(8054,1677),(8054,1679),(8054,1687),(8054,1689),(8054,1692),(8054,1707),(8054,1708),(8054,1720),(8054,1724),(8054,1726),(8054,1727),(8054,1729),(8054,1736),(8054,1738),(8054,1748),(8054,1757),(8054,1760),(8054,1761),(8054,1766),(8054,1773),(8054,1779),(8054,1780),(8054,1785),(8054,1787),(8054,1788),(8054,1789),(8054,1793),(8054,1794),(8054,1798),(8054,1801),(8054,1804),(8054,1812),(8054,1813),(8054,1821),(8054,1822),(8054,1834),(8054,1836),(8054,1838),(8054,1848),(8054,1852),(8054,1854),(8054,1857),(8054,1863),(8054,1864),(8054,1875),(8054,1882),(8054,1891),(8054,1896),(8054,1899),(8054,1902),(8054,1907),(8054,1910),(8054,1912),(8054,1915),(8054,1918),(8054,1919),(8054,1920),(8054,1924),(8054,1927),(8054,1933),(8054,1935),(8054,1951),(8054,1957),(8054,1964),(8054,1968),(8054,1970),(8054,1972),(8054,1973),(8054,1975),(8054,1977),(8054,1980),(8054,1986),(8054,1992),(8054,1994),(8055,1002),(8055,1003),(8055,1017),(8055,1022),(8055,1023),(8055,1031),(8055,1035),(8055,1036),(8055,1037),(8055,1040),(8055,1046),(8055,1047),(8055,1059),(8055,1062),(8055,1070),(8055,1093),(8055,1101),(8055,1105),(8055,1109),(8055,1112),(8055,1113),(8055,1114),(8055,1117),(8055,1121),(8055,1132),(8055,1134),(8055,1143),(8055,1151),(8055,1168),(8055,1170),(8055,1176),(8055,1177),(8055,1181),(8055,1182),(8055,1188),(8055,1190),(8055,1193),(8055,1210),(8055,1211),(8055,1219),(8055,1222),(8055,1231),(8055,1235),(8055,1242),(8055,1249),(8055,1250),(8055,1251),(8055,1259),(8055,1260),(8055,1261),(8055,1267),(8055,1274),(8055,1275),(8055,1276),(8055,1290),(8055,1292),(8055,1293),(8055,1294),(8055,1297),(8055,1299),(8055,1304),(8055,1308),(8055,1312),(8055,1314),(8055,1325),(8055,1339),(8055,1346),(8055,1349),(8055,1351),(8055,1359),(8055,1365),(8055,1366),(8055,1368),(8055,1380),(8055,1382),(8055,1387),(8055,1388),(8055,1396),(8055,1403),(8055,1404),(8055,1405),(8055,1409),(8055,1411),(8055,1413),(8055,1421),(8055,1424),(8055,1426),(8055,1431),(8055,1433),(8055,1434),(8055,1447),(8055,1451),(8055,1453),(8055,1461),(8055,1464),(8055,1472),(8055,1479),(8055,1485),(8055,1489),(8055,1494),(8055,1495),(8055,1496),(8055,1502),(8055,1512),(8055,1526),(8055,1528),(8055,1530),(8055,1533),(8055,1536),(8055,1542),(8055,1555),(8055,1556),(8055,1560),(8055,1561),(8055,1577),(8055,1578),(8055,1585),(8055,1586),(8055,1588),(8055,1589),(8055,1590),(8055,1594),(8055,1601),(8055,1607),(8055,1608),(8055,1616),(8055,1623),(8055,1627),(8055,1631),(8055,1637),(8055,1641),(8055,1643),(8055,1646),(8055,1658),(8055,1674),(8055,1675),(8055,1678),(8055,1683),(8055,1691),(8055,1702),(8055,1709),(8055,1711),(8055,1717),(8055,1731),(8055,1737),(8055,1738),(8055,1747),(8055,1759),(8055,1765),(8055,1766),(8055,1768),(8055,1772),(8055,1773),(8055,1789),(8055,1791),(8055,1792),(8055,1799),(8055,1807),(8055,1808),(8055,1811),(8055,1820),(8055,1845),(8055,1858),(8055,1861),(8055,1866),(8055,1872),(8055,1873),(8055,1875),(8055,1880),(8055,1888),(8055,1890),(8055,1891),(8055,1892),(8055,1907),(8055,1915),(8055,1919),(8055,1929),(8055,1943),(8055,1951),(8055,1952),(8055,1954),(8055,1965),(8055,1981),(8055,1983),(8055,1986),(8055,1989),(8055,1994),(8056,1004),(8056,1011),(8056,1024),(8056,1025),(8056,1029),(8056,1033),(8056,1037),(8056,1045),(8056,1046),(8056,1047),(8056,1048),(8056,1055),(8056,1059),(8056,1063),(8056,1072),(8056,1074),(8056,1075),(8056,1076),(8056,1087),(8056,1089),(8056,1094),(8056,1100),(8056,1101),(8056,1102),(8056,1106),(8056,1112),(8056,1113),(8056,1118),(8056,1127),(8056,1135),(8056,1142),(8056,1146),(8056,1147),(8056,1162),(8056,1164),(8056,1165),(8056,1170),(8056,1175),(8056,1185),(8056,1190),(8056,1192),(8056,1210),(8056,1212),(8056,1223),(8056,1232),(8056,1233),(8056,1235),(8056,1242),(8056,1244),(8056,1250),(8056,1258),(8056,1261),(8056,1265),(8056,1274),(8056,1280),(8056,1282),(8056,1291),(8056,1292),(8056,1294),(8056,1295),(8056,1296),(8056,1299),(8056,1300),(8056,1301),(8056,1307),(8056,1313),(8056,1315),(8056,1330),(8056,1331),(8056,1333),(8056,1335),(8056,1340),(8056,1342),(8056,1346),(8056,1347),(8056,1351),(8056,1354),(8056,1356),(8056,1360),(8056,1362),(8056,1366),(8056,1371),(8056,1374),(8056,1375),(8056,1377),(8056,1378),(8056,1382),(8056,1384),(8056,1385),(8056,1392),(8056,1409),(8056,1410),(8056,1412),(8056,1413),(8056,1415),(8056,1417),(8056,1429),(8056,1431),(8056,1440),(8056,1442),(8056,1450),(8056,1454),(8056,1456),(8056,1460),(8056,1465),(8056,1467),(8056,1471),(8056,1474),(8056,1478),(8056,1480),(8056,1485),(8056,1486),(8056,1488),(8056,1499),(8056,1508),(8056,1522),(8056,1524),(8056,1532),(8056,1536),(8056,1544),(8056,1553),(8056,1559),(8056,1569),(8056,1570),(8056,1572),(8056,1573),(8056,1575),(8056,1580),(8056,1591),(8056,1596),(8056,1605),(8056,1612),(8056,1614),(8056,1623),(8056,1626),(8056,1632),(8056,1639),(8056,1641),(8056,1643),(8056,1656),(8056,1659),(8056,1665),(8056,1671),(8056,1674),(8056,1677),(8056,1686),(8056,1695),(8056,1697),(8056,1704),(8056,1722),(8056,1730),(8056,1731),(8056,1735),(8056,1737),(8056,1758),(8056,1775),(8056,1785),(8056,1786),(8056,1789),(8056,1790),(8056,1791),(8056,1794),(8056,1798),(8056,1799),(8056,1801),(8056,1802),(8056,1803),(8056,1805),(8056,1812),(8056,1813),(8056,1828),(8056,1832),(8056,1844),(8056,1845),(8056,1846),(8056,1848),(8056,1854),(8056,1856),(8056,1858),(8056,1866),(8056,1881),(8056,1888),(8056,1900),(8056,1902),(8056,1905),(8056,1910),(8056,1916),(8056,1924),(8056,1928),(8056,1935),(8056,1937),(8056,1942),(8056,1946),(8056,1950),(8056,1959),(8056,1963),(8056,1968),(8056,1969),(8056,1972),(8056,1973),(8056,1982),(8056,1983),(8056,1984),(8056,1985),(8056,1986),(8057,1005),(8057,1008),(8057,1011),(8057,1018),(8057,1022),(8057,1027),(8057,1028),(8057,1029),(8057,1032),(8057,1033),(8057,1034),(8057,1038),(8057,1040),(8057,1042),(8057,1044),(8057,1046),(8057,1052),(8057,1056),(8057,1057),(8057,1059),(8057,1070),(8057,1079),(8057,1086),(8057,1088),(8057,1092),(8057,1096),(8057,1103),(8057,1105),(8057,1108),(8057,1115),(8057,1117),(8057,1118),(8057,1125),(8057,1133),(8057,1135),(8057,1136),(8057,1140),(8057,1141),(8057,1143),(8057,1144),(8057,1145),(8057,1148),(8057,1157),(8057,1159),(8057,1164),(8057,1165),(8057,1168),(8057,1171),(8057,1178),(8057,1182),(8057,1185),(8057,1190),(8057,1196),(8057,1206),(8057,1207),(8057,1224),(8057,1228),(8057,1232),(8057,1242),(8057,1243),(8057,1253),(8057,1255),(8057,1272),(8057,1277),(8057,1278),(8057,1290),(8057,1296),(8057,1302),(8057,1304),(8057,1310),(8057,1311),(8057,1326),(8057,1327),(8057,1335),(8057,1344),(8057,1345),(8057,1355),(8057,1358),(8057,1369),(8057,1371),(8057,1375),(8057,1376),(8057,1385),(8057,1392),(8057,1394),(8057,1403),(8057,1406),(8057,1417),(8057,1419),(8057,1421),(8057,1425),(8057,1427),(8057,1436),(8057,1441),(8057,1442),(8057,1444),(8057,1446),(8057,1448),(8057,1450),(8057,1455),(8057,1459),(8057,1463),(8057,1465),(8057,1469),(8057,1472),(8057,1474),(8057,1481),(8057,1483),(8057,1484),(8057,1487),(8057,1495),(8057,1496),(8057,1500),(8057,1512),(8057,1518),(8057,1526),(8057,1528),(8057,1529),(8057,1534),(8057,1540),(8057,1542),(8057,1543),(8057,1549),(8057,1550),(8057,1553),(8057,1560),(8057,1580),(8057,1581),(8057,1587),(8057,1588),(8057,1589),(8057,1594),(8057,1600),(8057,1601),(8057,1602),(8057,1603),(8057,1612),(8057,1625),(8057,1631),(8057,1632),(8057,1634),(8057,1636),(8057,1638),(8057,1639),(8057,1641),(8057,1643),(8057,1655),(8057,1658),(8057,1661),(8057,1664),(8057,1670),(8057,1671),(8057,1680),(8057,1681),(8057,1691),(8057,1693),(8057,1694),(8057,1698),(8057,1716),(8057,1721),(8057,1723),(8057,1729),(8057,1748),(8057,1750),(8057,1763),(8057,1764),(8057,1769),(8057,1774),(8057,1775),(8057,1803),(8057,1811),(8057,1815),(8057,1823),(8057,1825),(8057,1833),(8057,1836),(8057,1841),(8057,1846),(8057,1848),(8057,1855),(8057,1863),(8057,1870),(8057,1882),(8057,1883),(8057,1886),(8057,1896),(8057,1899),(8057,1900),(8057,1909),(8057,1912),(8057,1919),(8057,1929),(8057,1938),(8057,1939),(8057,1945),(8057,1956),(8057,1957),(8057,1958),(8057,1959),(8057,1966),(8057,1976),(8057,1977),(8057,1983),(8057,1989),(8057,1991),(8057,1996),(8057,1997),(8058,1001),(8058,1004),(8058,1005),(8058,1006),(8058,1023),(8058,1027),(8058,1031),(8058,1035),(8058,1037),(8058,1046),(8058,1052),(8058,1053),(8058,1054),(8058,1056),(8058,1057),(8058,1058),(8058,1064),(8058,1065),(8058,1068),(8058,1069),(8058,1070),(8058,1072),(8058,1074),(8058,1084),(8058,1085),(8058,1089),(8058,1097),(8058,1115),(8058,1118),(8058,1122),(8058,1130),(8058,1131),(8058,1135),(8058,1139),(8058,1140),(8058,1155),(8058,1160),(8058,1162),(8058,1163),(8058,1168),(8058,1171),(8058,1176),(8058,1184),(8058,1186),(8058,1196),(8058,1201),(8058,1215),(8058,1217),(8058,1220),(8058,1224),(8058,1225),(8058,1227),(8058,1230),(8058,1240),(8058,1246),(8058,1247),(8058,1248),(8058,1251),(8058,1256),(8058,1258),(8058,1264),(8058,1275),(8058,1279),(8058,1282),(8058,1285),(8058,1290),(8058,1299),(8058,1302),(8058,1304),(8058,1305),(8058,1318),(8058,1320),(8058,1328),(8058,1331),(8058,1332),(8058,1334),(8058,1335),(8058,1341),(8058,1343),(8058,1344),(8058,1358),(8058,1360),(8058,1361),(8058,1363),(8058,1366),(8058,1375),(8058,1380),(8058,1382),(8058,1384),(8058,1386),(8058,1387),(8058,1391),(8058,1396),(8058,1401),(8058,1405),(8058,1407),(8058,1414),(8058,1417),(8058,1418),(8058,1421),(8058,1427),(8058,1446),(8058,1449),(8058,1453),(8058,1454),(8058,1463),(8058,1473),(8058,1479),(8058,1484),(8058,1485),(8058,1496),(8058,1501),(8058,1511),(8058,1513),(8058,1520),(8058,1525),(8058,1527),(8058,1528),(8058,1534),(8058,1539),(8058,1540),(8058,1541),(8058,1542),(8058,1547),(8058,1550),(8058,1553),(8058,1563),(8058,1577),(8058,1578),(8058,1584),(8058,1586),(8058,1595),(8058,1596),(8058,1606),(8058,1610),(8058,1613),(8058,1619),(8058,1622),(8058,1625),(8058,1630),(8058,1633),(8058,1642),(8058,1647),(8058,1649),(8058,1664),(8058,1667),(8058,1677),(8058,1694),(8058,1695),(8058,1698),(8058,1699),(8058,1705),(8058,1725),(8058,1736),(8058,1740),(8058,1748),(8058,1749),(8058,1752),(8058,1755),(8058,1757),(8058,1760),(8058,1761),(8058,1764),(8058,1767),(8058,1770),(8058,1778),(8058,1783),(8058,1786),(8058,1792),(8058,1795),(8058,1801),(8058,1806),(8058,1807),(8058,1811),(8058,1812),(8058,1813),(8058,1814),(8058,1817),(8058,1822),(8058,1824),(8058,1829),(8058,1838),(8058,1841),(8058,1846),(8058,1848),(8058,1850),(8058,1852),(8058,1859),(8058,1875),(8058,1877),(8058,1878),(8058,1894),(8058,1898),(8058,1899),(8058,1902),(8058,1914),(8058,1916),(8058,1919),(8058,1920),(8058,1930),(8058,1934),(8058,1935),(8058,1945),(8058,1950),(8058,1951),(8058,1959),(8058,1967),(8058,1971),(8058,1976),(8058,1983),(8058,1984),(8058,1996),(8059,1026),(8059,1029),(8059,1031),(8059,1033),(8059,1039),(8059,1053),(8059,1061),(8059,1063),(8059,1065),(8059,1066),(8059,1069),(8059,1076),(8059,1077),(8059,1081),(8059,1085),(8059,1089),(8059,1096),(8059,1098),(8059,1100),(8059,1107),(8059,1110),(8059,1113),(8059,1118),(8059,1127),(8059,1130),(8059,1135),(8059,1143),(8059,1147),(8059,1148),(8059,1154),(8059,1162),(8059,1164),(8059,1168),(8059,1169),(8059,1170),(8059,1173),(8059,1177),(8059,1178),(8059,1180),(8059,1181),(8059,1187),(8059,1189),(8059,1193),(8059,1197),(8059,1203),(8059,1215),(8059,1216),(8059,1224),(8059,1227),(8059,1229),(8059,1242),(8059,1243),(8059,1245),(8059,1246),(8059,1248),(8059,1255),(8059,1259),(8059,1267),(8059,1273),(8059,1278),(8059,1286),(8059,1292),(8059,1296),(8059,1297),(8059,1298),(8059,1299),(8059,1300),(8059,1307),(8059,1310),(8059,1315),(8059,1318),(8059,1320),(8059,1321),(8059,1332),(8059,1334),(8059,1335),(8059,1336),(8059,1337),(8059,1340),(8059,1345),(8059,1346),(8059,1347),(8059,1350),(8059,1352),(8059,1353),(8059,1357),(8059,1362),(8059,1377),(8059,1382),(8059,1385),(8059,1391),(8059,1404),(8059,1414),(8059,1417),(8059,1421),(8059,1422),(8059,1423),(8059,1440),(8059,1443),(8059,1445),(8059,1451),(8059,1456),(8059,1457),(8059,1459),(8059,1461),(8059,1467),(8059,1471),(8059,1474),(8059,1478),(8059,1479),(8059,1491),(8059,1492),(8059,1493),(8059,1508),(8059,1509),(8059,1514),(8059,1519),(8059,1523),(8059,1529),(8059,1532),(8059,1535),(8059,1537),(8059,1539),(8059,1560),(8059,1563),(8059,1565),(8059,1568),(8059,1570),(8059,1575),(8059,1580),(8059,1583),(8059,1591),(8059,1597),(8059,1617),(8059,1619),(8059,1620),(8059,1636),(8059,1637),(8059,1640),(8059,1648),(8059,1654),(8059,1670),(8059,1671),(8059,1673),(8059,1674),(8059,1675),(8059,1679),(8059,1680),(8059,1688),(8059,1689),(8059,1714),(8059,1715),(8059,1732),(8059,1734),(8059,1738),(8059,1744),(8059,1745),(8059,1748),(8059,1749),(8059,1753),(8059,1756),(8059,1758),(8059,1761),(8059,1764),(8059,1766),(8059,1770),(8059,1782),(8059,1785),(8059,1791),(8059,1813),(8059,1815),(8059,1826),(8059,1833),(8059,1834),(8059,1843),(8059,1844),(8059,1853),(8059,1859),(8059,1860),(8059,1861),(8059,1863),(8059,1870),(8059,1872),(8059,1874),(8059,1877),(8059,1880),(8059,1888),(8059,1898),(8059,1909),(8059,1912),(8059,1913),(8059,1914),(8059,1935),(8059,1936),(8059,1942),(8059,1947),(8059,1949),(8059,1951),(8059,1961),(8059,1963),(8059,1965),(8059,1968),(8059,1973),(8059,1977),(8059,1980),(8059,1981),(8059,1988),(8059,1992),(8059,1993),(8059,1994),(8059,1995),(8059,1998),(8060,1004),(8060,1024),(8060,1033),(8060,1036),(8060,1046),(8060,1052),(8060,1053),(8060,1054),(8060,1061),(8060,1065),(8060,1070),(8060,1071),(8060,1078),(8060,1081),(8060,1084),(8060,1088),(8060,1089),(8060,1093),(8060,1109),(8060,1113),(8060,1119),(8060,1120),(8060,1126),(8060,1141),(8060,1143),(8060,1145),(8060,1149),(8060,1160),(8060,1181),(8060,1189),(8060,1193),(8060,1194),(8060,1196),(8060,1202),(8060,1203),(8060,1212),(8060,1223),(8060,1241),(8060,1244),(8060,1256),(8060,1267),(8060,1269),(8060,1271),(8060,1274),(8060,1278),(8060,1283),(8060,1286),(8060,1294),(8060,1301),(8060,1307),(8060,1314),(8060,1318),(8060,1326),(8060,1329),(8060,1332),(8060,1334),(8060,1340),(8060,1341),(8060,1345),(8060,1349),(8060,1355),(8060,1358),(8060,1360),(8060,1374),(8060,1376),(8060,1379),(8060,1383),(8060,1384),(8060,1390),(8060,1394),(8060,1396),(8060,1397),(8060,1400),(8060,1413),(8060,1421),(8060,1442),(8060,1443),(8060,1445),(8060,1447),(8060,1451),(8060,1455),(8060,1463),(8060,1468),(8060,1473),(8060,1476),(8060,1480),(8060,1482),(8060,1484),(8060,1487),(8060,1492),(8060,1500),(8060,1503),(8060,1506),(8060,1507),(8060,1511),(8060,1524),(8060,1534),(8060,1539),(8060,1542),(8060,1548),(8060,1561),(8060,1572),(8060,1578),(8060,1593),(8060,1597),(8060,1598),(8060,1610),(8060,1616),(8060,1618),(8060,1620),(8060,1629),(8060,1633),(8060,1636),(8060,1649),(8060,1657),(8060,1666),(8060,1674),(8060,1679),(8060,1682),(8060,1683),(8060,1684),(8060,1691),(8060,1695),(8060,1704),(8060,1708),(8060,1709),(8060,1710),(8060,1712),(8060,1715),(8060,1721),(8060,1725),(8060,1729),(8060,1731),(8060,1747),(8060,1769),(8060,1771),(8060,1780),(8060,1786),(8060,1787),(8060,1791),(8060,1796),(8060,1803),(8060,1806),(8060,1810),(8060,1812),(8060,1813),(8060,1817),(8060,1820),(8060,1840),(8060,1855),(8060,1867),(8060,1872),(8060,1879),(8060,1890),(8060,1899),(8060,1906),(8060,1917),(8060,1930),(8060,1931),(8060,1933),(8060,1935),(8060,1936),(8060,1940),(8060,1948),(8060,1954),(8060,1955),(8060,1958),(8060,1980),(8060,1986),(8060,1991),(8061,1001),(8061,1004),(8061,1005),(8061,1017),(8061,1020),(8061,1023),(8061,1046),(8061,1050),(8061,1051),(8061,1063),(8061,1064),(8061,1071),(8061,1082),(8061,1087),(8061,1089),(8061,1091),(8061,1099),(8061,1100),(8061,1105),(8061,1107),(8061,1110),(8061,1136),(8061,1139),(8061,1150),(8061,1154),(8061,1155),(8061,1161),(8061,1163),(8061,1178),(8061,1185),(8061,1194),(8061,1195),(8061,1198),(8061,1200),(8061,1210),(8061,1216),(8061,1224),(8061,1226),(8061,1231),(8061,1233),(8061,1234),(8061,1240),(8061,1241),(8061,1246),(8061,1247),(8061,1253),(8061,1269),(8061,1270),(8061,1272),(8061,1273),(8061,1275),(8061,1276),(8061,1295),(8061,1296),(8061,1300),(8061,1304),(8061,1309),(8061,1318),(8061,1320),(8061,1321),(8061,1325),(8061,1326),(8061,1332),(8061,1334),(8061,1337),(8061,1338),(8061,1339),(8061,1343),(8061,1349),(8061,1362),(8061,1364),(8061,1366),(8061,1367),(8061,1376),(8061,1377),(8061,1378),(8061,1379),(8061,1380),(8061,1384),(8061,1391),(8061,1392),(8061,1395),(8061,1396),(8061,1406),(8061,1410),(8061,1412),(8061,1415),(8061,1420),(8061,1423),(8061,1430),(8061,1438),(8061,1444),(8061,1448),(8061,1451),(8061,1458),(8061,1459),(8061,1470),(8061,1475),(8061,1477),(8061,1484),(8061,1494),(8061,1498),(8061,1509),(8061,1515),(8061,1516),(8061,1518),(8061,1519),(8061,1524),(8061,1525),(8061,1528),(8061,1533),(8061,1534),(8061,1539),(8061,1540),(8061,1542),(8061,1544),(8061,1547),(8061,1550),(8061,1556),(8061,1563),(8061,1567),(8061,1574),(8061,1583),(8061,1589),(8061,1591),(8061,1609),(8061,1610),(8061,1615),(8061,1618),(8061,1629),(8061,1631),(8061,1635),(8061,1637),(8061,1638),(8061,1639),(8061,1641),(8061,1643),(8061,1652),(8061,1668),(8061,1669),(8061,1671),(8061,1676),(8061,1682),(8061,1685),(8061,1695),(8061,1699),(8061,1707),(8061,1719),(8061,1721),(8061,1723),(8061,1727),(8061,1728),(8061,1734),(8061,1737),(8061,1747),(8061,1756),(8061,1757),(8061,1765),(8061,1774),(8061,1779),(8061,1783),(8061,1784),(8061,1787),(8061,1790),(8061,1791),(8061,1799),(8061,1801),(8061,1804),(8061,1808),(8061,1816),(8061,1819),(8061,1820),(8061,1826),(8061,1829),(8061,1838),(8061,1843),(8061,1853),(8061,1854),(8061,1856),(8061,1875),(8061,1876),(8061,1881),(8061,1898),(8061,1900),(8061,1902),(8061,1904),(8061,1907),(8061,1915),(8061,1925),(8061,1927),(8061,1935),(8061,1939),(8061,1944),(8061,1945),(8061,1949),(8061,1957),(8061,1961),(8061,1962),(8061,1967),(8061,1973),(8061,1974),(8061,1989),(8062,1000),(8062,1002),(8062,1004),(8062,1008),(8062,1009),(8062,1011),(8062,1016),(8062,1018),(8062,1026),(8062,1031),(8062,1039),(8062,1041),(8062,1056),(8062,1058),(8062,1064),(8062,1070),(8062,1072),(8062,1073),(8062,1078),(8062,1085),(8062,1088),(8062,1089),(8062,1090),(8062,1092),(8062,1099),(8062,1100),(8062,1104),(8062,1106),(8062,1107),(8062,1108),(8062,1110),(8062,1118),(8062,1119),(8062,1120),(8062,1136),(8062,1143),(8062,1144),(8062,1145),(8062,1146),(8062,1148),(8062,1159),(8062,1161),(8062,1170),(8062,1171),(8062,1172),(8062,1175),(8062,1179),(8062,1187),(8062,1190),(8062,1196),(8062,1204),(8062,1210),(8062,1223),(8062,1225),(8062,1238),(8062,1240),(8062,1243),(8062,1245),(8062,1246),(8062,1264),(8062,1276),(8062,1280),(8062,1288),(8062,1291),(8062,1296),(8062,1306),(8062,1308),(8062,1312),(8062,1317),(8062,1318),(8062,1322),(8062,1329),(8062,1345),(8062,1350),(8062,1355),(8062,1362),(8062,1364),(8062,1374),(8062,1385),(8062,1388),(8062,1395),(8062,1406),(8062,1408),(8062,1420),(8062,1421),(8062,1423),(8062,1432),(8062,1445),(8062,1446),(8062,1449),(8062,1451),(8062,1455),(8062,1457),(8062,1461),(8062,1462),(8062,1463),(8062,1468),(8062,1473),(8062,1483),(8062,1487),(8062,1490),(8062,1492),(8062,1496),(8062,1501),(8062,1515),(8062,1528),(8062,1532),(8062,1538),(8062,1544),(8062,1546),(8062,1549),(8062,1560),(8062,1562),(8062,1569),(8062,1571),(8062,1592),(8062,1605),(8062,1608),(8062,1613),(8062,1615),(8062,1621),(8062,1626),(8062,1629),(8062,1631),(8062,1636),(8062,1638),(8062,1643),(8062,1651),(8062,1652),(8062,1653),(8062,1655),(8062,1657),(8062,1658),(8062,1669),(8062,1670),(8062,1674),(8062,1675),(8062,1687),(8062,1697),(8062,1699),(8062,1701),(8062,1704),(8062,1711),(8062,1719),(8062,1725),(8062,1728),(8062,1730),(8062,1738),(8062,1744),(8062,1748),(8062,1752),(8062,1756),(8062,1760),(8062,1765),(8062,1768),(8062,1775),(8062,1780),(8062,1781),(8062,1792),(8062,1793),(8062,1807),(8062,1811),(8062,1819),(8062,1826),(8062,1827),(8062,1830),(8062,1836),(8062,1839),(8062,1843),(8062,1847),(8062,1848),(8062,1849),(8062,1852),(8062,1856),(8062,1858),(8062,1866),(8062,1878),(8062,1879),(8062,1898),(8062,1906),(8062,1919),(8062,1924),(8062,1927),(8062,1929),(8062,1936),(8062,1939),(8062,1945),(8062,1971),(8062,1979),(8062,1984),(8062,1988),(8062,1990),(8062,1991),(8062,1995),(8062,1998),(8063,1004),(8063,1006),(8063,1007),(8063,1015),(8063,1018),(8063,1024),(8063,1033),(8063,1044),(8063,1045),(8063,1046),(8063,1053),(8063,1055),(8063,1058),(8063,1059),(8063,1060),(8063,1061),(8063,1067),(8063,1070),(8063,1078),(8063,1081),(8063,1082),(8063,1086),(8063,1097),(8063,1110),(8063,1113),(8063,1133),(8063,1134),(8063,1135),(8063,1136),(8063,1148),(8063,1152),(8063,1156),(8063,1157),(8063,1159),(8063,1167),(8063,1174),(8063,1179),(8063,1181),(8063,1189),(8063,1192),(8063,1193),(8063,1197),(8063,1221),(8063,1232),(8063,1246),(8063,1248),(8063,1251),(8063,1254),(8063,1256),(8063,1258),(8063,1264),(8063,1267),(8063,1268),(8063,1272),(8063,1277),(8063,1283),(8063,1287),(8063,1288),(8063,1294),(8063,1297),(8063,1301),(8063,1307),(8063,1323),(8063,1330),(8063,1334),(8063,1336),(8063,1341),(8063,1355),(8063,1363),(8063,1367),(8063,1368),(8063,1370),(8063,1383),(8063,1385),(8063,1386),(8063,1389),(8063,1392),(8063,1394),(8063,1403),(8063,1404),(8063,1408),(8063,1413),(8063,1417),(8063,1418),(8063,1419),(8063,1420),(8063,1424),(8063,1427),(8063,1430),(8063,1437),(8063,1440),(8063,1442),(8063,1445),(8063,1451),(8063,1466),(8063,1476),(8063,1482),(8063,1484),(8063,1488),(8063,1496),(8063,1499),(8063,1501),(8063,1503),(8063,1504),(8063,1505),(8063,1507),(8063,1508),(8063,1516),(8063,1523),(8063,1524),(8063,1533),(8063,1535),(8063,1537),(8063,1541),(8063,1544),(8063,1545),(8063,1553),(8063,1556),(8063,1557),(8063,1558),(8063,1559),(8063,1561),(8063,1564),(8063,1572),(8063,1574),(8063,1577),(8063,1579),(8063,1582),(8063,1584),(8063,1587),(8063,1590),(8063,1596),(8063,1600),(8063,1604),(8063,1612),(8063,1615),(8063,1624),(8063,1629),(8063,1633),(8063,1636),(8063,1637),(8063,1638),(8063,1639),(8063,1642),(8063,1646),(8063,1653),(8063,1658),(8063,1661),(8063,1665),(8063,1666),(8063,1670),(8063,1672),(8063,1675),(8063,1688),(8063,1693),(8063,1695),(8063,1697),(8063,1708),(8063,1709),(8063,1711),(8063,1715),(8063,1728),(8063,1731),(8063,1733),(8063,1747),(8063,1749),(8063,1754),(8063,1755),(8063,1757),(8063,1759),(8063,1760),(8063,1766),(8063,1773),(8063,1787),(8063,1789),(8063,1791),(8063,1798),(8063,1801),(8063,1803),(8063,1810),(8063,1819),(8063,1821),(8063,1822),(8063,1826),(8063,1833),(8063,1836),(8063,1844),(8063,1856),(8063,1862),(8063,1864),(8063,1868),(8063,1870),(8063,1872),(8063,1877),(8063,1884),(8063,1885),(8063,1886),(8063,1890),(8063,1898),(8063,1908),(8063,1914),(8063,1915),(8063,1919),(8063,1937),(8063,1939),(8063,1940),(8063,1943),(8063,1945),(8063,1947),(8063,1948),(8063,1957),(8063,1961),(8063,1969),(8063,1973),(8063,1974),(8063,1992),(8064,1003),(8064,1007),(8064,1012),(8064,1015),(8064,1021),(8064,1022),(8064,1024),(8064,1028),(8064,1065),(8064,1066),(8064,1069),(8064,1070),(8064,1072),(8064,1073),(8064,1087),(8064,1089),(8064,1098),(8064,1104),(8064,1110),(8064,1118),(8064,1125),(8064,1128),(8064,1131),(8064,1140),(8064,1143),(8064,1150),(8064,1153),(8064,1155),(8064,1156),(8064,1159),(8064,1165),(8064,1167),(8064,1169),(8064,1174),(8064,1178),(8064,1185),(8064,1186),(8064,1187),(8064,1196),(8064,1206),(8064,1212),(8064,1213),(8064,1214),(8064,1218),(8064,1220),(8064,1232),(8064,1235),(8064,1254),(8064,1256),(8064,1259),(8064,1263),(8064,1264),(8064,1265),(8064,1270),(8064,1273),(8064,1278),(8064,1281),(8064,1282),(8064,1284),(8064,1293),(8064,1295),(8064,1301),(8064,1309),(8064,1313),(8064,1322),(8064,1329),(8064,1340),(8064,1343),(8064,1344),(8064,1348),(8064,1353),(8064,1355),(8064,1364),(8064,1373),(8064,1380),(8064,1399),(8064,1409),(8064,1417),(8064,1423),(8064,1425),(8064,1426),(8064,1432),(8064,1433),(8064,1438),(8064,1439),(8064,1441),(8064,1443),(8064,1446),(8064,1456),(8064,1457),(8064,1465),(8064,1468),(8064,1469),(8064,1485),(8064,1493),(8064,1496),(8064,1497),(8064,1498),(8064,1508),(8064,1509),(8064,1518),(8064,1520),(8064,1522),(8064,1525),(8064,1535),(8064,1536),(8064,1542),(8064,1551),(8064,1565),(8064,1571),(8064,1573),(8064,1588),(8064,1590),(8064,1591),(8064,1593),(8064,1598),(8064,1606),(8064,1608),(8064,1609),(8064,1627),(8064,1628),(8064,1629),(8064,1634),(8064,1641),(8064,1643),(8064,1645),(8064,1654),(8064,1661),(8064,1666),(8064,1667),(8064,1668),(8064,1676),(8064,1678),(8064,1689),(8064,1698),(8064,1700),(8064,1705),(8064,1710),(8064,1715),(8064,1724),(8064,1726),(8064,1732),(8064,1743),(8064,1752),(8064,1755),(8064,1759),(8064,1771),(8064,1774),(8064,1776),(8064,1794),(8064,1795),(8064,1798),(8064,1813),(8064,1830),(8064,1831),(8064,1838),(8064,1839),(8064,1841),(8064,1845),(8064,1846),(8064,1848),(8064,1849),(8064,1856),(8064,1857),(8064,1865),(8064,1869),(8064,1877),(8064,1878),(8064,1880),(8064,1884),(8064,1895),(8064,1898),(8064,1899),(8064,1909),(8064,1910),(8064,1913),(8064,1914),(8064,1923),(8064,1927),(8064,1930),(8064,1941),(8064,1944),(8064,1962),(8064,1964),(8064,1966),(8064,1978),(8064,1980),(8064,1986),(8064,1994),(8064,1997),(8064,1998),(8065,1006),(8065,1012),(8065,1015),(8065,1016),(8065,1028),(8065,1030),(8065,1031),(8065,1051),(8065,1065),(8065,1069),(8065,1075),(8065,1076),(8065,1080),(8065,1082),(8065,1083),(8065,1097),(8065,1108),(8065,1113),(8065,1115),(8065,1123),(8065,1127),(8065,1129),(8065,1137),(8065,1138),(8065,1151),(8065,1156),(8065,1159),(8065,1161),(8065,1162),(8065,1165),(8065,1166),(8065,1169),(8065,1180),(8065,1182),(8065,1189),(8065,1192),(8065,1194),(8065,1204),(8065,1205),(8065,1211),(8065,1214),(8065,1216),(8065,1223),(8065,1226),(8065,1229),(8065,1230),(8065,1234),(8065,1251),(8065,1255),(8065,1275),(8065,1278),(8065,1290),(8065,1297),(8065,1298),(8065,1301),(8065,1303),(8065,1311),(8065,1317),(8065,1321),(8065,1328),(8065,1330),(8065,1331),(8065,1336),(8065,1342),(8065,1346),(8065,1349),(8065,1356),(8065,1357),(8065,1363),(8065,1370),(8065,1372),(8065,1375),(8065,1378),(8065,1387),(8065,1390),(8065,1393),(8065,1395),(8065,1398),(8065,1401),(8065,1405),(8065,1407),(8065,1426),(8065,1428),(8065,1434),(8065,1436),(8065,1446),(8065,1449),(8065,1453),(8065,1459),(8065,1463),(8065,1485),(8065,1490),(8065,1491),(8065,1493),(8065,1505),(8065,1508),(8065,1514),(8065,1519),(8065,1520),(8065,1522),(8065,1523),(8065,1525),(8065,1527),(8065,1531),(8065,1532),(8065,1563),(8065,1565),(8065,1566),(8065,1570),(8065,1580),(8065,1581),(8065,1582),(8065,1585),(8065,1587),(8065,1589),(8065,1597),(8065,1600),(8065,1608),(8065,1611),(8065,1612),(8065,1614),(8065,1631),(8065,1636),(8065,1645),(8065,1650),(8065,1654),(8065,1657),(8065,1658),(8065,1676),(8065,1686),(8065,1688),(8065,1690),(8065,1691),(8065,1698),(8065,1700),(8065,1703),(8065,1710),(8065,1711),(8065,1714),(8065,1720),(8065,1733),(8065,1738),(8065,1749),(8065,1754),(8065,1762),(8065,1767),(8065,1775),(8065,1780),(8065,1782),(8065,1800),(8065,1802),(8065,1807),(8065,1810),(8065,1813),(8065,1814),(8065,1822),(8065,1827),(8065,1829),(8065,1831),(8065,1832),(8065,1834),(8065,1840),(8065,1857),(8065,1860),(8065,1864),(8065,1866),(8065,1867),(8065,1871),(8065,1873),(8065,1874),(8065,1875),(8065,1876),(8065,1885),(8065,1887),(8065,1892),(8065,1914),(8065,1918),(8065,1922),(8065,1931),(8065,1933),(8065,1941),(8065,1944),(8065,1945),(8065,1950),(8065,1961),(8065,1967),(8065,1970),(8065,1975),(8065,1987),(8065,1998),(8066,1003),(8066,1007),(8066,1008),(8066,1024),(8066,1025),(8066,1028),(8066,1031),(8066,1039),(8066,1045),(8066,1053),(8066,1057),(8066,1064),(8066,1065),(8066,1066),(8066,1067),(8066,1069),(8066,1073),(8066,1076),(8066,1078),(8066,1088),(8066,1089),(8066,1090),(8066,1091),(8066,1095),(8066,1096),(8066,1112),(8066,1115),(8066,1122),(8066,1126),(8066,1131),(8066,1138),(8066,1142),(8066,1167),(8066,1168),(8066,1176),(8066,1182),(8066,1202),(8066,1204),(8066,1206),(8066,1217),(8066,1219),(8066,1230),(8066,1231),(8066,1234),(8066,1241),(8066,1243),(8066,1252),(8066,1254),(8066,1257),(8066,1263),(8066,1270),(8066,1272),(8066,1280),(8066,1283),(8066,1284),(8066,1290),(8066,1291),(8066,1297),(8066,1306),(8066,1310),(8066,1314),(8066,1317),(8066,1324),(8066,1326),(8066,1343),(8066,1348),(8066,1351),(8066,1353),(8066,1361),(8066,1364),(8066,1370),(8066,1372),(8066,1379),(8066,1387),(8066,1389),(8066,1394),(8066,1399),(8066,1417),(8066,1418),(8066,1419),(8066,1420),(8066,1424),(8066,1426),(8066,1433),(8066,1440),(8066,1441),(8066,1446),(8066,1459),(8066,1469),(8066,1483),(8066,1485),(8066,1486),(8066,1487),(8066,1489),(8066,1490),(8066,1494),(8066,1495),(8066,1510),(8066,1514),(8066,1521),(8066,1527),(8066,1531),(8066,1536),(8066,1540),(8066,1556),(8066,1566),(8066,1568),(8066,1570),(8066,1573),(8066,1575),(8066,1577),(8066,1590),(8066,1591),(8066,1594),(8066,1596),(8066,1597),(8066,1606),(8066,1609),(8066,1610),(8066,1621),(8066,1622),(8066,1634),(8066,1639),(8066,1648),(8066,1655),(8066,1659),(8066,1668),(8066,1669),(8066,1676),(8066,1679),(8066,1686),(8066,1689),(8066,1691),(8066,1694),(8066,1703),(8066,1705),(8066,1706),(8066,1715),(8066,1716),(8066,1719),(8066,1724),(8066,1725),(8066,1728),(8066,1742),(8066,1744),(8066,1745),(8066,1746),(8066,1749),(8066,1770),(8066,1775),(8066,1787),(8066,1789),(8066,1790),(8066,1802),(8066,1804),(8066,1808),(8066,1819),(8066,1820),(8066,1822),(8066,1823),(8066,1825),(8066,1826),(8066,1830),(8066,1832),(8066,1840),(8066,1842),(8066,1847),(8066,1851),(8066,1863),(8066,1872),(8066,1875),(8066,1879),(8066,1896),(8066,1897),(8066,1904),(8066,1911),(8066,1914),(8066,1921),(8066,1932),(8066,1933),(8066,1936),(8066,1939),(8066,1944),(8066,1959),(8066,1960),(8066,1962),(8066,1963),(8066,1965),(8066,1970),(8066,1973),(8066,1976),(8066,1982),(8066,1984),(8066,1990),(8066,1991),(8066,1995),(8066,1997),(8067,1003),(8067,1006),(8067,1019),(8067,1022),(8067,1032),(8067,1036),(8067,1039),(8067,1042),(8067,1048),(8067,1049),(8067,1052),(8067,1061),(8067,1066),(8067,1070),(8067,1073),(8067,1076),(8067,1082),(8067,1085),(8067,1089),(8067,1100),(8067,1103),(8067,1104),(8067,1105),(8067,1108),(8067,1110),(8067,1112),(8067,1119),(8067,1120),(8067,1121),(8067,1132),(8067,1135),(8067,1137),(8067,1140),(8067,1143),(8067,1159),(8067,1167),(8067,1171),(8067,1177),(8067,1179),(8067,1183),(8067,1192),(8067,1193),(8067,1198),(8067,1199),(8067,1201),(8067,1204),(8067,1218),(8067,1220),(8067,1234),(8067,1235),(8067,1239),(8067,1249),(8067,1252),(8067,1256),(8067,1257),(8067,1266),(8067,1267),(8067,1268),(8067,1270),(8067,1275),(8067,1281),(8067,1287),(8067,1288),(8067,1292),(8067,1311),(8067,1316),(8067,1320),(8067,1322),(8067,1327),(8067,1328),(8067,1329),(8067,1336),(8067,1339),(8067,1341),(8067,1346),(8067,1348),(8067,1352),(8067,1353),(8067,1355),(8067,1358),(8067,1361),(8067,1363),(8067,1370),(8067,1376),(8067,1379),(8067,1389),(8067,1399),(8067,1403),(8067,1404),(8067,1407),(8067,1409),(8067,1411),(8067,1417),(8067,1437),(8067,1440),(8067,1444),(8067,1451),(8067,1458),(8067,1467),(8067,1469),(8067,1481),(8067,1484),(8067,1486),(8067,1491),(8067,1509),(8067,1510),(8067,1511),(8067,1520),(8067,1526),(8067,1529),(8067,1532),(8067,1533),(8067,1534),(8067,1537),(8067,1541),(8067,1545),(8067,1548),(8067,1550),(8067,1558),(8067,1562),(8067,1580),(8067,1584),(8067,1586),(8067,1590),(8067,1595),(8067,1602),(8067,1606),(8067,1611),(8067,1613),(8067,1634),(8067,1644),(8067,1648),(8067,1652),(8067,1655),(8067,1657),(8067,1667),(8067,1678),(8067,1691),(8067,1697),(8067,1711),(8067,1718),(8067,1721),(8067,1726),(8067,1732),(8067,1737),(8067,1738),(8067,1740),(8067,1742),(8067,1743),(8067,1744),(8067,1752),(8067,1753),(8067,1769),(8067,1776),(8067,1777),(8067,1778),(8067,1808),(8067,1824),(8067,1825),(8067,1829),(8067,1838),(8067,1839),(8067,1844),(8067,1855),(8067,1856),(8067,1863),(8067,1865),(8067,1866),(8067,1872),(8067,1883),(8067,1886),(8067,1895),(8067,1906),(8067,1910),(8067,1912),(8067,1915),(8067,1919),(8067,1920),(8067,1926),(8067,1932),(8067,1938),(8067,1939),(8067,1942),(8067,1946),(8067,1949),(8067,1953),(8067,1964),(8067,1968),(8067,1970),(8067,1973),(8067,1976),(8067,1983),(8067,1987),(8068,1001),(8068,1012),(8068,1020),(8068,1023),(8068,1032),(8068,1034),(8068,1035),(8068,1068),(8068,1078),(8068,1084),(8068,1093),(8068,1100),(8068,1109),(8068,1112),(8068,1113),(8068,1123),(8068,1126),(8068,1127),(8068,1131),(8068,1132),(8068,1145),(8068,1152),(8068,1155),(8068,1177),(8068,1181),(8068,1186),(8068,1187),(8068,1199),(8068,1203),(8068,1206),(8068,1209),(8068,1211),(8068,1213),(8068,1221),(8068,1233),(8068,1240),(8068,1242),(8068,1247),(8068,1248),(8068,1252),(8068,1257),(8068,1268),(8068,1270),(8068,1281),(8068,1295),(8068,1298),(8068,1304),(8068,1305),(8068,1307),(8068,1316),(8068,1328),(8068,1329),(8068,1334),(8068,1345),(8068,1347),(8068,1353),(8068,1354),(8068,1361),(8068,1374),(8068,1381),(8068,1384),(8068,1400),(8068,1402),(8068,1407),(8068,1408),(8068,1413),(8068,1414),(8068,1416),(8068,1418),(8068,1425),(8068,1437),(8068,1438),(8068,1440),(8068,1444),(8068,1447),(8068,1465),(8068,1466),(8068,1471),(8068,1473),(8068,1477),(8068,1489),(8068,1490),(8068,1495),(8068,1496),(8068,1502),(8068,1508),(8068,1519),(8068,1520),(8068,1525),(8068,1527),(8068,1528),(8068,1530),(8068,1532),(8068,1541),(8068,1548),(8068,1549),(8068,1553),(8068,1557),(8068,1563),(8068,1568),(8068,1575),(8068,1577),(8068,1580),(8068,1589),(8068,1594),(8068,1595),(8068,1598),(8068,1604),(8068,1611),(8068,1614),(8068,1618),(8068,1621),(8068,1632),(8068,1635),(8068,1643),(8068,1644),(8068,1663),(8068,1674),(8068,1678),(8068,1681),(8068,1686),(8068,1689),(8068,1690),(8068,1691),(8068,1693),(8068,1697),(8068,1706),(8068,1708),(8068,1716),(8068,1718),(8068,1726),(8068,1727),(8068,1730),(8068,1742),(8068,1752),(8068,1755),(8068,1758),(8068,1762),(8068,1766),(8068,1772),(8068,1774),(8068,1789),(8068,1791),(8068,1795),(8068,1800),(8068,1801),(8068,1803),(8068,1806),(8068,1808),(8068,1816),(8068,1822),(8068,1826),(8068,1832),(8068,1835),(8068,1841),(8068,1842),(8068,1847),(8068,1848),(8068,1860),(8068,1866),(8068,1868),(8068,1869),(8068,1871),(8068,1878),(8068,1900),(8068,1908),(8068,1910),(8068,1916),(8068,1928),(8068,1935),(8068,1938),(8068,1939),(8068,1945),(8068,1946),(8068,1953),(8068,1958),(8068,1961),(8068,1963),(8068,1969),(8068,1971),(8068,1972),(8068,1978),(8068,1980),(8068,1986),(8068,1987),(8068,1990),(8068,1992),(8068,1996),(8069,1008),(8069,1018),(8069,1020),(8069,1021),(8069,1023),(8069,1026),(8069,1041),(8069,1044),(8069,1070),(8069,1072),(8069,1076),(8069,1081),(8069,1092),(8069,1097),(8069,1099),(8069,1103),(8069,1111),(8069,1113),(8069,1121),(8069,1137),(8069,1138),(8069,1146),(8069,1147),(8069,1149),(8069,1181),(8069,1182),(8069,1183),(8069,1193),(8069,1208),(8069,1211),(8069,1215),(8069,1217),(8069,1218),(8069,1224),(8069,1231),(8069,1233),(8069,1239),(8069,1244),(8069,1247),(8069,1254),(8069,1270),(8069,1286),(8069,1298),(8069,1305),(8069,1310),(8069,1316),(8069,1320),(8069,1325),(8069,1328),(8069,1330),(8069,1331),(8069,1339),(8069,1359),(8069,1372),(8069,1374),(8069,1384),(8069,1385),(8069,1391),(8069,1393),(8069,1396),(8069,1411),(8069,1417),(8069,1421),(8069,1422),(8069,1425),(8069,1432),(8069,1435),(8069,1439),(8069,1441),(8069,1446),(8069,1448),(8069,1451),(8069,1457),(8069,1460),(8069,1463),(8069,1469),(8069,1476),(8069,1493),(8069,1497),(8069,1498),(8069,1499),(8069,1500),(8069,1505),(8069,1510),(8069,1512),(8069,1515),(8069,1520),(8069,1528),(8069,1529),(8069,1541),(8069,1544),(8069,1556),(8069,1561),(8069,1567),(8069,1568),(8069,1569),(8069,1570),(8069,1571),(8069,1585),(8069,1590),(8069,1604),(8069,1618),(8069,1622),(8069,1625),(8069,1628),(8069,1630),(8069,1634),(8069,1637),(8069,1642),(8069,1650),(8069,1674),(8069,1675),(8069,1680),(8069,1683),(8069,1687),(8069,1688),(8069,1696),(8069,1704),(8069,1718),(8069,1719),(8069,1721),(8069,1731),(8069,1733),(8069,1746),(8069,1749),(8069,1756),(8069,1762),(8069,1763),(8069,1765),(8069,1775),(8069,1781),(8069,1782),(8069,1788),(8069,1798),(8069,1801),(8069,1803),(8069,1804),(8069,1815),(8069,1816),(8069,1818),(8069,1828),(8069,1829),(8069,1841),(8069,1843),(8069,1844),(8069,1850),(8069,1856),(8069,1858),(8069,1864),(8069,1868),(8069,1872),(8069,1874),(8069,1875),(8069,1878),(8069,1887),(8069,1890),(8069,1895),(8069,1896),(8069,1897),(8069,1900),(8069,1906),(8069,1919),(8069,1921),(8069,1927),(8069,1928),(8069,1930),(8069,1938),(8069,1943),(8069,1944),(8069,1948),(8069,1950),(8069,1951),(8069,1959),(8069,1960),(8069,1968),(8069,1969),(8069,1974),(8069,1984),(8069,1996),(8070,1001),(8070,1003),(8070,1016),(8070,1021),(8070,1032),(8070,1034),(8070,1035),(8070,1037),(8070,1050),(8070,1052),(8070,1055),(8070,1057),(8070,1068),(8070,1071),(8070,1072),(8070,1073),(8070,1075),(8070,1079),(8070,1084),(8070,1085),(8070,1100),(8070,1109),(8070,1120),(8070,1121),(8070,1124),(8070,1141),(8070,1142),(8070,1143),(8070,1145),(8070,1150),(8070,1152),(8070,1157),(8070,1163),(8070,1165),(8070,1168),(8070,1182),(8070,1183),(8070,1187),(8070,1190),(8070,1195),(8070,1200),(8070,1203),(8070,1210),(8070,1215),(8070,1218),(8070,1221),(8070,1238),(8070,1255),(8070,1259),(8070,1260),(8070,1263),(8070,1266),(8070,1279),(8070,1288),(8070,1299),(8070,1307),(8070,1315),(8070,1316),(8070,1318),(8070,1319),(8070,1323),(8070,1329),(8070,1332),(8070,1335),(8070,1337),(8070,1353),(8070,1356),(8070,1357),(8070,1363),(8070,1364),(8070,1365),(8070,1367),(8070,1368),(8070,1369),(8070,1370),(8070,1374),(8070,1379),(8070,1381),(8070,1390),(8070,1396),(8070,1398),(8070,1405),(8070,1406),(8070,1407),(8070,1424),(8070,1427),(8070,1435),(8070,1439),(8070,1440),(8070,1443),(8070,1447),(8070,1450),(8070,1458),(8070,1460),(8070,1468),(8070,1471),(8070,1474),(8070,1477),(8070,1494),(8070,1502),(8070,1524),(8070,1526),(8070,1528),(8070,1531),(8070,1532),(8070,1537),(8070,1540),(8070,1542),(8070,1543),(8070,1558),(8070,1560),(8070,1564),(8070,1571),(8070,1580),(8070,1586),(8070,1589),(8070,1593),(8070,1595),(8070,1608),(8070,1613),(8070,1614),(8070,1617),(8070,1625),(8070,1630),(8070,1634),(8070,1637),(8070,1638),(8070,1647),(8070,1649),(8070,1653),(8070,1657),(8070,1659),(8070,1661),(8070,1667),(8070,1668),(8070,1670),(8070,1671),(8070,1681),(8070,1683),(8070,1686),(8070,1691),(8070,1693),(8070,1700),(8070,1710),(8070,1717),(8070,1723),(8070,1724),(8070,1725),(8070,1727),(8070,1731),(8070,1733),(8070,1735),(8070,1736),(8070,1738),(8070,1739),(8070,1740),(8070,1756),(8070,1761),(8070,1768),(8070,1782),(8070,1783),(8070,1784),(8070,1787),(8070,1788),(8070,1795),(8070,1806),(8070,1807),(8070,1816),(8070,1817),(8070,1829),(8070,1836),(8070,1839),(8070,1841),(8070,1847),(8070,1850),(8070,1852),(8070,1869),(8070,1870),(8070,1871),(8070,1875),(8070,1886),(8070,1895),(8070,1906),(8070,1916),(8070,1921),(8070,1924),(8070,1925),(8070,1937),(8070,1938),(8070,1943),(8070,1946),(8070,1956),(8070,1961),(8070,1963),(8070,1966),(8070,1980),(8070,1982),(8070,1983),(8070,1987),(8070,1992),(8070,1996),(8070,1998),(8071,1005),(8071,1010),(8071,1014),(8071,1022),(8071,1023),(8071,1036),(8071,1038),(8071,1039),(8071,1047),(8071,1052),(8071,1054),(8071,1056),(8071,1064),(8071,1073),(8071,1077),(8071,1084),(8071,1088),(8071,1104),(8071,1106),(8071,1118),(8071,1124),(8071,1126),(8071,1132),(8071,1136),(8071,1141),(8071,1144),(8071,1149),(8071,1157),(8071,1161),(8071,1177),(8071,1189),(8071,1193),(8071,1194),(8071,1199),(8071,1200),(8071,1206),(8071,1210),(8071,1216),(8071,1227),(8071,1234),(8071,1237),(8071,1238),(8071,1239),(8071,1240),(8071,1246),(8071,1253),(8071,1255),(8071,1256),(8071,1259),(8071,1272),(8071,1276),(8071,1280),(8071,1293),(8071,1302),(8071,1308),(8071,1314),(8071,1318),(8071,1319),(8071,1321),(8071,1322),(8071,1327),(8071,1330),(8071,1341),(8071,1353),(8071,1358),(8071,1360),(8071,1361),(8071,1369),(8071,1381),(8071,1384),(8071,1388),(8071,1390),(8071,1396),(8071,1405),(8071,1406),(8071,1410),(8071,1419),(8071,1426),(8071,1430),(8071,1431),(8071,1448),(8071,1450),(8071,1454),(8071,1460),(8071,1465),(8071,1471),(8071,1473),(8071,1477),(8071,1479),(8071,1488),(8071,1493),(8071,1495),(8071,1496),(8071,1504),(8071,1514),(8071,1515),(8071,1522),(8071,1535),(8071,1538),(8071,1539),(8071,1540),(8071,1542),(8071,1545),(8071,1547),(8071,1561),(8071,1568),(8071,1571),(8071,1573),(8071,1576),(8071,1584),(8071,1587),(8071,1588),(8071,1594),(8071,1597),(8071,1599),(8071,1600),(8071,1601),(8071,1605),(8071,1611),(8071,1617),(8071,1624),(8071,1626),(8071,1627),(8071,1630),(8071,1635),(8071,1637),(8071,1639),(8071,1640),(8071,1644),(8071,1646),(8071,1647),(8071,1652),(8071,1654),(8071,1656),(8071,1667),(8071,1673),(8071,1675),(8071,1679),(8071,1683),(8071,1685),(8071,1686),(8071,1688),(8071,1690),(8071,1700),(8071,1707),(8071,1713),(8071,1714),(8071,1718),(8071,1725),(8071,1736),(8071,1746),(8071,1757),(8071,1759),(8071,1760),(8071,1766),(8071,1771),(8071,1774),(8071,1775),(8071,1776),(8071,1777),(8071,1785),(8071,1787),(8071,1789),(8071,1790),(8071,1795),(8071,1809),(8071,1812),(8071,1813),(8071,1817),(8071,1820),(8071,1829),(8071,1831),(8071,1832),(8071,1835),(8071,1843),(8071,1845),(8071,1848),(8071,1852),(8071,1860),(8071,1864),(8071,1868),(8071,1890),(8071,1894),(8071,1895),(8071,1900),(8071,1907),(8071,1908),(8071,1910),(8071,1916),(8071,1919),(8071,1923),(8071,1924),(8071,1926),(8071,1931),(8071,1955),(8071,1962),(8071,1968),(8071,1970),(8071,1981),(8071,1986),(8071,1993),(8071,1996),(8071,1997),(8072,1003),(8072,1005),(8072,1007),(8072,1009),(8072,1012),(8072,1013),(8072,1016),(8072,1039),(8072,1045),(8072,1048),(8072,1052),(8072,1064),(8072,1065),(8072,1077),(8072,1078),(8072,1082),(8072,1091),(8072,1106),(8072,1109),(8072,1111),(8072,1112),(8072,1114),(8072,1116),(8072,1126),(8072,1128),(8072,1138),(8072,1146),(8072,1155),(8072,1157),(8072,1158),(8072,1159),(8072,1162),(8072,1163),(8072,1168),(8072,1176),(8072,1178),(8072,1180),(8072,1188),(8072,1194),(8072,1199),(8072,1205),(8072,1207),(8072,1208),(8072,1214),(8072,1216),(8072,1218),(8072,1220),(8072,1243),(8072,1244),(8072,1248),(8072,1256),(8072,1257),(8072,1267),(8072,1272),(8072,1274),(8072,1285),(8072,1286),(8072,1287),(8072,1288),(8072,1292),(8072,1294),(8072,1301),(8072,1308),(8072,1310),(8072,1311),(8072,1322),(8072,1323),(8072,1325),(8072,1332),(8072,1333),(8072,1334),(8072,1351),(8072,1357),(8072,1359),(8072,1360),(8072,1361),(8072,1362),(8072,1363),(8072,1364),(8072,1365),(8072,1366),(8072,1368),(8072,1369),(8072,1371),(8072,1380),(8072,1384),(8072,1385),(8072,1387),(8072,1395),(8072,1397),(8072,1399),(8072,1406),(8072,1412),(8072,1413),(8072,1416),(8072,1424),(8072,1435),(8072,1437),(8072,1438),(8072,1441),(8072,1447),(8072,1448),(8072,1449),(8072,1456),(8072,1460),(8072,1465),(8072,1466),(8072,1469),(8072,1471),(8072,1473),(8072,1483),(8072,1507),(8072,1513),(8072,1516),(8072,1517),(8072,1519),(8072,1522),(8072,1526),(8072,1529),(8072,1537),(8072,1540),(8072,1544),(8072,1555),(8072,1577),(8072,1589),(8072,1591),(8072,1594),(8072,1595),(8072,1597),(8072,1600),(8072,1611),(8072,1615),(8072,1624),(8072,1626),(8072,1630),(8072,1632),(8072,1636),(8072,1637),(8072,1644),(8072,1647),(8072,1651),(8072,1652),(8072,1653),(8072,1656),(8072,1657),(8072,1659),(8072,1679),(8072,1685),(8072,1692),(8072,1696),(8072,1702),(8072,1705),(8072,1707),(8072,1723),(8072,1726),(8072,1727),(8072,1729),(8072,1736),(8072,1740),(8072,1753),(8072,1759),(8072,1761),(8072,1768),(8072,1770),(8072,1775),(8072,1776),(8072,1779),(8072,1781),(8072,1784),(8072,1789),(8072,1791),(8072,1793),(8072,1794),(8072,1796),(8072,1798),(8072,1802),(8072,1804),(8072,1807),(8072,1808),(8072,1811),(8072,1814),(8072,1815),(8072,1824),(8072,1831),(8072,1833),(8072,1837),(8072,1840),(8072,1842),(8072,1850),(8072,1853),(8072,1855),(8072,1859),(8072,1860),(8072,1873),(8072,1878),(8072,1885),(8072,1886),(8072,1888),(8072,1891),(8072,1897),(8072,1904),(8072,1910),(8072,1920),(8072,1921),(8072,1929),(8072,1932),(8072,1934),(8072,1937),(8072,1941),(8072,1944),(8072,1946),(8072,1949),(8072,1955),(8072,1959),(8072,1962),(8072,1967),(8072,1981),(8072,1993),(8072,1997),(8073,1002),(8073,1006),(8073,1011),(8073,1017),(8073,1021),(8073,1043),(8073,1057),(8073,1058),(8073,1061),(8073,1064),(8073,1066),(8073,1068),(8073,1072),(8073,1076),(8073,1081),(8073,1085),(8073,1086),(8073,1090),(8073,1095),(8073,1099),(8073,1102),(8073,1104),(8073,1105),(8073,1106),(8073,1113),(8073,1115),(8073,1129),(8073,1134),(8073,1142),(8073,1149),(8073,1152),(8073,1153),(8073,1160),(8073,1161),(8073,1165),(8073,1172),(8073,1173),(8073,1179),(8073,1189),(8073,1195),(8073,1205),(8073,1213),(8073,1216),(8073,1218),(8073,1219),(8073,1221),(8073,1229),(8073,1233),(8073,1234),(8073,1235),(8073,1239),(8073,1240),(8073,1250),(8073,1251),(8073,1252),(8073,1264),(8073,1268),(8073,1270),(8073,1271),(8073,1274),(8073,1283),(8073,1288),(8073,1293),(8073,1298),(8073,1306),(8073,1310),(8073,1315),(8073,1317),(8073,1318),(8073,1319),(8073,1321),(8073,1327),(8073,1328),(8073,1333),(8073,1334),(8073,1335),(8073,1346),(8073,1350),(8073,1355),(8073,1368),(8073,1371),(8073,1372),(8073,1373),(8073,1374),(8073,1378),(8073,1388),(8073,1390),(8073,1391),(8073,1397),(8073,1404),(8073,1418),(8073,1425),(8073,1428),(8073,1429),(8073,1436),(8073,1437),(8073,1438),(8073,1447),(8073,1454),(8073,1456),(8073,1461),(8073,1472),(8073,1476),(8073,1486),(8073,1487),(8073,1490),(8073,1509),(8073,1514),(8073,1515),(8073,1516),(8073,1518),(8073,1520),(8073,1529),(8073,1531),(8073,1533),(8073,1534),(8073,1535),(8073,1541),(8073,1544),(8073,1547),(8073,1552),(8073,1553),(8073,1562),(8073,1572),(8073,1575),(8073,1586),(8073,1588),(8073,1591),(8073,1594),(8073,1599),(8073,1615),(8073,1621),(8073,1627),(8073,1629),(8073,1631),(8073,1648),(8073,1649),(8073,1653),(8073,1654),(8073,1659),(8073,1664),(8073,1668),(8073,1675),(8073,1678),(8073,1683),(8073,1690),(8073,1697),(8073,1699),(8073,1701),(8073,1704),(8073,1707),(8073,1712),(8073,1717),(8073,1718),(8073,1731),(8073,1736),(8073,1739),(8073,1744),(8073,1753),(8073,1755),(8073,1759),(8073,1765),(8073,1768),(8073,1775),(8073,1778),(8073,1790),(8073,1792),(8073,1803),(8073,1804),(8073,1807),(8073,1808),(8073,1812),(8073,1813),(8073,1816),(8073,1817),(8073,1827),(8073,1832),(8073,1839),(8073,1846),(8073,1851),(8073,1854),(8073,1862),(8073,1863),(8073,1865),(8073,1872),(8073,1873),(8073,1881),(8073,1883),(8073,1886),(8073,1902),(8073,1903),(8073,1906),(8073,1909),(8073,1916),(8073,1917),(8073,1921),(8073,1923),(8073,1925),(8073,1932),(8073,1935),(8073,1938),(8073,1953),(8073,1961),(8073,1964),(8073,1972),(8073,1973),(8073,1984),(8073,1985),(8073,1990),(8073,1994),(8073,1995),(8073,1997),(8074,1000),(8074,1001),(8074,1007),(8074,1009),(8074,1012),(8074,1013),(8074,1018),(8074,1020),(8074,1028),(8074,1029),(8074,1039),(8074,1044),(8074,1048),(8074,1050),(8074,1061),(8074,1068),(8074,1071),(8074,1074),(8074,1076),(8074,1082),(8074,1084),(8074,1085),(8074,1090),(8074,1093),(8074,1099),(8074,1112),(8074,1115),(8074,1119),(8074,1123),(8074,1134),(8074,1137),(8074,1141),(8074,1142),(8074,1143),(8074,1145),(8074,1150),(8074,1163),(8074,1167),(8074,1173),(8074,1180),(8074,1183),(8074,1201),(8074,1207),(8074,1208),(8074,1211),(8074,1222),(8074,1228),(8074,1239),(8074,1241),(8074,1246),(8074,1249),(8074,1254),(8074,1256),(8074,1258),(8074,1259),(8074,1267),(8074,1269),(8074,1276),(8074,1277),(8074,1287),(8074,1293),(8074,1296),(8074,1298),(8074,1300),(8074,1301),(8074,1302),(8074,1304),(8074,1306),(8074,1310),(8074,1318),(8074,1320),(8074,1330),(8074,1336),(8074,1341),(8074,1347),(8074,1349),(8074,1358),(8074,1360),(8074,1361),(8074,1362),(8074,1374),(8074,1377),(8074,1384),(8074,1386),(8074,1387),(8074,1388),(8074,1402),(8074,1403),(8074,1405),(8074,1408),(8074,1410),(8074,1416),(8074,1418),(8074,1425),(8074,1429),(8074,1433),(8074,1436),(8074,1438),(8074,1447),(8074,1453),(8074,1461),(8074,1462),(8074,1470),(8074,1481),(8074,1488),(8074,1490),(8074,1504),(8074,1509),(8074,1511),(8074,1513),(8074,1518),(8074,1522),(8074,1535),(8074,1544),(8074,1546),(8074,1551),(8074,1555),(8074,1559),(8074,1561),(8074,1563),(8074,1567),(8074,1570),(8074,1579),(8074,1580),(8074,1592),(8074,1594),(8074,1597),(8074,1600),(8074,1601),(8074,1611),(8074,1635),(8074,1641),(8074,1642),(8074,1644),(8074,1646),(8074,1658),(8074,1662),(8074,1663),(8074,1669),(8074,1673),(8074,1680),(8074,1689),(8074,1691),(8074,1693),(8074,1694),(8074,1696),(8074,1704),(8074,1707),(8074,1710),(8074,1717),(8074,1728),(8074,1729),(8074,1730),(8074,1735),(8074,1738),(8074,1742),(8074,1744),(8074,1746),(8074,1754),(8074,1756),(8074,1759),(8074,1763),(8074,1782),(8074,1786),(8074,1788),(8074,1800),(8074,1801),(8074,1808),(8074,1809),(8074,1810),(8074,1819),(8074,1828),(8074,1833),(8074,1836),(8074,1841),(8074,1843),(8074,1845),(8074,1850),(8074,1854),(8074,1860),(8074,1862),(8074,1868),(8074,1874),(8074,1876),(8074,1878),(8074,1881),(8074,1889),(8074,1892),(8074,1895),(8074,1898),(8074,1903),(8074,1904),(8074,1908),(8074,1911),(8074,1912),(8074,1918),(8074,1923),(8074,1930),(8074,1958),(8074,1966),(8074,1975),(8074,1979),(8074,1980),(8074,1983),(8075,1004),(8075,1007),(8075,1012),(8075,1020),(8075,1028),(8075,1032),(8075,1041),(8075,1043),(8075,1046),(8075,1055),(8075,1058),(8075,1059),(8075,1074),(8075,1083),(8075,1085),(8075,1087),(8075,1096),(8075,1101),(8075,1103),(8075,1110),(8075,1115),(8075,1119),(8075,1122),(8075,1131),(8075,1132),(8075,1142),(8075,1144),(8075,1149),(8075,1154),(8075,1170),(8075,1175),(8075,1180),(8075,1189),(8075,1190),(8075,1192),(8075,1194),(8075,1213),(8075,1220),(8075,1225),(8075,1233),(8075,1236),(8075,1239),(8075,1244),(8075,1249),(8075,1258),(8075,1277),(8075,1281),(8075,1285),(8075,1289),(8075,1292),(8075,1305),(8075,1306),(8075,1316),(8075,1318),(8075,1321),(8075,1322),(8075,1323),(8075,1330),(8075,1332),(8075,1339),(8075,1341),(8075,1343),(8075,1349),(8075,1352),(8075,1365),(8075,1367),(8075,1374),(8075,1376),(8075,1381),(8075,1385),(8075,1390),(8075,1401),(8075,1407),(8075,1409),(8075,1412),(8075,1419),(8075,1421),(8075,1423),(8075,1429),(8075,1434),(8075,1438),(8075,1439),(8075,1445),(8075,1446),(8075,1451),(8075,1457),(8075,1459),(8075,1463),(8075,1465),(8075,1471),(8075,1473),(8075,1474),(8075,1477),(8075,1481),(8075,1485),(8075,1490),(8075,1493),(8075,1503),(8075,1504),(8075,1506),(8075,1509),(8075,1516),(8075,1521),(8075,1524),(8075,1528),(8075,1534),(8075,1535),(8075,1536),(8075,1541),(8075,1552),(8075,1559),(8075,1562),(8075,1564),(8075,1581),(8075,1585),(8075,1599),(8075,1600),(8075,1606),(8075,1610),(8075,1619),(8075,1624),(8075,1625),(8075,1628),(8075,1633),(8075,1637),(8075,1639),(8075,1646),(8075,1659),(8075,1660),(8075,1661),(8075,1672),(8075,1683),(8075,1685),(8075,1697),(8075,1699),(8075,1710),(8075,1716),(8075,1727),(8075,1735),(8075,1754),(8075,1756),(8075,1759),(8075,1760),(8075,1761),(8075,1764),(8075,1776),(8075,1781),(8075,1790),(8075,1794),(8075,1798),(8075,1800),(8075,1816),(8075,1823),(8075,1824),(8075,1825),(8075,1832),(8075,1834),(8075,1838),(8075,1839),(8075,1846),(8075,1850),(8075,1867),(8075,1869),(8075,1887),(8075,1890),(8075,1897),(8075,1905),(8075,1910),(8075,1911),(8075,1926),(8075,1933),(8075,1940),(8075,1946),(8075,1950),(8075,1951),(8075,1953),(8075,1958),(8075,1967),(8075,1969),(8075,1976),(8075,1985),(8075,1987),(8075,1992),(8075,1994),(8076,1003),(8076,1004),(8076,1007),(8076,1014),(8076,1015),(8076,1024),(8076,1034),(8076,1035),(8076,1037),(8076,1041),(8076,1042),(8076,1054),(8076,1055),(8076,1059),(8076,1061),(8076,1063),(8076,1071),(8076,1075),(8076,1078),(8076,1084),(8076,1086),(8076,1094),(8076,1098),(8076,1107),(8076,1114),(8076,1123),(8076,1127),(8076,1129),(8076,1139),(8076,1143),(8076,1145),(8076,1147),(8076,1149),(8076,1150),(8076,1161),(8076,1169),(8076,1180),(8076,1192),(8076,1199),(8076,1207),(8076,1214),(8076,1226),(8076,1228),(8076,1233),(8076,1248),(8076,1250),(8076,1265),(8076,1267),(8076,1272),(8076,1273),(8076,1276),(8076,1280),(8076,1291),(8076,1300),(8076,1304),(8076,1308),(8076,1311),(8076,1318),(8076,1319),(8076,1325),(8076,1327),(8076,1333),(8076,1341),(8076,1348),(8076,1358),(8076,1382),(8076,1383),(8076,1384),(8076,1385),(8076,1386),(8076,1396),(8076,1397),(8076,1398),(8076,1401),(8076,1414),(8076,1424),(8076,1435),(8076,1439),(8076,1441),(8076,1444),(8076,1448),(8076,1451),(8076,1455),(8076,1458),(8076,1459),(8076,1460),(8076,1461),(8076,1462),(8076,1464),(8076,1473),(8076,1474),(8076,1482),(8076,1483),(8076,1486),(8076,1492),(8076,1495),(8076,1498),(8076,1505),(8076,1510),(8076,1515),(8076,1517),(8076,1519),(8076,1521),(8076,1523),(8076,1526),(8076,1533),(8076,1541),(8076,1545),(8076,1547),(8076,1549),(8076,1553),(8076,1554),(8076,1558),(8076,1560),(8076,1564),(8076,1571),(8076,1573),(8076,1576),(8076,1579),(8076,1581),(8076,1590),(8076,1592),(8076,1598),(8076,1605),(8076,1607),(8076,1608),(8076,1626),(8076,1628),(8076,1629),(8076,1647),(8076,1649),(8076,1654),(8076,1661),(8076,1675),(8076,1683),(8076,1690),(8076,1701),(8076,1710),(8076,1712),(8076,1726),(8076,1727),(8076,1733),(8076,1735),(8076,1743),(8076,1745),(8076,1747),(8076,1753),(8076,1755),(8076,1758),(8076,1763),(8076,1764),(8076,1766),(8076,1768),(8076,1771),(8076,1775),(8076,1776),(8076,1777),(8076,1779),(8076,1786),(8076,1789),(8076,1801),(8076,1805),(8076,1810),(8076,1822),(8076,1823),(8076,1839),(8076,1842),(8076,1845),(8076,1846),(8076,1852),(8076,1857),(8076,1858),(8076,1859),(8076,1862),(8076,1863),(8076,1867),(8076,1872),(8076,1880),(8076,1883),(8076,1894),(8076,1896),(8076,1899),(8076,1902),(8076,1905),(8076,1906),(8076,1907),(8076,1919),(8076,1925),(8076,1930),(8076,1947),(8076,1951),(8076,1961),(8076,1966),(8076,1968),(8076,1970),(8076,1979),(8076,1984),(8076,1987),(8076,1990),(8076,1992),(8076,1994),(8077,1012),(8077,1014),(8077,1015),(8077,1018),(8077,1023),(8077,1028),(8077,1032),(8077,1037),(8077,1052),(8077,1054),(8077,1063),(8077,1067),(8077,1074),(8077,1078),(8077,1083),(8077,1092),(8077,1095),(8077,1097),(8077,1100),(8077,1108),(8077,1110),(8077,1111),(8077,1126),(8077,1128),(8077,1132),(8077,1136),(8077,1142),(8077,1146),(8077,1152),(8077,1157),(8077,1164),(8077,1166),(8077,1167),(8077,1173),(8077,1175),(8077,1177),(8077,1181),(8077,1185),(8077,1187),(8077,1188),(8077,1189),(8077,1195),(8077,1205),(8077,1207),(8077,1208),(8077,1209),(8077,1214),(8077,1216),(8077,1223),(8077,1227),(8077,1233),(8077,1235),(8077,1244),(8077,1248),(8077,1250),(8077,1252),(8077,1263),(8077,1268),(8077,1271),(8077,1275),(8077,1281),(8077,1282),(8077,1283),(8077,1284),(8077,1286),(8077,1293),(8077,1300),(8077,1311),(8077,1315),(8077,1316),(8077,1319),(8077,1320),(8077,1321),(8077,1323),(8077,1326),(8077,1327),(8077,1329),(8077,1333),(8077,1335),(8077,1337),(8077,1338),(8077,1339),(8077,1342),(8077,1345),(8077,1352),(8077,1357),(8077,1369),(8077,1371),(8077,1373),(8077,1379),(8077,1387),(8077,1401),(8077,1409),(8077,1421),(8077,1433),(8077,1437),(8077,1439),(8077,1440),(8077,1448),(8077,1452),(8077,1457),(8077,1458),(8077,1465),(8077,1466),(8077,1471),(8077,1473),(8077,1477),(8077,1479),(8077,1482),(8077,1483),(8077,1486),(8077,1489),(8077,1490),(8077,1492),(8077,1494),(8077,1496),(8077,1500),(8077,1504),(8077,1506),(8077,1507),(8077,1514),(8077,1515),(8077,1516),(8077,1521),(8077,1522),(8077,1523),(8077,1525),(8077,1531),(8077,1535),(8077,1541),(8077,1542),(8077,1546),(8077,1547),(8077,1553),(8077,1565),(8077,1569),(8077,1570),(8077,1586),(8077,1590),(8077,1591),(8077,1592),(8077,1593),(8077,1596),(8077,1599),(8077,1610),(8077,1611),(8077,1621),(8077,1626),(8077,1629),(8077,1635),(8077,1638),(8077,1642),(8077,1648),(8077,1653),(8077,1657),(8077,1658),(8077,1659),(8077,1660),(8077,1661),(8077,1667),(8077,1669),(8077,1679),(8077,1694),(8077,1702),(8077,1705),(8077,1710),(8077,1713),(8077,1716),(8077,1722),(8077,1729),(8077,1730),(8077,1732),(8077,1734),(8077,1737),(8077,1738),(8077,1740),(8077,1743),(8077,1750),(8077,1755),(8077,1759),(8077,1763),(8077,1767),(8077,1771),(8077,1775),(8077,1781),(8077,1783),(8077,1785),(8077,1786),(8077,1793),(8077,1802),(8077,1806),(8077,1811),(8077,1815),(8077,1817),(8077,1825),(8077,1826),(8077,1828),(8077,1837),(8077,1840),(8077,1842),(8077,1847),(8077,1849),(8077,1850),(8077,1851),(8077,1863),(8077,1866),(8077,1867),(8077,1870),(8077,1874),(8077,1890),(8077,1893),(8077,1913),(8077,1916),(8077,1919),(8077,1942),(8077,1946),(8077,1950),(8077,1957),(8077,1959),(8077,1963),(8077,1964),(8077,1966),(8077,1970),(8077,1974),(8077,1975),(8077,1990),(8077,1991),(8078,1002),(8078,1003),(8078,1005),(8078,1008),(8078,1013),(8078,1014),(8078,1018),(8078,1020),(8078,1026),(8078,1028),(8078,1032),(8078,1041),(8078,1054),(8078,1056),(8078,1058),(8078,1059),(8078,1064),(8078,1066),(8078,1092),(8078,1098),(8078,1102),(8078,1113),(8078,1116),(8078,1119),(8078,1127),(8078,1130),(8078,1136),(8078,1145),(8078,1148),(8078,1165),(8078,1174),(8078,1175),(8078,1180),(8078,1183),(8078,1186),(8078,1195),(8078,1203),(8078,1205),(8078,1209),(8078,1212),(8078,1216),(8078,1221),(8078,1226),(8078,1231),(8078,1239),(8078,1243),(8078,1250),(8078,1266),(8078,1271),(8078,1279),(8078,1283),(8078,1287),(8078,1291),(8078,1293),(8078,1295),(8078,1298),(8078,1299),(8078,1305),(8078,1306),(8078,1313),(8078,1315),(8078,1322),(8078,1325),(8078,1327),(8078,1332),(8078,1337),(8078,1341),(8078,1342),(8078,1344),(8078,1346),(8078,1348),(8078,1363),(8078,1366),(8078,1372),(8078,1376),(8078,1377),(8078,1378),(8078,1383),(8078,1384),(8078,1396),(8078,1398),(8078,1407),(8078,1408),(8078,1409),(8078,1411),(8078,1414),(8078,1415),(8078,1427),(8078,1435),(8078,1436),(8078,1438),(8078,1439),(8078,1440),(8078,1441),(8078,1442),(8078,1444),(8078,1445),(8078,1452),(8078,1458),(8078,1459),(8078,1462),(8078,1463),(8078,1464),(8078,1469),(8078,1471),(8078,1473),(8078,1474),(8078,1476),(8078,1478),(8078,1480),(8078,1481),(8078,1482),(8078,1483),(8078,1484),(8078,1489),(8078,1491),(8078,1494),(8078,1495),(8078,1501),(8078,1502),(8078,1510),(8078,1515),(8078,1519),(8078,1522),(8078,1526),(8078,1532),(8078,1540),(8078,1549),(8078,1550),(8078,1552),(8078,1560),(8078,1566),(8078,1568),(8078,1571),(8078,1576),(8078,1582),(8078,1589),(8078,1593),(8078,1595),(8078,1604),(8078,1605),(8078,1606),(8078,1607),(8078,1608),(8078,1615),(8078,1616),(8078,1619),(8078,1621),(8078,1625),(8078,1626),(8078,1627),(8078,1630),(8078,1634),(8078,1636),(8078,1639),(8078,1642),(8078,1650),(8078,1654),(8078,1656),(8078,1660),(8078,1666),(8078,1669),(8078,1670),(8078,1673),(8078,1677),(8078,1679),(8078,1682),(8078,1686),(8078,1687),(8078,1691),(8078,1692),(8078,1699),(8078,1701),(8078,1713),(8078,1714),(8078,1719),(8078,1720),(8078,1722),(8078,1736),(8078,1737),(8078,1741),(8078,1750),(8078,1762),(8078,1766),(8078,1770),(8078,1771),(8078,1774),(8078,1777),(8078,1781),(8078,1784),(8078,1787),(8078,1789),(8078,1790),(8078,1795),(8078,1796),(8078,1800),(8078,1808),(8078,1813),(8078,1814),(8078,1819),(8078,1823),(8078,1826),(8078,1834),(8078,1836),(8078,1842),(8078,1844),(8078,1847),(8078,1853),(8078,1863),(8078,1869),(8078,1871),(8078,1873),(8078,1874),(8078,1883),(8078,1885),(8078,1888),(8078,1891),(8078,1894),(8078,1895),(8078,1901),(8078,1902),(8078,1908),(8078,1915),(8078,1919),(8078,1923),(8078,1934),(8078,1939),(8078,1941),(8078,1942),(8078,1946),(8078,1957),(8078,1963),(8078,1968),(8078,1970),(8078,1972),(8078,1973),(8078,1974),(8078,1976),(8078,1978),(8078,1990),(8078,1997),(8079,1003),(8079,1006),(8079,1007),(8079,1014),(8079,1018),(8079,1025),(8079,1028),(8079,1031),(8079,1041),(8079,1047),(8079,1052),(8079,1054),(8079,1057),(8079,1061),(8079,1063),(8079,1065),(8079,1076),(8079,1084),(8079,1089),(8079,1090),(8079,1093),(8079,1094),(8079,1097),(8079,1098),(8079,1100),(8079,1101),(8079,1102),(8079,1104),(8079,1105),(8079,1107),(8079,1110),(8079,1111),(8079,1112),(8079,1124),(8079,1129),(8079,1130),(8079,1145),(8079,1150),(8079,1159),(8079,1160),(8079,1166),(8079,1167),(8079,1169),(8079,1174),(8079,1176),(8079,1183),(8079,1185),(8079,1186),(8079,1188),(8079,1194),(8079,1201),(8079,1206),(8079,1211),(8079,1220),(8079,1226),(8079,1229),(8079,1233),(8079,1236),(8079,1237),(8079,1238),(8079,1244),(8079,1249),(8079,1252),(8079,1261),(8079,1263),(8079,1267),(8079,1269),(8079,1274),(8079,1275),(8079,1279),(8079,1281),(8079,1286),(8079,1295),(8079,1309),(8079,1311),(8079,1320),(8079,1321),(8079,1327),(8079,1332),(8079,1333),(8079,1343),(8079,1344),(8079,1345),(8079,1349),(8079,1362),(8079,1370),(8079,1371),(8079,1377),(8079,1379),(8079,1382),(8079,1386),(8079,1397),(8079,1401),(8079,1407),(8079,1415),(8079,1417),(8079,1419),(8079,1421),(8079,1422),(8079,1426),(8079,1428),(8079,1438),(8079,1452),(8079,1454),(8079,1459),(8079,1467),(8079,1470),(8079,1471),(8079,1472),(8079,1477),(8079,1499),(8079,1503),(8079,1506),(8079,1507),(8079,1510),(8079,1523),(8079,1524),(8079,1526),(8079,1540),(8079,1542),(8079,1544),(8079,1547),(8079,1551),(8079,1560),(8079,1570),(8079,1591),(8079,1592),(8079,1595),(8079,1596),(8079,1598),(8079,1600),(8079,1607),(8079,1613),(8079,1622),(8079,1623),(8079,1632),(8079,1633),(8079,1660),(8079,1670),(8079,1673),(8079,1674),(8079,1689),(8079,1692),(8079,1694),(8079,1695),(8079,1709),(8079,1715),(8079,1716),(8079,1719),(8079,1721),(8079,1722),(8079,1729),(8079,1730),(8079,1733),(8079,1734),(8079,1735),(8079,1737),(8079,1745),(8079,1753),(8079,1757),(8079,1758),(8079,1761),(8079,1762),(8079,1772),(8079,1775),(8079,1784),(8079,1791),(8079,1792),(8079,1798),(8079,1804),(8079,1808),(8079,1809),(8079,1811),(8079,1819),(8079,1823),(8079,1828),(8079,1831),(8079,1838),(8079,1857),(8079,1860),(8079,1866),(8079,1870),(8079,1877),(8079,1879),(8079,1886),(8079,1888),(8079,1893),(8079,1895),(8079,1897),(8079,1898),(8079,1912),(8079,1915),(8079,1916),(8079,1920),(8079,1923),(8079,1925),(8079,1934),(8079,1944),(8079,1945),(8079,1956),(8079,1959),(8079,1964),(8079,1968),(8079,1970),(8079,1971),(8079,1974),(8079,1976),(8079,1980),(8079,1985),(8079,1987),(8079,1989),(8079,1998),(8080,1008),(8080,1016),(8080,1018),(8080,1020),(8080,1027),(8080,1031),(8080,1032),(8080,1034),(8080,1037),(8080,1039),(8080,1043),(8080,1051),(8080,1053),(8080,1054),(8080,1056),(8080,1058),(8080,1066),(8080,1067),(8080,1082),(8080,1083),(8080,1084),(8080,1088),(8080,1093),(8080,1095),(8080,1106),(8080,1114),(8080,1119),(8080,1125),(8080,1134),(8080,1139),(8080,1142),(8080,1143),(8080,1149),(8080,1153),(8080,1168),(8080,1169),(8080,1170),(8080,1174),(8080,1190),(8080,1199),(8080,1216),(8080,1217),(8080,1219),(8080,1233),(8080,1246),(8080,1248),(8080,1253),(8080,1254),(8080,1259),(8080,1260),(8080,1264),(8080,1272),(8080,1283),(8080,1295),(8080,1297),(8080,1298),(8080,1301),(8080,1302),(8080,1305),(8080,1307),(8080,1315),(8080,1317),(8080,1323),(8080,1324),(8080,1339),(8080,1340),(8080,1345),(8080,1350),(8080,1360),(8080,1364),(8080,1370),(8080,1372),(8080,1380),(8080,1385),(8080,1387),(8080,1392),(8080,1402),(8080,1413),(8080,1415),(8080,1423),(8080,1428),(8080,1429),(8080,1430),(8080,1445),(8080,1446),(8080,1458),(8080,1464),(8080,1467),(8080,1470),(8080,1472),(8080,1475),(8080,1481),(8080,1483),(8080,1487),(8080,1490),(8080,1497),(8080,1498),(8080,1507),(8080,1513),(8080,1514),(8080,1517),(8080,1521),(8080,1525),(8080,1526),(8080,1537),(8080,1539),(8080,1540),(8080,1552),(8080,1555),(8080,1556),(8080,1559),(8080,1562),(8080,1564),(8080,1567),(8080,1570),(8080,1571),(8080,1586),(8080,1588),(8080,1589),(8080,1590),(8080,1593),(8080,1594),(8080,1596),(8080,1609),(8080,1621),(8080,1627),(8080,1629),(8080,1630),(8080,1631),(8080,1639),(8080,1646),(8080,1650),(8080,1652),(8080,1653),(8080,1657),(8080,1658),(8080,1663),(8080,1664),(8080,1671),(8080,1675),(8080,1677),(8080,1684),(8080,1685),(8080,1701),(8080,1705),(8080,1706),(8080,1711),(8080,1721),(8080,1731),(8080,1733),(8080,1734),(8080,1736),(8080,1748),(8080,1751),(8080,1754),(8080,1756),(8080,1758),(8080,1765),(8080,1766),(8080,1767),(8080,1792),(8080,1796),(8080,1797),(8080,1802),(8080,1804),(8080,1808),(8080,1811),(8080,1817),(8080,1824),(8080,1830),(8080,1835),(8080,1836),(8080,1842),(8080,1848),(8080,1851),(8080,1858),(8080,1861),(8080,1863),(8080,1867),(8080,1869),(8080,1872),(8080,1876),(8080,1877),(8080,1880),(8080,1882),(8080,1887),(8080,1894),(8080,1895),(8080,1905),(8080,1912),(8080,1914),(8080,1942),(8080,1945),(8080,1950),(8080,1953),(8080,1954),(8080,1983),(8080,1987),(8080,1992),(8080,1994),(8081,1004),(8081,1010),(8081,1020),(8081,1035),(8081,1036),(8081,1038),(8081,1040),(8081,1043),(8081,1047),(8081,1050),(8081,1051),(8081,1053),(8081,1065),(8081,1066),(8081,1076),(8081,1084),(8081,1091),(8081,1097),(8081,1100),(8081,1102),(8081,1105),(8081,1111),(8081,1112),(8081,1116),(8081,1117),(8081,1122),(8081,1129),(8081,1135),(8081,1137),(8081,1144),(8081,1149),(8081,1152),(8081,1159),(8081,1166),(8081,1171),(8081,1176),(8081,1177),(8081,1178),(8081,1183),(8081,1196),(8081,1202),(8081,1209),(8081,1211),(8081,1224),(8081,1228),(8081,1230),(8081,1238),(8081,1239),(8081,1242),(8081,1250),(8081,1253),(8081,1267),(8081,1279),(8081,1292),(8081,1297),(8081,1299),(8081,1304),(8081,1307),(8081,1309),(8081,1313),(8081,1317),(8081,1323),(8081,1324),(8081,1325),(8081,1326),(8081,1328),(8081,1336),(8081,1339),(8081,1340),(8081,1343),(8081,1346),(8081,1347),(8081,1352),(8081,1355),(8081,1357),(8081,1369),(8081,1370),(8081,1378),(8081,1381),(8081,1390),(8081,1392),(8081,1393),(8081,1395),(8081,1396),(8081,1399),(8081,1403),(8081,1407),(8081,1418),(8081,1421),(8081,1424),(8081,1431),(8081,1432),(8081,1433),(8081,1435),(8081,1436),(8081,1442),(8081,1450),(8081,1457),(8081,1462),(8081,1468),(8081,1470),(8081,1477),(8081,1481),(8081,1482),(8081,1485),(8081,1495),(8081,1509),(8081,1511),(8081,1514),(8081,1527),(8081,1543),(8081,1545),(8081,1560),(8081,1561),(8081,1562),(8081,1563),(8081,1570),(8081,1582),(8081,1586),(8081,1590),(8081,1591),(8081,1595),(8081,1596),(8081,1603),(8081,1607),(8081,1609),(8081,1615),(8081,1618),(8081,1626),(8081,1628),(8081,1630),(8081,1660),(8081,1665),(8081,1666),(8081,1670),(8081,1676),(8081,1677),(8081,1687),(8081,1692),(8081,1696),(8081,1706),(8081,1710),(8081,1715),(8081,1716),(8081,1720),(8081,1722),(8081,1726),(8081,1733),(8081,1734),(8081,1740),(8081,1743),(8081,1751),(8081,1755),(8081,1763),(8081,1765),(8081,1766),(8081,1779),(8081,1797),(8081,1802),(8081,1807),(8081,1808),(8081,1809),(8081,1817),(8081,1827),(8081,1828),(8081,1832),(8081,1841),(8081,1847),(8081,1848),(8081,1852),(8081,1853),(8081,1857),(8081,1865),(8081,1866),(8081,1867),(8081,1880),(8081,1884),(8081,1886),(8081,1897),(8081,1900),(8081,1901),(8081,1902),(8081,1903),(8081,1907),(8081,1914),(8081,1915),(8081,1921),(8081,1924),(8081,1926),(8081,1930),(8081,1938),(8081,1941),(8081,1942),(8081,1943),(8081,1945),(8081,1948),(8081,1956),(8081,1960),(8081,1967),(8081,1977),(8081,1980),(8081,1981),(8081,1982),(8081,1988),(8081,1992),(8081,1997),(8082,1018),(8082,1022),(8082,1035),(8082,1036),(8082,1038),(8082,1055),(8082,1057),(8082,1058),(8082,1064),(8082,1065),(8082,1067),(8082,1075),(8082,1080),(8082,1087),(8082,1095),(8082,1099),(8082,1100),(8082,1104),(8082,1107),(8082,1108),(8082,1115),(8082,1121),(8082,1122),(8082,1132),(8082,1138),(8082,1139),(8082,1141),(8082,1142),(8082,1143),(8082,1145),(8082,1146),(8082,1152),(8082,1158),(8082,1167),(8082,1174),(8082,1175),(8082,1179),(8082,1188),(8082,1191),(8082,1201),(8082,1202),(8082,1205),(8082,1210),(8082,1212),(8082,1215),(8082,1227),(8082,1236),(8082,1251),(8082,1252),(8082,1255),(8082,1260),(8082,1273),(8082,1274),(8082,1275),(8082,1290),(8082,1291),(8082,1292),(8082,1300),(8082,1301),(8082,1307),(8082,1312),(8082,1321),(8082,1323),(8082,1331),(8082,1334),(8082,1337),(8082,1339),(8082,1352),(8082,1361),(8082,1366),(8082,1373),(8082,1375),(8082,1379),(8082,1394),(8082,1399),(8082,1406),(8082,1407),(8082,1408),(8082,1409),(8082,1411),(8082,1412),(8082,1427),(8082,1429),(8082,1433),(8082,1434),(8082,1436),(8082,1437),(8082,1438),(8082,1457),(8082,1463),(8082,1465),(8082,1475),(8082,1480),(8082,1487),(8082,1494),(8082,1502),(8082,1507),(8082,1510),(8082,1532),(8082,1534),(8082,1536),(8082,1546),(8082,1549),(8082,1550),(8082,1553),(8082,1556),(8082,1560),(8082,1561),(8082,1567),(8082,1568),(8082,1571),(8082,1572),(8082,1581),(8082,1586),(8082,1592),(8082,1596),(8082,1603),(8082,1605),(8082,1608),(8082,1612),(8082,1617),(8082,1620),(8082,1621),(8082,1623),(8082,1625),(8082,1630),(8082,1633),(8082,1641),(8082,1645),(8082,1649),(8082,1656),(8082,1660),(8082,1661),(8082,1668),(8082,1671),(8082,1683),(8082,1689),(8082,1706),(8082,1708),(8082,1724),(8082,1726),(8082,1728),(8082,1732),(8082,1736),(8082,1739),(8082,1745),(8082,1756),(8082,1766),(8082,1779),(8082,1783),(8082,1786),(8082,1792),(8082,1795),(8082,1798),(8082,1801),(8082,1802),(8082,1805),(8082,1811),(8082,1812),(8082,1813),(8082,1814),(8082,1817),(8082,1820),(8082,1822),(8082,1826),(8082,1839),(8082,1840),(8082,1867),(8082,1870),(8082,1881),(8082,1883),(8082,1886),(8082,1888),(8082,1893),(8082,1896),(8082,1897),(8082,1903),(8082,1904),(8082,1910),(8082,1913),(8082,1919),(8082,1922),(8082,1924),(8082,1926),(8082,1939),(8082,1941),(8082,1947),(8082,1948),(8082,1951),(8082,1953),(8082,1957),(8082,1958),(8082,1964),(8082,1965),(8082,1977),(8082,1980),(8082,1985),(8082,1992),(8082,1995),(8083,1000),(8083,1010),(8083,1011),(8083,1014),(8083,1017),(8083,1020),(8083,1025),(8083,1026),(8083,1028),(8083,1033),(8083,1034),(8083,1037),(8083,1040),(8083,1045),(8083,1050),(8083,1059),(8083,1060),(8083,1063),(8083,1066),(8083,1072),(8083,1077),(8083,1080),(8083,1081),(8083,1085),(8083,1086),(8083,1087),(8083,1090),(8083,1091),(8083,1097),(8083,1102),(8083,1103),(8083,1105),(8083,1107),(8083,1108),(8083,1113),(8083,1114),(8083,1118),(8083,1119),(8083,1126),(8083,1127),(8083,1141),(8083,1153),(8083,1156),(8083,1165),(8083,1173),(8083,1175),(8083,1178),(8083,1187),(8083,1194),(8083,1195),(8083,1196),(8083,1200),(8083,1202),(8083,1207),(8083,1218),(8083,1224),(8083,1226),(8083,1227),(8083,1232),(8083,1234),(8083,1237),(8083,1238),(8083,1239),(8083,1244),(8083,1247),(8083,1253),(8083,1259),(8083,1260),(8083,1264),(8083,1267),(8083,1269),(8083,1270),(8083,1274),(8083,1300),(8083,1301),(8083,1320),(8083,1324),(8083,1333),(8083,1336),(8083,1338),(8083,1344),(8083,1348),(8083,1351),(8083,1353),(8083,1356),(8083,1374),(8083,1377),(8083,1379),(8083,1390),(8083,1392),(8083,1403),(8083,1404),(8083,1407),(8083,1409),(8083,1421),(8083,1422),(8083,1423),(8083,1445),(8083,1449),(8083,1450),(8083,1461),(8083,1470),(8083,1471),(8083,1472),(8083,1474),(8083,1476),(8083,1481),(8083,1484),(8083,1491),(8083,1503),(8083,1509),(8083,1520),(8083,1525),(8083,1539),(8083,1573),(8083,1582),(8083,1584),(8083,1585),(8083,1589),(8083,1591),(8083,1604),(8083,1609),(8083,1611),(8083,1618),(8083,1622),(8083,1638),(8083,1642),(8083,1643),(8083,1647),(8083,1648),(8083,1653),(8083,1654),(8083,1655),(8083,1656),(8083,1657),(8083,1677),(8083,1683),(8083,1687),(8083,1690),(8083,1706),(8083,1707),(8083,1708),(8083,1709),(8083,1710),(8083,1723),(8083,1725),(8083,1729),(8083,1730),(8083,1734),(8083,1737),(8083,1741),(8083,1749),(8083,1750),(8083,1757),(8083,1759),(8083,1760),(8083,1761),(8083,1762),(8083,1764),(8083,1765),(8083,1766),(8083,1767),(8083,1769),(8083,1771),(8083,1776),(8083,1777),(8083,1778),(8083,1780),(8083,1781),(8083,1785),(8083,1786),(8083,1787),(8083,1793),(8083,1794),(8083,1796),(8083,1799),(8083,1803),(8083,1804),(8083,1807),(8083,1814),(8083,1817),(8083,1818),(8083,1827),(8083,1833),(8083,1834),(8083,1836),(8083,1850),(8083,1857),(8083,1879),(8083,1881),(8083,1888),(8083,1890),(8083,1892),(8083,1899),(8083,1903),(8083,1904),(8083,1906),(8083,1908),(8083,1912),(8083,1914),(8083,1917),(8083,1918),(8083,1925),(8083,1934),(8083,1936),(8083,1946),(8083,1951),(8083,1952),(8083,1960),(8083,1963),(8083,1964),(8083,1966),(8083,1975),(8083,1979),(8083,1981),(8083,1984),(8083,1994),(8083,1995),(8084,1001),(8084,1004),(8084,1006),(8084,1011),(8084,1022),(8084,1026),(8084,1035),(8084,1041),(8084,1050),(8084,1056),(8084,1060),(8084,1061),(8084,1062),(8084,1066),(8084,1067),(8084,1085),(8084,1098),(8084,1104),(8084,1105),(8084,1113),(8084,1114),(8084,1119),(8084,1124),(8084,1125),(8084,1126),(8084,1133),(8084,1135),(8084,1136),(8084,1142),(8084,1145),(8084,1147),(8084,1153),(8084,1162),(8084,1164),(8084,1166),(8084,1176),(8084,1179),(8084,1182),(8084,1183),(8084,1184),(8084,1189),(8084,1190),(8084,1194),(8084,1197),(8084,1199),(8084,1202),(8084,1208),(8084,1217),(8084,1243),(8084,1253),(8084,1256),(8084,1261),(8084,1264),(8084,1269),(8084,1272),(8084,1273),(8084,1278),(8084,1280),(8084,1282),(8084,1289),(8084,1290),(8084,1296),(8084,1297),(8084,1299),(8084,1301),(8084,1303),(8084,1304),(8084,1308),(8084,1329),(8084,1330),(8084,1333),(8084,1335),(8084,1338),(8084,1344),(8084,1348),(8084,1356),(8084,1360),(8084,1361),(8084,1362),(8084,1364),(8084,1365),(8084,1367),(8084,1376),(8084,1381),(8084,1382),(8084,1389),(8084,1392),(8084,1393),(8084,1394),(8084,1401),(8084,1402),(8084,1411),(8084,1415),(8084,1417),(8084,1418),(8084,1422),(8084,1427),(8084,1431),(8084,1434),(8084,1437),(8084,1444),(8084,1448),(8084,1466),(8084,1470),(8084,1481),(8084,1484),(8084,1488),(8084,1492),(8084,1498),(8084,1499),(8084,1502),(8084,1509),(8084,1513),(8084,1516),(8084,1521),(8084,1522),(8084,1529),(8084,1539),(8084,1541),(8084,1554),(8084,1555),(8084,1557),(8084,1558),(8084,1560),(8084,1562),(8084,1564),(8084,1567),(8084,1569),(8084,1573),(8084,1578),(8084,1584),(8084,1588),(8084,1591),(8084,1595),(8084,1605),(8084,1606),(8084,1617),(8084,1618),(8084,1623),(8084,1627),(8084,1628),(8084,1634),(8084,1635),(8084,1639),(8084,1644),(8084,1645),(8084,1649),(8084,1660),(8084,1671),(8084,1676),(8084,1681),(8084,1692),(8084,1693),(8084,1698),(8084,1702),(8084,1703),(8084,1715),(8084,1722),(8084,1724),(8084,1725),(8084,1728),(8084,1731),(8084,1740),(8084,1741),(8084,1744),(8084,1745),(8084,1750),(8084,1754),(8084,1758),(8084,1765),(8084,1767),(8084,1771),(8084,1772),(8084,1775),(8084,1779),(8084,1785),(8084,1787),(8084,1794),(8084,1800),(8084,1807),(8084,1809),(8084,1815),(8084,1820),(8084,1824),(8084,1829),(8084,1832),(8084,1834),(8084,1836),(8084,1840),(8084,1842),(8084,1852),(8084,1860),(8084,1864),(8084,1866),(8084,1877),(8084,1880),(8084,1893),(8084,1897),(8084,1907),(8084,1912),(8084,1914),(8084,1925),(8084,1926),(8084,1933),(8084,1934),(8084,1944),(8084,1946),(8084,1953),(8084,1955),(8084,1964),(8084,1969),(8084,1970),(8084,1974),(8084,1976),(8084,1979),(8084,1981),(8084,1982),(8084,1984),(8084,1989),(8084,1995),(8085,1006),(8085,1009),(8085,1012),(8085,1014),(8085,1015),(8085,1016),(8085,1018),(8085,1026),(8085,1027),(8085,1028),(8085,1034),(8085,1035),(8085,1045),(8085,1046),(8085,1048),(8085,1056),(8085,1065),(8085,1067),(8085,1068),(8085,1069),(8085,1071),(8085,1072),(8085,1079),(8085,1081),(8085,1085),(8085,1088),(8085,1092),(8085,1097),(8085,1101),(8085,1104),(8085,1106),(8085,1110),(8085,1111),(8085,1116),(8085,1122),(8085,1127),(8085,1164),(8085,1173),(8085,1175),(8085,1179),(8085,1181),(8085,1184),(8085,1187),(8085,1188),(8085,1190),(8085,1196),(8085,1199),(8085,1200),(8085,1201),(8085,1204),(8085,1208),(8085,1213),(8085,1215),(8085,1222),(8085,1226),(8085,1228),(8085,1240),(8085,1244),(8085,1249),(8085,1252),(8085,1253),(8085,1257),(8085,1272),(8085,1274),(8085,1285),(8085,1290),(8085,1296),(8085,1298),(8085,1303),(8085,1314),(8085,1315),(8085,1317),(8085,1326),(8085,1327),(8085,1331),(8085,1339),(8085,1342),(8085,1343),(8085,1344),(8085,1346),(8085,1347),(8085,1354),(8085,1371),(8085,1372),(8085,1374),(8085,1375),(8085,1376),(8085,1377),(8085,1390),(8085,1393),(8085,1394),(8085,1396),(8085,1402),(8085,1410),(8085,1411),(8085,1425),(8085,1428),(8085,1433),(8085,1444),(8085,1452),(8085,1458),(8085,1459),(8085,1461),(8085,1463),(8085,1465),(8085,1466),(8085,1468),(8085,1470),(8085,1474),(8085,1476),(8085,1480),(8085,1487),(8085,1489),(8085,1490),(8085,1492),(8085,1500),(8085,1502),(8085,1511),(8085,1512),(8085,1513),(8085,1525),(8085,1526),(8085,1533),(8085,1535),(8085,1539),(8085,1540),(8085,1545),(8085,1552),(8085,1563),(8085,1564),(8085,1566),(8085,1573),(8085,1592),(8085,1604),(8085,1616),(8085,1622),(8085,1623),(8085,1636),(8085,1641),(8085,1646),(8085,1656),(8085,1662),(8085,1670),(8085,1678),(8085,1690),(8085,1691),(8085,1693),(8085,1699),(8085,1703),(8085,1712),(8085,1716),(8085,1717),(8085,1723),(8085,1729),(8085,1732),(8085,1735),(8085,1742),(8085,1751),(8085,1754),(8085,1756),(8085,1762),(8085,1771),(8085,1781),(8085,1786),(8085,1789),(8085,1792),(8085,1793),(8085,1798),(8085,1810),(8085,1822),(8085,1824),(8085,1826),(8085,1827),(8085,1829),(8085,1836),(8085,1839),(8085,1842),(8085,1846),(8085,1851),(8085,1858),(8085,1863),(8085,1874),(8085,1876),(8085,1877),(8085,1883),(8085,1884),(8085,1894),(8085,1902),(8085,1903),(8085,1904),(8085,1905),(8085,1907),(8085,1920),(8085,1921),(8085,1924),(8085,1933),(8085,1936),(8085,1948),(8085,1956),(8085,1964),(8085,1965),(8085,1975),(8085,1981),(8085,1990),(8085,1995),(8086,1005),(8086,1009),(8086,1012),(8086,1018),(8086,1028),(8086,1035),(8086,1039),(8086,1042),(8086,1044),(8086,1058),(8086,1062),(8086,1067),(8086,1068),(8086,1069),(8086,1081),(8086,1085),(8086,1089),(8086,1091),(8086,1104),(8086,1112),(8086,1115),(8086,1117),(8086,1129),(8086,1133),(8086,1135),(8086,1147),(8086,1153),(8086,1165),(8086,1168),(8086,1170),(8086,1175),(8086,1184),(8086,1193),(8086,1198),(8086,1200),(8086,1202),(8086,1211),(8086,1225),(8086,1236),(8086,1244),(8086,1245),(8086,1253),(8086,1258),(8086,1263),(8086,1266),(8086,1273),(8086,1279),(8086,1280),(8086,1294),(8086,1307),(8086,1312),(8086,1313),(8086,1318),(8086,1319),(8086,1322),(8086,1328),(8086,1353),(8086,1354),(8086,1355),(8086,1357),(8086,1360),(8086,1361),(8086,1364),(8086,1367),(8086,1372),(8086,1377),(8086,1380),(8086,1384),(8086,1385),(8086,1387),(8086,1394),(8086,1400),(8086,1408),(8086,1411),(8086,1420),(8086,1422),(8086,1424),(8086,1429),(8086,1431),(8086,1440),(8086,1443),(8086,1446),(8086,1449),(8086,1455),(8086,1456),(8086,1462),(8086,1472),(8086,1475),(8086,1491),(8086,1493),(8086,1503),(8086,1508),(8086,1515),(8086,1516),(8086,1523),(8086,1525),(8086,1527),(8086,1530),(8086,1535),(8086,1543),(8086,1545),(8086,1557),(8086,1561),(8086,1569),(8086,1571),(8086,1576),(8086,1583),(8086,1586),(8086,1591),(8086,1598),(8086,1599),(8086,1603),(8086,1604),(8086,1608),(8086,1609),(8086,1623),(8086,1627),(8086,1629),(8086,1630),(8086,1644),(8086,1648),(8086,1649),(8086,1663),(8086,1667),(8086,1672),(8086,1677),(8086,1678),(8086,1679),(8086,1686),(8086,1700),(8086,1703),(8086,1704),(8086,1717),(8086,1718),(8086,1720),(8086,1726),(8086,1733),(8086,1734),(8086,1735),(8086,1743),(8086,1747),(8086,1753),(8086,1755),(8086,1757),(8086,1759),(8086,1760),(8086,1761),(8086,1771),(8086,1776),(8086,1780),(8086,1783),(8086,1791),(8086,1793),(8086,1796),(8086,1801),(8086,1808),(8086,1818),(8086,1824),(8086,1832),(8086,1846),(8086,1851),(8086,1852),(8086,1856),(8086,1867),(8086,1873),(8086,1876),(8086,1880),(8086,1889),(8086,1895),(8086,1907),(8086,1909),(8086,1915),(8086,1925),(8086,1935),(8086,1939),(8086,1941),(8086,1942),(8086,1945),(8086,1948),(8086,1962),(8086,1963),(8086,1964),(8086,1965),(8086,1968),(8086,1974),(8086,1976),(8086,1978),(8086,1981),(8086,1990),(8086,1996),(8087,1011),(8087,1013),(8087,1021),(8087,1024),(8087,1026),(8087,1030),(8087,1034),(8087,1041),(8087,1042),(8087,1044),(8087,1047),(8087,1051),(8087,1054),(8087,1057),(8087,1066),(8087,1068),(8087,1072),(8087,1080),(8087,1087),(8087,1088),(8087,1098),(8087,1103),(8087,1117),(8087,1120),(8087,1122),(8087,1125),(8087,1133),(8087,1134),(8087,1137),(8087,1142),(8087,1144),(8087,1153),(8087,1156),(8087,1157),(8087,1165),(8087,1170),(8087,1184),(8087,1206),(8087,1210),(8087,1216),(8087,1224),(8087,1254),(8087,1263),(8087,1268),(8087,1269),(8087,1270),(8087,1277),(8087,1278),(8087,1281),(8087,1283),(8087,1284),(8087,1285),(8087,1287),(8087,1295),(8087,1307),(8087,1314),(8087,1317),(8087,1318),(8087,1325),(8087,1329),(8087,1343),(8087,1347),(8087,1348),(8087,1352),(8087,1358),(8087,1366),(8087,1376),(8087,1383),(8087,1388),(8087,1390),(8087,1393),(8087,1396),(8087,1400),(8087,1404),(8087,1407),(8087,1410),(8087,1412),(8087,1414),(8087,1431),(8087,1432),(8087,1436),(8087,1438),(8087,1450),(8087,1451),(8087,1452),(8087,1465),(8087,1475),(8087,1486),(8087,1495),(8087,1506),(8087,1510),(8087,1511),(8087,1518),(8087,1522),(8087,1528),(8087,1551),(8087,1558),(8087,1563),(8087,1571),(8087,1576),(8087,1583),(8087,1590),(8087,1591),(8087,1592),(8087,1597),(8087,1602),(8087,1607),(8087,1618),(8087,1619),(8087,1625),(8087,1630),(8087,1635),(8087,1641),(8087,1645),(8087,1647),(8087,1652),(8087,1653),(8087,1655),(8087,1661),(8087,1665),(8087,1673),(8087,1679),(8087,1697),(8087,1706),(8087,1712),(8087,1713),(8087,1724),(8087,1727),(8087,1732),(8087,1752),(8087,1760),(8087,1761),(8087,1763),(8087,1765),(8087,1766),(8087,1770),(8087,1771),(8087,1777),(8087,1780),(8087,1785),(8087,1788),(8087,1798),(8087,1801),(8087,1802),(8087,1804),(8087,1807),(8087,1811),(8087,1812),(8087,1815),(8087,1821),(8087,1823),(8087,1830),(8087,1847),(8087,1856),(8087,1860),(8087,1866),(8087,1871),(8087,1885),(8087,1903),(8087,1907),(8087,1915),(8087,1922),(8087,1933),(8087,1948),(8087,1953),(8087,1955),(8087,1961),(8087,1967),(8087,1981),(8087,1983),(8087,1992),(8087,1996),(8088,1007),(8088,1011),(8088,1012),(8088,1017),(8088,1020),(8088,1023),(8088,1032),(8088,1035),(8088,1036),(8088,1042),(8088,1044),(8088,1047),(8088,1054),(8088,1055),(8088,1056),(8088,1057),(8088,1063),(8088,1066),(8088,1067),(8088,1069),(8088,1074),(8088,1075),(8088,1076),(8088,1077),(8088,1082),(8088,1090),(8088,1091),(8088,1098),(8088,1099),(8088,1100),(8088,1111),(8088,1114),(8088,1121),(8088,1122),(8088,1123),(8088,1128),(8088,1141),(8088,1146),(8088,1156),(8088,1158),(8088,1160),(8088,1162),(8088,1164),(8088,1166),(8088,1182),(8088,1187),(8088,1191),(8088,1197),(8088,1198),(8088,1200),(8088,1203),(8088,1204),(8088,1205),(8088,1206),(8088,1215),(8088,1219),(8088,1223),(8088,1233),(8088,1245),(8088,1250),(8088,1252),(8088,1254),(8088,1259),(8088,1263),(8088,1264),(8088,1275),(8088,1280),(8088,1291),(8088,1301),(8088,1302),(8088,1306),(8088,1320),(8088,1325),(8088,1327),(8088,1329),(8088,1333),(8088,1334),(8088,1340),(8088,1342),(8088,1344),(8088,1359),(8088,1360),(8088,1363),(8088,1364),(8088,1369),(8088,1373),(8088,1385),(8088,1386),(8088,1391),(8088,1397),(8088,1398),(8088,1407),(8088,1409),(8088,1413),(8088,1415),(8088,1418),(8088,1420),(8088,1423),(8088,1426),(8088,1432),(8088,1434),(8088,1437),(8088,1439),(8088,1444),(8088,1449),(8088,1451),(8088,1457),(8088,1460),(8088,1466),(8088,1467),(8088,1472),(8088,1483),(8088,1488),(8088,1499),(8088,1508),(8088,1520),(8088,1521),(8088,1525),(8088,1529),(8088,1538),(8088,1539),(8088,1543),(8088,1552),(8088,1553),(8088,1556),(8088,1565),(8088,1566),(8088,1568),(8088,1573),(8088,1584),(8088,1590),(8088,1594),(8088,1598),(8088,1599),(8088,1600),(8088,1601),(8088,1602),(8088,1612),(8088,1617),(8088,1620),(8088,1628),(8088,1629),(8088,1638),(8088,1640),(8088,1650),(8088,1651),(8088,1657),(8088,1659),(8088,1661),(8088,1663),(8088,1664),(8088,1669),(8088,1671),(8088,1691),(8088,1693),(8088,1700),(8088,1705),(8088,1708),(8088,1717),(8088,1718),(8088,1723),(8088,1726),(8088,1738),(8088,1739),(8088,1743),(8088,1744),(8088,1750),(8088,1751),(8088,1752),(8088,1753),(8088,1757),(8088,1759),(8088,1771),(8088,1775),(8088,1780),(8088,1782),(8088,1784),(8088,1796),(8088,1797),(8088,1798),(8088,1800),(8088,1801),(8088,1806),(8088,1809),(8088,1814),(8088,1821),(8088,1832),(8088,1836),(8088,1854),(8088,1858),(8088,1873),(8088,1875),(8088,1877),(8088,1881),(8088,1882),(8088,1887),(8088,1889),(8088,1906),(8088,1908),(8088,1910),(8088,1913),(8088,1921),(8088,1923),(8088,1924),(8088,1928),(8088,1930),(8088,1932),(8088,1933),(8088,1940),(8088,1944),(8088,1947),(8088,1955),(8088,1960),(8088,1961),(8088,1966),(8088,1967),(8088,1968),(8088,1977),(8088,1983),(8088,1995),(8088,1997),(8089,1000),(8089,1008),(8089,1011),(8089,1019),(8089,1024),(8089,1041),(8089,1043),(8089,1049),(8089,1058),(8089,1064),(8089,1069),(8089,1070),(8089,1076),(8089,1077),(8089,1085),(8089,1088),(8089,1092),(8089,1098),(8089,1100),(8089,1108),(8089,1114),(8089,1123),(8089,1124),(8089,1133),(8089,1134),(8089,1146),(8089,1148),(8089,1154),(8089,1155),(8089,1156),(8089,1157),(8089,1160),(8089,1161),(8089,1166),(8089,1178),(8089,1190),(8089,1192),(8089,1195),(8089,1214),(8089,1217),(8089,1219),(8089,1236),(8089,1237),(8089,1244),(8089,1245),(8089,1247),(8089,1249),(8089,1251),(8089,1252),(8089,1254),(8089,1255),(8089,1261),(8089,1283),(8089,1285),(8089,1289),(8089,1299),(8089,1303),(8089,1306),(8089,1317),(8089,1318),(8089,1323),(8089,1325),(8089,1328),(8089,1336),(8089,1344),(8089,1346),(8089,1349),(8089,1353),(8089,1356),(8089,1363),(8089,1364),(8089,1374),(8089,1376),(8089,1378),(8089,1383),(8089,1403),(8089,1406),(8089,1408),(8089,1409),(8089,1424),(8089,1433),(8089,1441),(8089,1442),(8089,1447),(8089,1457),(8089,1460),(8089,1463),(8089,1471),(8089,1478),(8089,1482),(8089,1484),(8089,1486),(8089,1489),(8089,1492),(8089,1494),(8089,1495),(8089,1496),(8089,1510),(8089,1511),(8089,1525),(8089,1532),(8089,1542),(8089,1554),(8089,1557),(8089,1591),(8089,1595),(8089,1611),(8089,1624),(8089,1627),(8089,1630),(8089,1631),(8089,1632),(8089,1650),(8089,1653),(8089,1654),(8089,1665),(8089,1670),(8089,1671),(8089,1672),(8089,1680),(8089,1683),(8089,1686),(8089,1695),(8089,1703),(8089,1706),(8089,1709),(8089,1715),(8089,1720),(8089,1721),(8089,1724),(8089,1727),(8089,1735),(8089,1738),(8089,1739),(8089,1740),(8089,1750),(8089,1755),(8089,1757),(8089,1759),(8089,1761),(8089,1780),(8089,1791),(8089,1793),(8089,1798),(8089,1803),(8089,1806),(8089,1810),(8089,1816),(8089,1825),(8089,1833),(8089,1840),(8089,1846),(8089,1848),(8089,1853),(8089,1854),(8089,1858),(8089,1860),(8089,1861),(8089,1862),(8089,1866),(8089,1880),(8089,1887),(8089,1889),(8089,1892),(8089,1898),(8089,1904),(8089,1909),(8089,1925),(8089,1928),(8089,1929),(8089,1934),(8089,1943),(8089,1945),(8089,1951),(8089,1955),(8089,1956),(8089,1962),(8089,1970),(8089,1972),(8089,1976),(8089,1979),(8089,1987),(8089,1994),(8089,1996),(8090,1006),(8090,1017),(8090,1019),(8090,1020),(8090,1021),(8090,1023),(8090,1030),(8090,1031),(8090,1040),(8090,1042),(8090,1046),(8090,1047),(8090,1051),(8090,1053),(8090,1057),(8090,1060),(8090,1064),(8090,1084),(8090,1088),(8090,1097),(8090,1098),(8090,1103),(8090,1104),(8090,1105),(8090,1111),(8090,1112),(8090,1116),(8090,1117),(8090,1121),(8090,1122),(8090,1128),(8090,1129),(8090,1136),(8090,1145),(8090,1155),(8090,1159),(8090,1163),(8090,1165),(8090,1168),(8090,1173),(8090,1176),(8090,1179),(8090,1185),(8090,1186),(8090,1194),(8090,1196),(8090,1204),(8090,1216),(8090,1223),(8090,1226),(8090,1228),(8090,1229),(8090,1230),(8090,1234),(8090,1237),(8090,1246),(8090,1249),(8090,1250),(8090,1251),(8090,1252),(8090,1261),(8090,1266),(8090,1274),(8090,1276),(8090,1289),(8090,1306),(8090,1307),(8090,1309),(8090,1314),(8090,1318),(8090,1321),(8090,1331),(8090,1357),(8090,1361),(8090,1363),(8090,1368),(8090,1370),(8090,1371),(8090,1372),(8090,1374),(8090,1376),(8090,1379),(8090,1380),(8090,1386),(8090,1387),(8090,1390),(8090,1395),(8090,1397),(8090,1409),(8090,1418),(8090,1422),(8090,1429),(8090,1430),(8090,1431),(8090,1432),(8090,1444),(8090,1450),(8090,1457),(8090,1463),(8090,1464),(8090,1465),(8090,1477),(8090,1490),(8090,1491),(8090,1492),(8090,1494),(8090,1499),(8090,1500),(8090,1501),(8090,1507),(8090,1510),(8090,1515),(8090,1517),(8090,1521),(8090,1524),(8090,1533),(8090,1537),(8090,1538),(8090,1557),(8090,1561),(8090,1563),(8090,1572),(8090,1574),(8090,1577),(8090,1589),(8090,1596),(8090,1604),(8090,1609),(8090,1619),(8090,1624),(8090,1627),(8090,1631),(8090,1634),(8090,1646),(8090,1647),(8090,1648),(8090,1653),(8090,1654),(8090,1657),(8090,1659),(8090,1665),(8090,1668),(8090,1669),(8090,1681),(8090,1684),(8090,1689),(8090,1703),(8090,1705),(8090,1707),(8090,1732),(8090,1733),(8090,1739),(8090,1743),(8090,1751),(8090,1754),(8090,1769),(8090,1788),(8090,1798),(8090,1801),(8090,1806),(8090,1810),(8090,1811),(8090,1818),(8090,1824),(8090,1825),(8090,1831),(8090,1832),(8090,1833),(8090,1842),(8090,1843),(8090,1845),(8090,1849),(8090,1852),(8090,1853),(8090,1857),(8090,1858),(8090,1860),(8090,1868),(8090,1869),(8090,1873),(8090,1894),(8090,1895),(8090,1899),(8090,1901),(8090,1905),(8090,1907),(8090,1908),(8090,1916),(8090,1919),(8090,1922),(8090,1924),(8090,1928),(8090,1936),(8090,1940),(8090,1947),(8090,1948),(8090,1954),(8090,1958),(8090,1959),(8090,1960),(8090,1965),(8090,1967),(8090,1973),(8090,1982),(8090,1988),(8090,1990),(8090,1991),(8090,1996),(8090,1997),(8091,1006),(8091,1011),(8091,1013),(8091,1032),(8091,1033),(8091,1039),(8091,1043),(8091,1051),(8091,1054),(8091,1055),(8091,1057),(8091,1062),(8091,1071),(8091,1073),(8091,1077),(8091,1078),(8091,1079),(8091,1082),(8091,1086),(8091,1089),(8091,1096),(8091,1098),(8091,1120),(8091,1123),(8091,1125),(8091,1126),(8091,1134),(8091,1137),(8091,1139),(8091,1142),(8091,1147),(8091,1150),(8091,1155),(8091,1159),(8091,1171),(8091,1173),(8091,1174),(8091,1176),(8091,1183),(8091,1189),(8091,1196),(8091,1203),(8091,1220),(8091,1225),(8091,1228),(8091,1230),(8091,1234),(8091,1239),(8091,1248),(8091,1253),(8091,1268),(8091,1270),(8091,1273),(8091,1274),(8091,1280),(8091,1285),(8091,1293),(8091,1304),(8091,1312),(8091,1314),(8091,1315),(8091,1320),(8091,1324),(8091,1336),(8091,1340),(8091,1341),(8091,1342),(8091,1343),(8091,1346),(8091,1348),(8091,1349),(8091,1350),(8091,1363),(8091,1377),(8091,1379),(8091,1388),(8091,1394),(8091,1395),(8091,1396),(8091,1408),(8091,1411),(8091,1414),(8091,1415),(8091,1419),(8091,1421),(8091,1425),(8091,1427),(8091,1428),(8091,1432),(8091,1433),(8091,1434),(8091,1435),(8091,1436),(8091,1440),(8091,1443),(8091,1446),(8091,1451),(8091,1453),(8091,1456),(8091,1457),(8091,1458),(8091,1460),(8091,1465),(8091,1467),(8091,1478),(8091,1479),(8091,1489),(8091,1494),(8091,1498),(8091,1501),(8091,1503),(8091,1514),(8091,1527),(8091,1546),(8091,1551),(8091,1552),(8091,1553),(8091,1555),(8091,1565),(8091,1570),(8091,1571),(8091,1574),(8091,1578),(8091,1589),(8091,1590),(8091,1605),(8091,1606),(8091,1612),(8091,1615),(8091,1617),(8091,1623),(8091,1627),(8091,1629),(8091,1642),(8091,1645),(8091,1646),(8091,1651),(8091,1652),(8091,1655),(8091,1672),(8091,1675),(8091,1678),(8091,1682),(8091,1686),(8091,1689),(8091,1703),(8091,1712),(8091,1718),(8091,1729),(8091,1736),(8091,1737),(8091,1745),(8091,1757),(8091,1760),(8091,1761),(8091,1764),(8091,1770),(8091,1781),(8091,1783),(8091,1794),(8091,1810),(8091,1812),(8091,1813),(8091,1821),(8091,1823),(8091,1829),(8091,1830),(8091,1837),(8091,1841),(8091,1843),(8091,1847),(8091,1852),(8091,1856),(8091,1866),(8091,1869),(8091,1875),(8091,1877),(8091,1880),(8091,1881),(8091,1882),(8091,1883),(8091,1884),(8091,1885),(8091,1891),(8091,1892),(8091,1895),(8091,1896),(8091,1899),(8091,1900),(8091,1904),(8091,1914),(8091,1915),(8091,1917),(8091,1931),(8091,1937),(8091,1939),(8091,1947),(8091,1957),(8091,1971),(8091,1984),(8091,1988),(8091,1991),(8091,1993),(8091,1998),(8092,1000),(8092,1004),(8092,1008),(8092,1014),(8092,1015),(8092,1025),(8092,1033),(8092,1034),(8092,1042),(8092,1045),(8092,1046),(8092,1060),(8092,1071),(8092,1074),(8092,1076),(8092,1082),(8092,1083),(8092,1086),(8092,1091),(8092,1099),(8092,1103),(8092,1106),(8092,1113),(8092,1119),(8092,1125),(8092,1128),(8092,1144),(8092,1145),(8092,1147),(8092,1151),(8092,1152),(8092,1154),(8092,1163),(8092,1164),(8092,1169),(8092,1172),(8092,1173),(8092,1174),(8092,1177),(8092,1178),(8092,1183),(8092,1184),(8092,1185),(8092,1186),(8092,1192),(8092,1200),(8092,1210),(8092,1215),(8092,1217),(8092,1221),(8092,1223),(8092,1226),(8092,1231),(8092,1236),(8092,1239),(8092,1246),(8092,1248),(8092,1250),(8092,1252),(8092,1269),(8092,1271),(8092,1276),(8092,1285),(8092,1290),(8092,1291),(8092,1296),(8092,1297),(8092,1302),(8092,1310),(8092,1319),(8092,1325),(8092,1326),(8092,1328),(8092,1332),(8092,1344),(8092,1346),(8092,1347),(8092,1348),(8092,1353),(8092,1354),(8092,1361),(8092,1365),(8092,1372),(8092,1377),(8092,1379),(8092,1381),(8092,1389),(8092,1394),(8092,1398),(8092,1399),(8092,1402),(8092,1415),(8092,1416),(8092,1422),(8092,1452),(8092,1461),(8092,1464),(8092,1469),(8092,1472),(8092,1473),(8092,1475),(8092,1479),(8092,1483),(8092,1484),(8092,1485),(8092,1486),(8092,1493),(8092,1511),(8092,1514),(8092,1516),(8092,1531),(8092,1535),(8092,1537),(8092,1547),(8092,1556),(8092,1565),(8092,1569),(8092,1574),(8092,1575),(8092,1576),(8092,1586),(8092,1587),(8092,1593),(8092,1597),(8092,1602),(8092,1608),(8092,1616),(8092,1617),(8092,1618),(8092,1633),(8092,1634),(8092,1636),(8092,1638),(8092,1641),(8092,1642),(8092,1645),(8092,1654),(8092,1655),(8092,1659),(8092,1660),(8092,1661),(8092,1669),(8092,1670),(8092,1671),(8092,1673),(8092,1674),(8092,1681),(8092,1687),(8092,1696),(8092,1697),(8092,1698),(8092,1709),(8092,1720),(8092,1722),(8092,1735),(8092,1743),(8092,1754),(8092,1760),(8092,1761),(8092,1765),(8092,1791),(8092,1795),(8092,1799),(8092,1801),(8092,1804),(8092,1807),(8092,1825),(8092,1834),(8092,1845),(8092,1846),(8092,1850),(8092,1854),(8092,1859),(8092,1864),(8092,1868),(8092,1871),(8092,1872),(8092,1877),(8092,1887),(8092,1888),(8092,1889),(8092,1890),(8092,1894),(8092,1902),(8092,1908),(8092,1910),(8092,1913),(8092,1922),(8092,1924),(8092,1930),(8092,1936),(8092,1939),(8092,1944),(8092,1962),(8092,1963),(8092,1964),(8092,1965),(8092,1973),(8092,1988),(8092,1996),(8093,1003),(8093,1004),(8093,1008),(8093,1009),(8093,1014),(8093,1020),(8093,1021),(8093,1031),(8093,1034),(8093,1039),(8093,1042),(8093,1044),(8093,1047),(8093,1050),(8093,1053),(8093,1060),(8093,1061),(8093,1062),(8093,1069),(8093,1077),(8093,1083),(8093,1086),(8093,1091),(8093,1095),(8093,1104),(8093,1110),(8093,1111),(8093,1114),(8093,1126),(8093,1132),(8093,1136),(8093,1156),(8093,1161),(8093,1168),(8093,1171),(8093,1192),(8093,1197),(8093,1213),(8093,1220),(8093,1221),(8093,1222),(8093,1227),(8093,1229),(8093,1233),(8093,1235),(8093,1249),(8093,1257),(8093,1260),(8093,1262),(8093,1263),(8093,1266),(8093,1268),(8093,1269),(8093,1271),(8093,1272),(8093,1280),(8093,1282),(8093,1285),(8093,1286),(8093,1292),(8093,1303),(8093,1305),(8093,1306),(8093,1308),(8093,1309),(8093,1311),(8093,1312),(8093,1318),(8093,1319),(8093,1322),(8093,1340),(8093,1351),(8093,1352),(8093,1361),(8093,1363),(8093,1365),(8093,1367),(8093,1375),(8093,1386),(8093,1394),(8093,1399),(8093,1407),(8093,1408),(8093,1409),(8093,1412),(8093,1416),(8093,1423),(8093,1437),(8093,1438),(8093,1443),(8093,1444),(8093,1458),(8093,1459),(8093,1462),(8093,1468),(8093,1469),(8093,1472),(8093,1480),(8093,1481),(8093,1483),(8093,1486),(8093,1489),(8093,1497),(8093,1500),(8093,1518),(8093,1521),(8093,1537),(8093,1551),(8093,1556),(8093,1557),(8093,1562),(8093,1570),(8093,1571),(8093,1574),(8093,1576),(8093,1577),(8093,1579),(8093,1596),(8093,1601),(8093,1606),(8093,1607),(8093,1622),(8093,1624),(8093,1632),(8093,1636),(8093,1640),(8093,1645),(8093,1649),(8093,1652),(8093,1653),(8093,1657),(8093,1658),(8093,1659),(8093,1668),(8093,1671),(8093,1676),(8093,1677),(8093,1679),(8093,1681),(8093,1692),(8093,1696),(8093,1702),(8093,1708),(8093,1717),(8093,1718),(8093,1719),(8093,1723),(8093,1727),(8093,1733),(8093,1740),(8093,1746),(8093,1750),(8093,1751),(8093,1753),(8093,1760),(8093,1774),(8093,1776),(8093,1782),(8093,1792),(8093,1794),(8093,1800),(8093,1805),(8093,1814),(8093,1815),(8093,1818),(8093,1832),(8093,1841),(8093,1847),(8093,1851),(8093,1854),(8093,1861),(8093,1866),(8093,1871),(8093,1876),(8093,1877),(8093,1880),(8093,1882),(8093,1883),(8093,1884),(8093,1885),(8093,1888),(8093,1891),(8093,1903),(8093,1905),(8093,1907),(8093,1917),(8093,1923),(8093,1927),(8093,1953),(8093,1956),(8093,1960),(8093,1962),(8093,1963),(8093,1965),(8093,1970),(8093,1983),(8093,1985),(8093,1987),(8093,1988),(8093,1995),(8094,1002),(8094,1003),(8094,1004),(8094,1005),(8094,1011),(8094,1027),(8094,1030),(8094,1031),(8094,1034),(8094,1045),(8094,1049),(8094,1050),(8094,1051),(8094,1054),(8094,1062),(8094,1076),(8094,1095),(8094,1098),(8094,1101),(8094,1102),(8094,1106),(8094,1110),(8094,1111),(8094,1114),(8094,1116),(8094,1122),(8094,1125),(8094,1127),(8094,1130),(8094,1134),(8094,1147),(8094,1154),(8094,1158),(8094,1160),(8094,1161),(8094,1173),(8094,1175),(8094,1180),(8094,1182),(8094,1183),(8094,1185),(8094,1188),(8094,1189),(8094,1193),(8094,1202),(8094,1203),(8094,1205),(8094,1207),(8094,1214),(8094,1216),(8094,1220),(8094,1223),(8094,1230),(8094,1235),(8094,1242),(8094,1243),(8094,1247),(8094,1264),(8094,1266),(8094,1267),(8094,1270),(8094,1271),(8094,1272),(8094,1276),(8094,1279),(8094,1286),(8094,1288),(8094,1289),(8094,1300),(8094,1301),(8094,1316),(8094,1327),(8094,1332),(8094,1334),(8094,1336),(8094,1340),(8094,1346),(8094,1348),(8094,1350),(8094,1353),(8094,1369),(8094,1373),(8094,1375),(8094,1383),(8094,1385),(8094,1389),(8094,1392),(8094,1400),(8094,1401),(8094,1403),(8094,1407),(8094,1409),(8094,1411),(8094,1412),(8094,1423),(8094,1426),(8094,1435),(8094,1447),(8094,1453),(8094,1455),(8094,1459),(8094,1462),(8094,1472),(8094,1479),(8094,1480),(8094,1482),(8094,1487),(8094,1494),(8094,1505),(8094,1507),(8094,1508),(8094,1512),(8094,1520),(8094,1522),(8094,1529),(8094,1530),(8094,1532),(8094,1535),(8094,1537),(8094,1543),(8094,1546),(8094,1555),(8094,1556),(8094,1559),(8094,1581),(8094,1588),(8094,1602),(8094,1616),(8094,1623),(8094,1626),(8094,1629),(8094,1631),(8094,1637),(8094,1638),(8094,1640),(8094,1642),(8094,1644),(8094,1662),(8094,1663),(8094,1668),(8094,1670),(8094,1674),(8094,1675),(8094,1676),(8094,1677),(8094,1678),(8094,1681),(8094,1683),(8094,1715),(8094,1724),(8094,1729),(8094,1730),(8094,1742),(8094,1744),(8094,1746),(8094,1747),(8094,1751),(8094,1762),(8094,1767),(8094,1770),(8094,1778),(8094,1783),(8094,1787),(8094,1789),(8094,1798),(8094,1799),(8094,1808),(8094,1829),(8094,1834),(8094,1839),(8094,1840),(8094,1843),(8094,1845),(8094,1847),(8094,1856),(8094,1868),(8094,1888),(8094,1889),(8094,1890),(8094,1896),(8094,1898),(8094,1906),(8094,1911),(8094,1916),(8094,1935),(8094,1943),(8094,1954),(8094,1955),(8094,1969),(8094,1970),(8094,1971),(8094,1975),(8094,1978),(8094,1980),(8094,1986),(8094,1991),(8094,1992),(8094,1996),(8095,1006),(8095,1019),(8095,1024),(8095,1027),(8095,1029),(8095,1030),(8095,1032),(8095,1036),(8095,1041),(8095,1043),(8095,1044),(8095,1050),(8095,1079),(8095,1087),(8095,1091),(8095,1096),(8095,1097),(8095,1102),(8095,1104),(8095,1105),(8095,1106),(8095,1111),(8095,1116),(8095,1119),(8095,1126),(8095,1139),(8095,1144),(8095,1151),(8095,1153),(8095,1155),(8095,1158),(8095,1159),(8095,1161),(8095,1166),(8095,1167),(8095,1171),(8095,1182),(8095,1186),(8095,1187),(8095,1193),(8095,1196),(8095,1203),(8095,1213),(8095,1217),(8095,1218),(8095,1221),(8095,1225),(8095,1227),(8095,1229),(8095,1233),(8095,1236),(8095,1241),(8095,1245),(8095,1248),(8095,1252),(8095,1266),(8095,1273),(8095,1283),(8095,1285),(8095,1290),(8095,1297),(8095,1298),(8095,1311),(8095,1316),(8095,1322),(8095,1325),(8095,1328),(8095,1329),(8095,1331),(8095,1341),(8095,1346),(8095,1351),(8095,1360),(8095,1369),(8095,1370),(8095,1375),(8095,1385),(8095,1389),(8095,1399),(8095,1404),(8095,1409),(8095,1410),(8095,1412),(8095,1424),(8095,1431),(8095,1435),(8095,1436),(8095,1443),(8095,1446),(8095,1452),(8095,1453),(8095,1467),(8095,1468),(8095,1472),(8095,1481),(8095,1482),(8095,1486),(8095,1487),(8095,1488),(8095,1493),(8095,1495),(8095,1499),(8095,1502),(8095,1503),(8095,1507),(8095,1508),(8095,1509),(8095,1510),(8095,1512),(8095,1513),(8095,1514),(8095,1515),(8095,1516),(8095,1517),(8095,1525),(8095,1531),(8095,1539),(8095,1541),(8095,1555),(8095,1557),(8095,1558),(8095,1561),(8095,1565),(8095,1576),(8095,1577),(8095,1578),(8095,1581),(8095,1592),(8095,1612),(8095,1620),(8095,1621),(8095,1625),(8095,1626),(8095,1635),(8095,1637),(8095,1638),(8095,1641),(8095,1642),(8095,1647),(8095,1648),(8095,1650),(8095,1653),(8095,1657),(8095,1662),(8095,1669),(8095,1676),(8095,1683),(8095,1685),(8095,1692),(8095,1698),(8095,1704),(8095,1711),(8095,1722),(8095,1724),(8095,1730),(8095,1734),(8095,1735),(8095,1742),(8095,1744),(8095,1748),(8095,1757),(8095,1760),(8095,1764),(8095,1769),(8095,1772),(8095,1775),(8095,1780),(8095,1794),(8095,1800),(8095,1805),(8095,1812),(8095,1813),(8095,1815),(8095,1826),(8095,1836),(8095,1837),(8095,1839),(8095,1843),(8095,1845),(8095,1846),(8095,1847),(8095,1852),(8095,1858),(8095,1867),(8095,1869),(8095,1870),(8095,1871),(8095,1878),(8095,1884),(8095,1887),(8095,1893),(8095,1899),(8095,1900),(8095,1902),(8095,1912),(8095,1918),(8095,1936),(8095,1937),(8095,1939),(8095,1942),(8095,1945),(8095,1951),(8095,1955),(8095,1964),(8095,1967),(8095,1973),(8095,1976),(8095,1983),(8095,1984),(8095,1986),(8095,1991),(8096,1001),(8096,1005),(8096,1014),(8096,1016),(8096,1020),(8096,1021),(8096,1025),(8096,1026),(8096,1030),(8096,1060),(8096,1063),(8096,1071),(8096,1078),(8096,1080),(8096,1093),(8096,1105),(8096,1107),(8096,1109),(8096,1120),(8096,1122),(8096,1128),(8096,1132),(8096,1143),(8096,1146),(8096,1148),(8096,1153),(8096,1154),(8096,1159),(8096,1163),(8096,1170),(8096,1180),(8096,1188),(8096,1189),(8096,1200),(8096,1201),(8096,1205),(8096,1208),(8096,1209),(8096,1212),(8096,1217),(8096,1235),(8096,1253),(8096,1254),(8096,1258),(8096,1259),(8096,1264),(8096,1274),(8096,1276),(8096,1283),(8096,1284),(8096,1293),(8096,1294),(8096,1295),(8096,1296),(8096,1299),(8096,1301),(8096,1303),(8096,1312),(8096,1326),(8096,1328),(8096,1329),(8096,1330),(8096,1343),(8096,1348),(8096,1350),(8096,1358),(8096,1375),(8096,1377),(8096,1382),(8096,1386),(8096,1389),(8096,1391),(8096,1396),(8096,1403),(8096,1405),(8096,1406),(8096,1414),(8096,1417),(8096,1418),(8096,1423),(8096,1427),(8096,1435),(8096,1436),(8096,1439),(8096,1442),(8096,1450),(8096,1453),(8096,1461),(8096,1464),(8096,1473),(8096,1474),(8096,1478),(8096,1486),(8096,1487),(8096,1491),(8096,1502),(8096,1508),(8096,1516),(8096,1523),(8096,1527),(8096,1531),(8096,1533),(8096,1543),(8096,1547),(8096,1549),(8096,1550),(8096,1551),(8096,1552),(8096,1558),(8096,1559),(8096,1560),(8096,1575),(8096,1576),(8096,1578),(8096,1582),(8096,1585),(8096,1590),(8096,1603),(8096,1605),(8096,1624),(8096,1625),(8096,1627),(8096,1628),(8096,1632),(8096,1637),(8096,1640),(8096,1643),(8096,1644),(8096,1645),(8096,1650),(8096,1657),(8096,1660),(8096,1662),(8096,1664),(8096,1666),(8096,1672),(8096,1675),(8096,1687),(8096,1693),(8096,1702),(8096,1705),(8096,1729),(8096,1735),(8096,1737),(8096,1740),(8096,1755),(8096,1767),(8096,1769),(8096,1779),(8096,1781),(8096,1786),(8096,1792),(8096,1793),(8096,1794),(8096,1798),(8096,1806),(8096,1808),(8096,1814),(8096,1818),(8096,1820),(8096,1823),(8096,1824),(8096,1826),(8096,1828),(8096,1831),(8096,1836),(8096,1840),(8096,1844),(8096,1847),(8096,1852),(8096,1854),(8096,1863),(8096,1864),(8096,1869),(8096,1883),(8096,1885),(8096,1892),(8096,1893),(8096,1895),(8096,1904),(8096,1907),(8096,1909),(8096,1916),(8096,1924),(8096,1929),(8096,1936),(8096,1937),(8096,1949),(8096,1960),(8096,1962),(8096,1964),(8096,1965),(8096,1967),(8096,1970),(8096,1973),(8096,1974),(8096,1982),(8096,1983),(8096,1991),(8096,1998),(8097,1011),(8097,1015),(8097,1020),(8097,1028),(8097,1033),(8097,1034),(8097,1040),(8097,1043),(8097,1044),(8097,1045),(8097,1046),(8097,1050),(8097,1055),(8097,1064),(8097,1071),(8097,1073),(8097,1080),(8097,1085),(8097,1091),(8097,1097),(8097,1100),(8097,1102),(8097,1105),(8097,1112),(8097,1121),(8097,1127),(8097,1130),(8097,1133),(8097,1138),(8097,1141),(8097,1146),(8097,1153),(8097,1155),(8097,1165),(8097,1171),(8097,1173),(8097,1181),(8097,1184),(8097,1185),(8097,1195),(8097,1200),(8097,1201),(8097,1208),(8097,1220),(8097,1234),(8097,1238),(8097,1263),(8097,1265),(8097,1267),(8097,1282),(8097,1286),(8097,1289),(8097,1293),(8097,1294),(8097,1304),(8097,1307),(8097,1309),(8097,1311),(8097,1318),(8097,1320),(8097,1324),(8097,1327),(8097,1336),(8097,1338),(8097,1340),(8097,1353),(8097,1359),(8097,1363),(8097,1365),(8097,1367),(8097,1368),(8097,1378),(8097,1384),(8097,1393),(8097,1395),(8097,1397),(8097,1400),(8097,1406),(8097,1412),(8097,1415),(8097,1417),(8097,1418),(8097,1419),(8097,1423),(8097,1432),(8097,1442),(8097,1454),(8097,1455),(8097,1467),(8097,1471),(8097,1473),(8097,1476),(8097,1478),(8097,1480),(8097,1488),(8097,1491),(8097,1492),(8097,1500),(8097,1501),(8097,1503),(8097,1520),(8097,1521),(8097,1523),(8097,1534),(8097,1536),(8097,1543),(8097,1545),(8097,1547),(8097,1558),(8097,1564),(8097,1570),(8097,1579),(8097,1583),(8097,1590),(8097,1593),(8097,1598),(8097,1599),(8097,1602),(8097,1606),(8097,1612),(8097,1620),(8097,1622),(8097,1630),(8097,1636),(8097,1646),(8097,1647),(8097,1656),(8097,1663),(8097,1667),(8097,1673),(8097,1674),(8097,1677),(8097,1680),(8097,1683),(8097,1685),(8097,1686),(8097,1688),(8097,1689),(8097,1691),(8097,1693),(8097,1703),(8097,1717),(8097,1725),(8097,1742),(8097,1750),(8097,1755),(8097,1756),(8097,1760),(8097,1763),(8097,1775),(8097,1776),(8097,1780),(8097,1781),(8097,1782),(8097,1783),(8097,1791),(8097,1794),(8097,1795),(8097,1797),(8097,1799),(8097,1808),(8097,1813),(8097,1831),(8097,1838),(8097,1849),(8097,1855),(8097,1858),(8097,1862),(8097,1872),(8097,1878),(8097,1886),(8097,1891),(8097,1897),(8097,1898),(8097,1899),(8097,1903),(8097,1907),(8097,1908),(8097,1910),(8097,1917),(8097,1929),(8097,1930),(8097,1935),(8097,1953),(8097,1956),(8097,1963),(8097,1966),(8097,1969),(8097,1972),(8097,1977),(8097,1979),(8097,1984),(8097,1986),(8097,1993),(8097,1995),(8097,1998),(8098,1002),(8098,1011),(8098,1014),(8098,1016),(8098,1021),(8098,1027),(8098,1038),(8098,1044),(8098,1047),(8098,1049),(8098,1051),(8098,1053),(8098,1055),(8098,1067),(8098,1072),(8098,1073),(8098,1074),(8098,1076),(8098,1078),(8098,1082),(8098,1086),(8098,1089),(8098,1093),(8098,1095),(8098,1096),(8098,1099),(8098,1102),(8098,1111),(8098,1126),(8098,1127),(8098,1132),(8098,1133),(8098,1138),(8098,1140),(8098,1146),(8098,1152),(8098,1159),(8098,1163),(8098,1175),(8098,1176),(8098,1177),(8098,1187),(8098,1188),(8098,1191),(8098,1197),(8098,1199),(8098,1203),(8098,1211),(8098,1214),(8098,1216),(8098,1219),(8098,1224),(8098,1228),(8098,1233),(8098,1235),(8098,1237),(8098,1238),(8098,1241),(8098,1247),(8098,1269),(8098,1271),(8098,1275),(8098,1276),(8098,1277),(8098,1281),(8098,1291),(8098,1292),(8098,1301),(8098,1304),(8098,1306),(8098,1313),(8098,1316),(8098,1319),(8098,1323),(8098,1331),(8098,1340),(8098,1346),(8098,1350),(8098,1353),(8098,1361),(8098,1366),(8098,1367),(8098,1371),(8098,1372),(8098,1376),(8098,1378),(8098,1380),(8098,1383),(8098,1390),(8098,1396),(8098,1407),(8098,1419),(8098,1421),(8098,1424),(8098,1425),(8098,1428),(8098,1432),(8098,1433),(8098,1442),(8098,1443),(8098,1445),(8098,1448),(8098,1453),(8098,1460),(8098,1462),(8098,1469),(8098,1470),(8098,1471),(8098,1472),(8098,1483),(8098,1484),(8098,1485),(8098,1495),(8098,1499),(8098,1504),(8098,1505),(8098,1516),(8098,1523),(8098,1525),(8098,1531),(8098,1533),(8098,1536),(8098,1539),(8098,1540),(8098,1542),(8098,1545),(8098,1546),(8098,1547),(8098,1548),(8098,1555),(8098,1556),(8098,1560),(8098,1562),(8098,1572),(8098,1574),(8098,1582),(8098,1583),(8098,1586),(8098,1593),(8098,1595),(8098,1609),(8098,1612),(8098,1618),(8098,1619),(8098,1622),(8098,1625),(8098,1628),(8098,1630),(8098,1631),(8098,1647),(8098,1650),(8098,1651),(8098,1652),(8098,1653),(8098,1656),(8098,1659),(8098,1661),(8098,1663),(8098,1667),(8098,1677),(8098,1679),(8098,1683),(8098,1690),(8098,1693),(8098,1696),(8098,1697),(8098,1699),(8098,1702),(8098,1704),(8098,1709),(8098,1710),(8098,1719),(8098,1725),(8098,1730),(8098,1737),(8098,1738),(8098,1744),(8098,1749),(8098,1751),(8098,1757),(8098,1758),(8098,1763),(8098,1769),(8098,1774),(8098,1775),(8098,1778),(8098,1791),(8098,1794),(8098,1800),(8098,1804),(8098,1806),(8098,1809),(8098,1813),(8098,1820),(8098,1821),(8098,1835),(8098,1840),(8098,1841),(8098,1844),(8098,1865),(8098,1867),(8098,1876),(8098,1877),(8098,1881),(8098,1884),(8098,1899),(8098,1900),(8098,1902),(8098,1903),(8098,1905),(8098,1913),(8098,1915),(8098,1924),(8098,1925),(8098,1927),(8098,1931),(8098,1933),(8098,1936),(8098,1941),(8098,1943),(8098,1945),(8098,1949),(8098,1956),(8098,1958),(8098,1963),(8098,1967),(8098,1968),(8098,1977),(8098,1981),(8098,1987),(8098,1994),(8098,1995),(8099,1000),(8099,1005),(8099,1007),(8099,1010),(8099,1012),(8099,1024),(8099,1030),(8099,1032),(8099,1037),(8099,1040),(8099,1041),(8099,1046),(8099,1049),(8099,1053),(8099,1058),(8099,1065),(8099,1067),(8099,1069),(8099,1074),(8099,1088),(8099,1092),(8099,1095),(8099,1102),(8099,1109),(8099,1117),(8099,1134),(8099,1144),(8099,1151),(8099,1157),(8099,1158),(8099,1174),(8099,1179),(8099,1181),(8099,1186),(8099,1190),(8099,1195),(8099,1198),(8099,1206),(8099,1207),(8099,1220),(8099,1226),(8099,1227),(8099,1233),(8099,1241),(8099,1242),(8099,1245),(8099,1247),(8099,1248),(8099,1249),(8099,1256),(8099,1258),(8099,1260),(8099,1273),(8099,1283),(8099,1286),(8099,1289),(8099,1296),(8099,1304),(8099,1316),(8099,1318),(8099,1321),(8099,1323),(8099,1325),(8099,1328),(8099,1331),(8099,1333),(8099,1350),(8099,1357),(8099,1360),(8099,1361),(8099,1362),(8099,1368),(8099,1372),(8099,1373),(8099,1378),(8099,1381),(8099,1397),(8099,1398),(8099,1402),(8099,1404),(8099,1413),(8099,1414),(8099,1419),(8099,1434),(8099,1436),(8099,1437),(8099,1447),(8099,1448),(8099,1449),(8099,1454),(8099,1458),(8099,1473),(8099,1476),(8099,1483),(8099,1493),(8099,1497),(8099,1512),(8099,1523),(8099,1525),(8099,1526),(8099,1528),(8099,1529),(8099,1531),(8099,1532),(8099,1536),(8099,1537),(8099,1556),(8099,1557),(8099,1560),(8099,1561),(8099,1563),(8099,1565),(8099,1566),(8099,1574),(8099,1579),(8099,1590),(8099,1592),(8099,1593),(8099,1599),(8099,1602),(8099,1604),(8099,1606),(8099,1608),(8099,1615),(8099,1617),(8099,1621),(8099,1633),(8099,1634),(8099,1638),(8099,1641),(8099,1646),(8099,1654),(8099,1657),(8099,1665),(8099,1666),(8099,1668),(8099,1678),(8099,1679),(8099,1681),(8099,1683),(8099,1689),(8099,1692),(8099,1693),(8099,1700),(8099,1710),(8099,1717),(8099,1722),(8099,1729),(8099,1732),(8099,1739),(8099,1740),(8099,1745),(8099,1750),(8099,1751),(8099,1757),(8099,1762),(8099,1774),(8099,1787),(8099,1788),(8099,1794),(8099,1815),(8099,1820),(8099,1824),(8099,1830),(8099,1831),(8099,1838),(8099,1839),(8099,1845),(8099,1851),(8099,1856),(8099,1863),(8099,1868),(8099,1871),(8099,1880),(8099,1884),(8099,1887),(8099,1907),(8099,1910),(8099,1912),(8099,1917),(8099,1921),(8099,1925),(8099,1931),(8099,1932),(8099,1943),(8099,1952),(8099,1953),(8099,1957),(8099,1962),(8099,1968),(8099,1980),(8099,1984),(8099,1989),(8099,1992),(8099,1994),(8099,1995),(8100,1008),(8100,1011),(8100,1024),(8100,1027),(8100,1028),(8100,1029),(8100,1035),(8100,1037),(8100,1039),(8100,1042),(8100,1048),(8100,1052),(8100,1053),(8100,1058),(8100,1059),(8100,1066),(8100,1069),(8100,1070),(8100,1073),(8100,1075),(8100,1081),(8100,1083),(8100,1100),(8100,1102),(8100,1105),(8100,1106),(8100,1109),(8100,1110),(8100,1124),(8100,1137),(8100,1139),(8100,1141),(8100,1142),(8100,1144),(8100,1147),(8100,1148),(8100,1150),(8100,1151),(8100,1160),(8100,1161),(8100,1165),(8100,1166),(8100,1170),(8100,1173),(8100,1177),(8100,1181),(8100,1184),(8100,1192),(8100,1195),(8100,1200),(8100,1204),(8100,1213),(8100,1216),(8100,1229),(8100,1230),(8100,1235),(8100,1237),(8100,1244),(8100,1245),(8100,1247),(8100,1253),(8100,1259),(8100,1265),(8100,1266),(8100,1269),(8100,1270),(8100,1272),(8100,1273),(8100,1277),(8100,1285),(8100,1288),(8100,1289),(8100,1291),(8100,1295),(8100,1307),(8100,1318),(8100,1319),(8100,1321),(8100,1323),(8100,1328),(8100,1340),(8100,1341),(8100,1342),(8100,1346),(8100,1348),(8100,1349),(8100,1350),(8100,1354),(8100,1356),(8100,1360),(8100,1362),(8100,1365),(8100,1366),(8100,1382),(8100,1383),(8100,1397),(8100,1403),(8100,1414),(8100,1415),(8100,1416),(8100,1422),(8100,1423),(8100,1435),(8100,1439),(8100,1441),(8100,1445),(8100,1452),(8100,1456),(8100,1458),(8100,1463),(8100,1464),(8100,1468),(8100,1474),(8100,1480),(8100,1485),(8100,1488),(8100,1499),(8100,1502),(8100,1504),(8100,1506),(8100,1512),(8100,1514),(8100,1518),(8100,1519),(8100,1525),(8100,1527),(8100,1532),(8100,1538),(8100,1539),(8100,1542),(8100,1552),(8100,1555),(8100,1560),(8100,1568),(8100,1570),(8100,1575),(8100,1580),(8100,1583),(8100,1586),(8100,1590),(8100,1600),(8100,1619),(8100,1620),(8100,1622),(8100,1623),(8100,1625),(8100,1629),(8100,1635),(8100,1645),(8100,1647),(8100,1648),(8100,1653),(8100,1655),(8100,1664),(8100,1665),(8100,1681),(8100,1682),(8100,1683),(8100,1687),(8100,1694),(8100,1697),(8100,1698),(8100,1699),(8100,1707),(8100,1711),(8100,1716),(8100,1721),(8100,1727),(8100,1731),(8100,1736),(8100,1739),(8100,1741),(8100,1742),(8100,1743),(8100,1760),(8100,1763),(8100,1768),(8100,1777),(8100,1778),(8100,1784),(8100,1785),(8100,1792),(8100,1805),(8100,1808),(8100,1812),(8100,1814),(8100,1815),(8100,1816),(8100,1825),(8100,1828),(8100,1842),(8100,1847),(8100,1855),(8100,1859),(8100,1860),(8100,1863),(8100,1866),(8100,1874),(8100,1875),(8100,1883),(8100,1885),(8100,1891),(8100,1898),(8100,1906),(8100,1907),(8100,1911),(8100,1913),(8100,1915),(8100,1917),(8100,1922),(8100,1937),(8100,1940),(8100,1942),(8100,1948),(8100,1952),(8100,1954),(8100,1955),(8100,1956),(8100,1962),(8100,1963),(8100,1965),(8100,1967),(8100,1972),(8100,1973),(8100,1983),(8100,1994),(8101,1005),(8101,1007),(8101,1008),(8101,1012),(8101,1013),(8101,1023),(8101,1025),(8101,1028),(8101,1030),(8101,1038),(8101,1040),(8101,1042),(8101,1043),(8101,1044),(8101,1046),(8101,1047),(8101,1049),(8101,1051),(8101,1052),(8101,1056),(8101,1068),(8101,1074),(8101,1080),(8101,1085),(8101,1088),(8101,1092),(8101,1094),(8101,1101),(8101,1103),(8101,1106),(8101,1117),(8101,1124),(8101,1126),(8101,1131),(8101,1132),(8101,1141),(8101,1151),(8101,1152),(8101,1154),(8101,1167),(8101,1169),(8101,1173),(8101,1179),(8101,1182),(8101,1187),(8101,1193),(8101,1204),(8101,1206),(8101,1207),(8101,1211),(8101,1221),(8101,1229),(8101,1230),(8101,1231),(8101,1235),(8101,1239),(8101,1246),(8101,1249),(8101,1251),(8101,1257),(8101,1268),(8101,1275),(8101,1279),(8101,1286),(8101,1295),(8101,1299),(8101,1303),(8101,1315),(8101,1319),(8101,1325),(8101,1328),(8101,1332),(8101,1333),(8101,1341),(8101,1346),(8101,1360),(8101,1365),(8101,1367),(8101,1370),(8101,1374),(8101,1382),(8101,1383),(8101,1385),(8101,1387),(8101,1389),(8101,1406),(8101,1407),(8101,1408),(8101,1410),(8101,1413),(8101,1425),(8101,1427),(8101,1432),(8101,1433),(8101,1441),(8101,1445),(8101,1454),(8101,1457),(8101,1460),(8101,1463),(8101,1465),(8101,1466),(8101,1470),(8101,1474),(8101,1478),(8101,1481),(8101,1485),(8101,1487),(8101,1495),(8101,1496),(8101,1504),(8101,1505),(8101,1507),(8101,1508),(8101,1509),(8101,1510),(8101,1514),(8101,1516),(8101,1522),(8101,1523),(8101,1525),(8101,1528),(8101,1530),(8101,1537),(8101,1540),(8101,1544),(8101,1563),(8101,1565),(8101,1568),(8101,1569),(8101,1572),(8101,1584),(8101,1587),(8101,1588),(8101,1591),(8101,1593),(8101,1597),(8101,1599),(8101,1601),(8101,1608),(8101,1609),(8101,1611),(8101,1614),(8101,1622),(8101,1624),(8101,1626),(8101,1628),(8101,1641),(8101,1644),(8101,1649),(8101,1654),(8101,1655),(8101,1662),(8101,1663),(8101,1665),(8101,1668),(8101,1670),(8101,1676),(8101,1681),(8101,1684),(8101,1697),(8101,1698),(8101,1703),(8101,1708),(8101,1711),(8101,1712),(8101,1719),(8101,1720),(8101,1724),(8101,1728),(8101,1731),(8101,1732),(8101,1733),(8101,1737),(8101,1744),(8101,1748),(8101,1749),(8101,1752),(8101,1754),(8101,1755),(8101,1757),(8101,1783),(8101,1784),(8101,1789),(8101,1799),(8101,1810),(8101,1818),(8101,1823),(8101,1829),(8101,1830),(8101,1848),(8101,1849),(8101,1854),(8101,1855),(8101,1858),(8101,1861),(8101,1865),(8101,1874),(8101,1875),(8101,1877),(8101,1880),(8101,1883),(8101,1894),(8101,1902),(8101,1903),(8101,1908),(8101,1911),(8101,1918),(8101,1924),(8101,1928),(8101,1934),(8101,1935),(8101,1936),(8101,1939),(8101,1940),(8101,1955),(8101,1956),(8101,1960),(8101,1969),(8101,1970),(8101,1974),(8101,1977),(8101,1983),(8101,1987),(8101,1993),(8101,1997),(8102,1003),(8102,1006),(8102,1015),(8102,1017),(8102,1024),(8102,1035),(8102,1037),(8102,1039),(8102,1041),(8102,1048),(8102,1052),(8102,1053),(8102,1058),(8102,1061),(8102,1067),(8102,1068),(8102,1070),(8102,1073),(8102,1080),(8102,1082),(8102,1088),(8102,1092),(8102,1095),(8102,1104),(8102,1105),(8102,1107),(8102,1108),(8102,1111),(8102,1114),(8102,1115),(8102,1116),(8102,1120),(8102,1126),(8102,1127),(8102,1139),(8102,1140),(8102,1146),(8102,1147),(8102,1151),(8102,1156),(8102,1167),(8102,1168),(8102,1174),(8102,1176),(8102,1180),(8102,1182),(8102,1187),(8102,1194),(8102,1208),(8102,1209),(8102,1216),(8102,1218),(8102,1226),(8102,1228),(8102,1230),(8102,1232),(8102,1233),(8102,1240),(8102,1242),(8102,1260),(8102,1261),(8102,1268),(8102,1280),(8102,1287),(8102,1296),(8102,1307),(8102,1313),(8102,1320),(8102,1328),(8102,1329),(8102,1330),(8102,1342),(8102,1348),(8102,1351),(8102,1352),(8102,1361),(8102,1365),(8102,1368),(8102,1369),(8102,1371),(8102,1372),(8102,1375),(8102,1376),(8102,1378),(8102,1381),(8102,1391),(8102,1393),(8102,1398),(8102,1401),(8102,1408),(8102,1411),(8102,1420),(8102,1429),(8102,1432),(8102,1436),(8102,1456),(8102,1457),(8102,1466),(8102,1468),(8102,1471),(8102,1473),(8102,1475),(8102,1476),(8102,1480),(8102,1483),(8102,1485),(8102,1490),(8102,1497),(8102,1498),(8102,1508),(8102,1511),(8102,1518),(8102,1522),(8102,1524),(8102,1528),(8102,1530),(8102,1534),(8102,1545),(8102,1549),(8102,1550),(8102,1552),(8102,1556),(8102,1562),(8102,1566),(8102,1569),(8102,1576),(8102,1588),(8102,1592),(8102,1597),(8102,1598),(8102,1601),(8102,1605),(8102,1609),(8102,1611),(8102,1616),(8102,1617),(8102,1619),(8102,1620),(8102,1621),(8102,1623),(8102,1624),(8102,1626),(8102,1634),(8102,1643),(8102,1651),(8102,1657),(8102,1659),(8102,1661),(8102,1675),(8102,1676),(8102,1679),(8102,1689),(8102,1694),(8102,1695),(8102,1698),(8102,1699),(8102,1705),(8102,1707),(8102,1710),(8102,1712),(8102,1713),(8102,1719),(8102,1722),(8102,1728),(8102,1733),(8102,1736),(8102,1753),(8102,1754),(8102,1756),(8102,1758),(8102,1759),(8102,1767),(8102,1780),(8102,1782),(8102,1789),(8102,1790),(8102,1791),(8102,1795),(8102,1807),(8102,1810),(8102,1816),(8102,1819),(8102,1821),(8102,1822),(8102,1827),(8102,1829),(8102,1832),(8102,1836),(8102,1841),(8102,1842),(8102,1847),(8102,1848),(8102,1871),(8102,1877),(8102,1878),(8102,1881),(8102,1885),(8102,1887),(8102,1891),(8102,1893),(8102,1900),(8102,1905),(8102,1906),(8102,1909),(8102,1913),(8102,1920),(8102,1921),(8102,1923),(8102,1924),(8102,1931),(8102,1933),(8102,1941),(8102,1960),(8102,1963),(8102,1974),(8102,1977),(8102,1979),(8102,1997),(8102,1998),(8103,1006),(8103,1016),(8103,1050),(8103,1056),(8103,1059),(8103,1094),(8103,1100),(8103,1107),(8103,1112),(8103,1114),(8103,1121),(8103,1131),(8103,1136),(8103,1139),(8103,1140),(8103,1146),(8103,1157),(8103,1159),(8103,1162),(8103,1163),(8103,1166),(8103,1180),(8103,1184),(8103,1187),(8103,1195),(8103,1203),(8103,1207),(8103,1211),(8103,1212),(8103,1220),(8103,1221),(8103,1223),(8103,1225),(8103,1226),(8103,1234),(8103,1241),(8103,1242),(8103,1244),(8103,1249),(8103,1250),(8103,1253),(8103,1256),(8103,1257),(8103,1271),(8103,1275),(8103,1285),(8103,1294),(8103,1307),(8103,1312),(8103,1313),(8103,1320),(8103,1324),(8103,1336),(8103,1343),(8103,1345),(8103,1354),(8103,1356),(8103,1363),(8103,1365),(8103,1367),(8103,1370),(8103,1377),(8103,1378),(8103,1393),(8103,1396),(8103,1398),(8103,1410),(8103,1412),(8103,1413),(8103,1421),(8103,1424),(8103,1427),(8103,1435),(8103,1445),(8103,1452),(8103,1458),(8103,1462),(8103,1469),(8103,1474),(8103,1476),(8103,1481),(8103,1489),(8103,1491),(8103,1498),(8103,1499),(8103,1501),(8103,1503),(8103,1512),(8103,1513),(8103,1519),(8103,1525),(8103,1526),(8103,1530),(8103,1533),(8103,1534),(8103,1537),(8103,1544),(8103,1554),(8103,1557),(8103,1561),(8103,1564),(8103,1565),(8103,1566),(8103,1574),(8103,1582),(8103,1584),(8103,1585),(8103,1587),(8103,1588),(8103,1613),(8103,1619),(8103,1646),(8103,1651),(8103,1654),(8103,1656),(8103,1662),(8103,1670),(8103,1672),(8103,1676),(8103,1678),(8103,1681),(8103,1692),(8103,1697),(8103,1700),(8103,1707),(8103,1711),(8103,1712),(8103,1724),(8103,1727),(8103,1748),(8103,1749),(8103,1752),(8103,1758),(8103,1763),(8103,1767),(8103,1770),(8103,1772),(8103,1773),(8103,1781),(8103,1785),(8103,1795),(8103,1798),(8103,1805),(8103,1806),(8103,1808),(8103,1810),(8103,1819),(8103,1839),(8103,1841),(8103,1845),(8103,1871),(8103,1872),(8103,1874),(8103,1875),(8103,1876),(8103,1881),(8103,1884),(8103,1889),(8103,1896),(8103,1897),(8103,1898),(8103,1900),(8103,1906),(8103,1911),(8103,1915),(8103,1917),(8103,1918),(8103,1920),(8103,1924),(8103,1931),(8103,1932),(8103,1942),(8103,1943),(8103,1944),(8103,1946),(8103,1947),(8103,1957),(8103,1967),(8103,1972),(8103,1973),(8103,1975),(8103,1984),(8103,1990),(8103,1996),(8104,1002),(8104,1003),(8104,1007),(8104,1011),(8104,1012),(8104,1013),(8104,1015),(8104,1018),(8104,1021),(8104,1025),(8104,1027),(8104,1028),(8104,1029),(8104,1032),(8104,1038),(8104,1040),(8104,1041),(8104,1042),(8104,1044),(8104,1049),(8104,1057),(8104,1069),(8104,1077),(8104,1078),(8104,1079),(8104,1083),(8104,1084),(8104,1085),(8104,1088),(8104,1093),(8104,1094),(8104,1096),(8104,1098),(8104,1100),(8104,1101),(8104,1107),(8104,1108),(8104,1118),(8104,1119),(8104,1120),(8104,1121),(8104,1122),(8104,1124),(8104,1132),(8104,1137),(8104,1141),(8104,1144),(8104,1145),(8104,1146),(8104,1159),(8104,1180),(8104,1182),(8104,1190),(8104,1192),(8104,1197),(8104,1200),(8104,1202),(8104,1207),(8104,1208),(8104,1209),(8104,1214),(8104,1216),(8104,1224),(8104,1226),(8104,1227),(8104,1233),(8104,1238),(8104,1252),(8104,1254),(8104,1255),(8104,1256),(8104,1267),(8104,1270),(8104,1274),(8104,1280),(8104,1282),(8104,1285),(8104,1287),(8104,1295),(8104,1302),(8104,1311),(8104,1319),(8104,1322),(8104,1329),(8104,1332),(8104,1336),(8104,1337),(8104,1338),(8104,1347),(8104,1355),(8104,1364),(8104,1371),(8104,1388),(8104,1389),(8104,1392),(8104,1396),(8104,1398),(8104,1404),(8104,1407),(8104,1408),(8104,1409),(8104,1410),(8104,1412),(8104,1416),(8104,1426),(8104,1428),(8104,1431),(8104,1432),(8104,1433),(8104,1437),(8104,1441),(8104,1445),(8104,1455),(8104,1460),(8104,1467),(8104,1468),(8104,1469),(8104,1470),(8104,1480),(8104,1485),(8104,1486),(8104,1489),(8104,1510),(8104,1512),(8104,1513),(8104,1514),(8104,1515),(8104,1526),(8104,1529),(8104,1530),(8104,1531),(8104,1539),(8104,1540),(8104,1541),(8104,1549),(8104,1559),(8104,1560),(8104,1561),(8104,1566),(8104,1568),(8104,1571),(8104,1573),(8104,1575),(8104,1579),(8104,1582),(8104,1584),(8104,1586),(8104,1590),(8104,1605),(8104,1623),(8104,1626),(8104,1633),(8104,1636),(8104,1638),(8104,1643),(8104,1649),(8104,1650),(8104,1654),(8104,1656),(8104,1658),(8104,1662),(8104,1664),(8104,1668),(8104,1677),(8104,1678),(8104,1688),(8104,1697),(8104,1699),(8104,1701),(8104,1709),(8104,1710),(8104,1711),(8104,1713),(8104,1717),(8104,1720),(8104,1724),(8104,1727),(8104,1729),(8104,1736),(8104,1738),(8104,1741),(8104,1742),(8104,1745),(8104,1759),(8104,1768),(8104,1775),(8104,1801),(8104,1808),(8104,1829),(8104,1830),(8104,1841),(8104,1842),(8104,1847),(8104,1850),(8104,1861),(8104,1868),(8104,1884),(8104,1891),(8104,1892),(8104,1893),(8104,1894),(8104,1897),(8104,1898),(8104,1902),(8104,1908),(8104,1911),(8104,1915),(8104,1922),(8104,1925),(8104,1926),(8104,1927),(8104,1934),(8104,1937),(8104,1939),(8104,1941),(8104,1942),(8104,1943),(8104,1947),(8104,1949),(8104,1958),(8104,1960),(8104,1963),(8104,1972),(8104,1974),(8104,1978),(8104,1984),(8104,1986),(8104,1987),(8104,1990),(8104,1994),(8104,1996),(8105,1001),(8105,1010),(8105,1013),(8105,1014),(8105,1017),(8105,1018),(8105,1023),(8105,1024),(8105,1028),(8105,1036),(8105,1043),(8105,1062),(8105,1064),(8105,1065),(8105,1067),(8105,1071),(8105,1076),(8105,1077),(8105,1078),(8105,1079),(8105,1080),(8105,1086),(8105,1089),(8105,1095),(8105,1097),(8105,1102),(8105,1105),(8105,1110),(8105,1114),(8105,1117),(8105,1121),(8105,1127),(8105,1129),(8105,1137),(8105,1139),(8105,1140),(8105,1143),(8105,1146),(8105,1148),(8105,1150),(8105,1160),(8105,1167),(8105,1168),(8105,1169),(8105,1174),(8105,1180),(8105,1194),(8105,1203),(8105,1204),(8105,1211),(8105,1218),(8105,1223),(8105,1233),(8105,1239),(8105,1243),(8105,1252),(8105,1254),(8105,1255),(8105,1262),(8105,1274),(8105,1283),(8105,1286),(8105,1294),(8105,1299),(8105,1308),(8105,1310),(8105,1317),(8105,1322),(8105,1324),(8105,1330),(8105,1331),(8105,1333),(8105,1344),(8105,1364),(8105,1370),(8105,1375),(8105,1385),(8105,1393),(8105,1395),(8105,1405),(8105,1406),(8105,1409),(8105,1424),(8105,1426),(8105,1443),(8105,1444),(8105,1450),(8105,1461),(8105,1472),(8105,1474),(8105,1479),(8105,1480),(8105,1494),(8105,1499),(8105,1502),(8105,1507),(8105,1508),(8105,1509),(8105,1510),(8105,1511),(8105,1519),(8105,1525),(8105,1526),(8105,1529),(8105,1530),(8105,1531),(8105,1537),(8105,1539),(8105,1547),(8105,1550),(8105,1551),(8105,1561),(8105,1567),(8105,1568),(8105,1569),(8105,1570),(8105,1574),(8105,1575),(8105,1595),(8105,1597),(8105,1602),(8105,1606),(8105,1610),(8105,1611),(8105,1613),(8105,1615),(8105,1620),(8105,1627),(8105,1634),(8105,1641),(8105,1649),(8105,1651),(8105,1652),(8105,1653),(8105,1654),(8105,1662),(8105,1668),(8105,1671),(8105,1672),(8105,1679),(8105,1682),(8105,1686),(8105,1691),(8105,1694),(8105,1699),(8105,1704),(8105,1712),(8105,1713),(8105,1722),(8105,1738),(8105,1742),(8105,1743),(8105,1745),(8105,1746),(8105,1757),(8105,1758),(8105,1760),(8105,1764),(8105,1765),(8105,1770),(8105,1771),(8105,1772),(8105,1774),(8105,1779),(8105,1781),(8105,1782),(8105,1790),(8105,1796),(8105,1805),(8105,1813),(8105,1814),(8105,1815),(8105,1819),(8105,1822),(8105,1827),(8105,1831),(8105,1833),(8105,1837),(8105,1841),(8105,1846),(8105,1853),(8105,1857),(8105,1863),(8105,1864),(8105,1879),(8105,1889),(8105,1890),(8105,1894),(8105,1902),(8105,1916),(8105,1919),(8105,1928),(8105,1940),(8105,1946),(8105,1954),(8105,1957),(8105,1963),(8105,1964),(8105,1978),(8105,1982),(8105,1984),(8105,1986),(8105,1988),(8105,1989),(8105,1995),(8106,1001),(8106,1004),(8106,1020),(8106,1022),(8106,1025),(8106,1029),(8106,1033),(8106,1037),(8106,1046),(8106,1050),(8106,1051),(8106,1055),(8106,1059),(8106,1061),(8106,1062),(8106,1074),(8106,1096),(8106,1101),(8106,1102),(8106,1108),(8106,1113),(8106,1116),(8106,1126),(8106,1133),(8106,1154),(8106,1155),(8106,1159),(8106,1165),(8106,1166),(8106,1172),(8106,1180),(8106,1182),(8106,1183),(8106,1188),(8106,1200),(8106,1202),(8106,1203),(8106,1217),(8106,1228),(8106,1229),(8106,1230),(8106,1235),(8106,1241),(8106,1242),(8106,1255),(8106,1270),(8106,1271),(8106,1276),(8106,1280),(8106,1281),(8106,1284),(8106,1287),(8106,1290),(8106,1297),(8106,1314),(8106,1327),(8106,1330),(8106,1331),(8106,1335),(8106,1337),(8106,1338),(8106,1344),(8106,1357),(8106,1361),(8106,1362),(8106,1370),(8106,1372),(8106,1375),(8106,1376),(8106,1382),(8106,1383),(8106,1389),(8106,1397),(8106,1398),(8106,1399),(8106,1400),(8106,1407),(8106,1412),(8106,1417),(8106,1423),(8106,1426),(8106,1432),(8106,1439),(8106,1448),(8106,1449),(8106,1450),(8106,1456),(8106,1480),(8106,1489),(8106,1495),(8106,1498),(8106,1500),(8106,1503),(8106,1505),(8106,1511),(8106,1516),(8106,1523),(8106,1525),(8106,1528),(8106,1532),(8106,1538),(8106,1541),(8106,1551),(8106,1567),(8106,1576),(8106,1582),(8106,1597),(8106,1599),(8106,1601),(8106,1603),(8106,1621),(8106,1623),(8106,1624),(8106,1628),(8106,1633),(8106,1638),(8106,1639),(8106,1644),(8106,1645),(8106,1651),(8106,1655),(8106,1656),(8106,1658),(8106,1660),(8106,1677),(8106,1683),(8106,1687),(8106,1690),(8106,1702),(8106,1707),(8106,1727),(8106,1736),(8106,1737),(8106,1738),(8106,1742),(8106,1758),(8106,1761),(8106,1773),(8106,1781),(8106,1798),(8106,1799),(8106,1804),(8106,1805),(8106,1807),(8106,1820),(8106,1827),(8106,1832),(8106,1837),(8106,1855),(8106,1862),(8106,1863),(8106,1864),(8106,1865),(8106,1866),(8106,1871),(8106,1874),(8106,1882),(8106,1890),(8106,1899),(8106,1907),(8106,1910),(8106,1924),(8106,1925),(8106,1926),(8106,1932),(8106,1942),(8106,1944),(8106,1949),(8106,1951),(8106,1956),(8106,1966),(8106,1968),(8106,1984),(8106,1987),(8106,1993),(8106,1997),(8107,1002),(8107,1010),(8107,1014),(8107,1015),(8107,1016),(8107,1019),(8107,1027),(8107,1029),(8107,1033),(8107,1035),(8107,1043),(8107,1047),(8107,1054),(8107,1056),(8107,1074),(8107,1080),(8107,1114),(8107,1119),(8107,1130),(8107,1136),(8107,1140),(8107,1147),(8107,1155),(8107,1157),(8107,1161),(8107,1163),(8107,1170),(8107,1171),(8107,1178),(8107,1183),(8107,1188),(8107,1189),(8107,1190),(8107,1192),(8107,1195),(8107,1197),(8107,1204),(8107,1222),(8107,1226),(8107,1228),(8107,1230),(8107,1231),(8107,1234),(8107,1235),(8107,1243),(8107,1247),(8107,1252),(8107,1253),(8107,1257),(8107,1260),(8107,1267),(8107,1270),(8107,1285),(8107,1292),(8107,1294),(8107,1298),(8107,1302),(8107,1303),(8107,1304),(8107,1309),(8107,1318),(8107,1320),(8107,1321),(8107,1326),(8107,1331),(8107,1337),(8107,1342),(8107,1345),(8107,1355),(8107,1358),(8107,1363),(8107,1378),(8107,1385),(8107,1392),(8107,1396),(8107,1400),(8107,1401),(8107,1407),(8107,1409),(8107,1414),(8107,1425),(8107,1427),(8107,1439),(8107,1449),(8107,1454),(8107,1455),(8107,1460),(8107,1467),(8107,1469),(8107,1472),(8107,1476),(8107,1479),(8107,1480),(8107,1492),(8107,1499),(8107,1504),(8107,1509),(8107,1510),(8107,1515),(8107,1523),(8107,1535),(8107,1536),(8107,1550),(8107,1554),(8107,1563),(8107,1570),(8107,1584),(8107,1593),(8107,1596),(8107,1609),(8107,1610),(8107,1620),(8107,1632),(8107,1635),(8107,1638),(8107,1640),(8107,1645),(8107,1650),(8107,1656),(8107,1669),(8107,1672),(8107,1673),(8107,1680),(8107,1682),(8107,1688),(8107,1689),(8107,1697),(8107,1700),(8107,1704),(8107,1737),(8107,1739),(8107,1741),(8107,1743),(8107,1745),(8107,1761),(8107,1782),(8107,1785),(8107,1799),(8107,1808),(8107,1809),(8107,1817),(8107,1818),(8107,1822),(8107,1825),(8107,1830),(8107,1832),(8107,1833),(8107,1855),(8107,1860),(8107,1861),(8107,1865),(8107,1867),(8107,1868),(8107,1873),(8107,1874),(8107,1882),(8107,1896),(8107,1897),(8107,1901),(8107,1902),(8107,1904),(8107,1906),(8107,1915),(8107,1916),(8107,1917),(8107,1920),(8107,1926),(8107,1928),(8107,1929),(8107,1934),(8107,1942),(8107,1948),(8107,1955),(8107,1962),(8107,1966),(8107,1969),(8107,1973),(8107,1984),(8107,1988),(8107,1989),(8107,1991),(8107,1994),(8107,1998),(8108,1000),(8108,1001),(8108,1011),(8108,1013),(8108,1022),(8108,1023),(8108,1036),(8108,1039),(8108,1042),(8108,1043),(8108,1048),(8108,1050),(8108,1057),(8108,1068),(8108,1070),(8108,1074),(8108,1089),(8108,1092),(8108,1093),(8108,1094),(8108,1098),(8108,1100),(8108,1113),(8108,1116),(8108,1123),(8108,1130),(8108,1134),(8108,1139),(8108,1148),(8108,1149),(8108,1151),(8108,1154),(8108,1155),(8108,1157),(8108,1160),(8108,1161),(8108,1163),(8108,1172),(8108,1175),(8108,1185),(8108,1190),(8108,1192),(8108,1194),(8108,1198),(8108,1203),(8108,1206),(8108,1207),(8108,1224),(8108,1229),(8108,1232),(8108,1236),(8108,1247),(8108,1251),(8108,1258),(8108,1259),(8108,1260),(8108,1266),(8108,1269),(8108,1284),(8108,1287),(8108,1292),(8108,1295),(8108,1299),(8108,1305),(8108,1306),(8108,1308),(8108,1312),(8108,1337),(8108,1341),(8108,1343),(8108,1346),(8108,1347),(8108,1349),(8108,1350),(8108,1354),(8108,1361),(8108,1363),(8108,1373),(8108,1376),(8108,1378),(8108,1379),(8108,1382),(8108,1395),(8108,1397),(8108,1400),(8108,1415),(8108,1420),(8108,1426),(8108,1429),(8108,1435),(8108,1436),(8108,1439),(8108,1443),(8108,1455),(8108,1460),(8108,1486),(8108,1502),(8108,1504),(8108,1506),(8108,1513),(8108,1515),(8108,1536),(8108,1538),(8108,1541),(8108,1544),(8108,1555),(8108,1557),(8108,1565),(8108,1567),(8108,1571),(8108,1579),(8108,1592),(8108,1593),(8108,1601),(8108,1607),(8108,1610),(8108,1614),(8108,1634),(8108,1645),(8108,1656),(8108,1671),(8108,1689),(8108,1699),(8108,1700),(8108,1701),(8108,1704),(8108,1711),(8108,1714),(8108,1720),(8108,1722),(8108,1730),(8108,1732),(8108,1736),(8108,1743),(8108,1744),(8108,1747),(8108,1749),(8108,1757),(8108,1765),(8108,1768),(8108,1776),(8108,1777),(8108,1780),(8108,1783),(8108,1786),(8108,1792),(8108,1800),(8108,1805),(8108,1808),(8108,1811),(8108,1815),(8108,1823),(8108,1836),(8108,1841),(8108,1843),(8108,1851),(8108,1852),(8108,1856),(8108,1862),(8108,1864),(8108,1874),(8108,1886),(8108,1891),(8108,1896),(8108,1899),(8108,1903),(8108,1911),(8108,1920),(8108,1921),(8108,1925),(8108,1926),(8108,1933),(8108,1941),(8108,1944),(8108,1956),(8108,1963),(8108,1969),(8108,1981),(8108,1988),(8108,1991),(8108,1993),(8108,1996),(8108,1997),(8108,1998),(8109,1005),(8109,1007),(8109,1009),(8109,1010),(8109,1014),(8109,1019),(8109,1021),(8109,1025),(8109,1038),(8109,1040),(8109,1045),(8109,1047),(8109,1061),(8109,1063),(8109,1086),(8109,1095),(8109,1097),(8109,1098),(8109,1102),(8109,1112),(8109,1116),(8109,1118),(8109,1131),(8109,1143),(8109,1147),(8109,1150),(8109,1152),(8109,1165),(8109,1166),(8109,1167),(8109,1174),(8109,1180),(8109,1187),(8109,1190),(8109,1194),(8109,1211),(8109,1214),(8109,1217),(8109,1219),(8109,1220),(8109,1222),(8109,1234),(8109,1237),(8109,1239),(8109,1243),(8109,1260),(8109,1268),(8109,1270),(8109,1271),(8109,1281),(8109,1286),(8109,1296),(8109,1306),(8109,1307),(8109,1312),(8109,1316),(8109,1317),(8109,1321),(8109,1327),(8109,1334),(8109,1352),(8109,1357),(8109,1361),(8109,1382),(8109,1394),(8109,1395),(8109,1398),(8109,1406),(8109,1415),(8109,1416),(8109,1418),(8109,1422),(8109,1424),(8109,1428),(8109,1429),(8109,1438),(8109,1442),(8109,1443),(8109,1448),(8109,1457),(8109,1465),(8109,1468),(8109,1470),(8109,1474),(8109,1475),(8109,1483),(8109,1484),(8109,1489),(8109,1510),(8109,1511),(8109,1512),(8109,1515),(8109,1519),(8109,1526),(8109,1527),(8109,1532),(8109,1533),(8109,1534),(8109,1545),(8109,1547),(8109,1548),(8109,1553),(8109,1572),(8109,1573),(8109,1577),(8109,1586),(8109,1599),(8109,1601),(8109,1604),(8109,1605),(8109,1606),(8109,1610),(8109,1614),(8109,1615),(8109,1618),(8109,1619),(8109,1625),(8109,1630),(8109,1640),(8109,1648),(8109,1653),(8109,1658),(8109,1659),(8109,1662),(8109,1668),(8109,1670),(8109,1674),(8109,1677),(8109,1685),(8109,1712),(8109,1715),(8109,1716),(8109,1732),(8109,1733),(8109,1734),(8109,1737),(8109,1739),(8109,1743),(8109,1744),(8109,1746),(8109,1755),(8109,1762),(8109,1773),(8109,1789),(8109,1807),(8109,1809),(8109,1823),(8109,1827),(8109,1829),(8109,1834),(8109,1851),(8109,1854),(8109,1858),(8109,1865),(8109,1868),(8109,1875),(8109,1879),(8109,1893),(8109,1895),(8109,1898),(8109,1912),(8109,1913),(8109,1922),(8109,1927),(8109,1930),(8109,1939),(8109,1940),(8109,1941),(8109,1943),(8109,1945),(8109,1947),(8109,1954),(8109,1971),(8109,1981),(8109,1988),(8109,1991),(8109,1997);
/*!40000 ALTER TABLE `viajes_clientes_join` ENABLE KEYS */;
UNLOCK TABLES;

--
-- Table structure for table `viajes_en_bus`
--

DROP TABLE IF EXISTS `viajes_en_bus`;
/*!40101 SET @saved_cs_client     = @@character_set_client */;
 SET character_set_client = utf8mb4 ;
CREATE TABLE `viajes_en_bus` (
  `ID_VIAJE` int(11) NOT NULL AUTO_INCREMENT,
  `ID_BUS` int(11) NOT NULL,
  `ID_CONDUCTOR` int(11) DEFAULT NULL,
  `DESTINO` varchar(30) DEFAULT NULL,
  `FECHA_ENTRADA` date DEFAULT NULL,
  `FECHA_SALIDA` date DEFAULT NULL,
  `N_PASAJEROS` int(11) DEFAULT NULL,
  `actual` varchar(30) DEFAULT NULL,
  PRIMARY KEY (`ID_VIAJE`),
  KEY `ID_BUS` (`ID_BUS`),
  CONSTRAINT `viajes_en_bus_ibfk_1` FOREIGN KEY (`ID_BUS`) REFERENCES `bus` (`ID_BUS`)
) ENGINE=InnoDB AUTO_INCREMENT=2000 DEFAULT CHARSET=utf8mb4 COLLATE=utf8mb4_0900_ai_ci;
/*!40101 SET character_set_client = @saved_cs_client */;

--
-- Dumping data for table `viajes_en_bus`
--

LOCK TABLES `viajes_en_bus` WRITE;
/*!40000 ALTER TABLE `viajes_en_bus` DISABLE KEYS */;
INSERT INTO `viajes_en_bus` VALUES (1000,66,75,'pereira',NULL,'2020-01-02',26,'buenaventura'),(1001,13,30,'bogota',NULL,'2019-12-25',21,'medellin'),(1002,4,66,'medellin',NULL,'2019-12-19',23,'cartagena'),(1003,24,5,'cali',NULL,'2019-12-22',29,'pereira'),(1004,12,75,'barranquilla',NULL,'2019-12-27',30,'cartagena'),(1005,55,23,'cartagena',NULL,'2019-12-06',27,'cucuta'),(1006,26,22,'cucuta',NULL,'2019-12-29',29,'bogota'),(1007,62,61,'villavicencio',NULL,'2019-12-30',20,'bogota'),(1008,59,10,'popayan',NULL,'2019-12-13',27,'cali'),(1009,68,33,'buenaventura',NULL,'2020-01-13',20,'pereira'),(1010,74,84,'manizales',NULL,'2020-01-17',22,'medellin'),(1011,17,10,'pereira',NULL,'2020-01-20',30,'buenaventura'),(1012,34,104,'bogota',NULL,'2020-01-11',24,'cucuta'),(1013,96,105,'medellin',NULL,'2019-12-10',20,'bogota'),(1014,41,47,'cali',NULL,'2020-01-19',29,'bogota'),(1015,56,36,'barranquilla',NULL,'2019-12-21',21,'cartagena'),(1016,94,27,'cartagena',NULL,'2019-12-17',28,'cucuta'),(1017,33,107,'cucuta',NULL,'2020-01-03',23,'cartagena'),(1018,16,42,'villavicencio',NULL,'2020-01-01',26,'bogota'),(1019,92,13,'popayan',NULL,'2019-12-03',21,'cali'),(1020,84,23,'buenaventura',NULL,'2019-12-24',27,'medellin'),(1021,82,60,'manizales',NULL,'2020-01-03',29,'medellin'),(1022,98,101,'pereira',NULL,'2020-01-28',21,'buenaventura'),(1023,91,62,'bogota',NULL,'2019-12-19',28,'medellin'),(1024,43,32,'medellin',NULL,'2019-12-29',26,'bogota'),(1025,67,77,'cali',NULL,'2019-12-08',24,'pereira'),(1026,62,44,'barranquilla',NULL,'2019-12-19',20,'cartagena'),(1027,72,1,'cartagena',NULL,'2020-01-17',23,'cucuta'),(1028,26,31,'cucuta',NULL,'2020-01-25',25,'bogota'),(1029,93,6,'villavicencio',NULL,'2020-01-07',21,'bogota'),(1030,6,83,'popayan',NULL,'2020-01-31',22,'cali'),(1031,79,90,'buenaventura',NULL,'2020-01-28',25,'cali'),(1032,47,101,'manizales',NULL,'2020-01-11',28,'medellin'),(1033,37,67,'pereira',NULL,'2020-01-29',24,'buenaventura'),(1034,11,11,'bogota',NULL,'2019-12-19',23,'villavicencio'),(1035,27,105,'medellin',NULL,'2020-01-31',27,'cartagena'),(1036,62,73,'cali',NULL,'2019-12-02',25,'buenaventura'),(1037,5,31,'barranquilla',NULL,'2019-12-26',24,'cartagena'),(1038,10,40,'cartagena',NULL,'2020-01-21',22,'medellin'),(1039,77,15,'cucuta',NULL,'2019-12-26',29,'bogota'),(1040,67,83,'villavicencio',NULL,'2019-12-30',20,'bogota'),(1041,2,100,'popayan',NULL,'2019-12-06',24,'cali'),(1042,3,108,'buenaventura',NULL,'2020-01-11',21,'pereira'),(1043,80,7,'manizales',NULL,'2019-12-12',20,'medellin'),(1044,38,28,'pereira',NULL,'2019-12-24',23,'manizales'),(1045,100,48,'bogota',NULL,'2019-12-26',23,'medellin'),(1046,91,59,'medellin',NULL,'2019-12-18',30,'cartagena'),(1047,45,103,'cali',NULL,'2020-01-25',25,'pereira'),(1048,84,3,'barranquilla',NULL,'2020-01-02',30,'cartagena'),(1049,32,56,'cartagena',NULL,'2020-01-21',22,'medellin'),(1050,77,27,'cucuta',NULL,'2019-12-10',24,'cartagena'),(1051,91,63,'villavicencio',NULL,'2019-12-16',26,'bogota'),(1052,6,10,'popayan',NULL,'2019-12-02',21,'cali'),(1053,54,19,'buenaventura',NULL,'2020-01-26',22,'bogota'),(1054,69,86,'manizales',NULL,'2020-01-29',30,'medellin'),(1055,100,65,'pereira',NULL,'2020-01-04',30,'cali'),(1056,85,70,'bogota',NULL,'2019-12-02',28,'villavicencio'),(1057,100,82,'medellin',NULL,'2020-01-19',26,'manizales'),(1058,51,21,'cali',NULL,'2019-12-27',26,'buenaventura'),(1059,53,2,'barranquilla',NULL,'2019-12-14',27,'cartagena'),(1060,68,26,'cartagena',NULL,'2020-01-03',20,'cucuta'),(1061,99,76,'cucuta',NULL,'2020-01-01',29,'cartagena'),(1062,11,69,'villavicencio',NULL,'2020-01-19',20,'bogota'),(1063,93,102,'popayan',NULL,'2019-12-15',23,'cali'),(1064,50,50,'buenaventura',NULL,'2019-12-17',23,'medellin'),(1065,58,58,'manizales',NULL,'2019-12-08',30,'pereira'),(1066,16,46,'pereira',NULL,'2019-12-31',24,'cali'),(1067,9,40,'bogota',NULL,'2020-01-20',21,'buenaventura'),(1068,43,36,'medellin',NULL,'2019-12-06',27,'bogota'),(1069,24,70,'cali',NULL,'2020-01-28',27,'pereira'),(1070,10,58,'barranquilla',NULL,'2019-12-26',26,'cartagena'),(1071,18,99,'cartagena',NULL,'2019-12-17',28,'barranquilla'),(1072,43,67,'cucuta',NULL,'2019-12-13',23,'bogota'),(1073,21,45,'villavicencio',NULL,'2019-12-24',23,'bogota'),(1074,4,57,'popayan',NULL,'2019-12-03',24,'cali'),(1075,45,29,'buenaventura',NULL,'2019-12-04',20,'cali'),(1076,69,64,'manizales',NULL,'2020-01-31',29,'medellin'),(1077,14,33,'pereira',NULL,'2019-12-21',26,'manizales'),(1078,41,7,'bogota',NULL,'2019-12-06',26,'buenaventura'),(1079,92,16,'medellin',NULL,'2020-01-05',20,'bogota'),(1080,61,22,'cali',NULL,'2019-12-10',20,'pereira'),(1081,55,71,'barranquilla',NULL,'2019-12-19',24,'cartagena'),(1082,52,24,'cartagena',NULL,'2020-01-15',25,'medellin'),(1083,61,86,'cucuta',NULL,'2019-12-16',21,'cartagena'),(1084,33,7,'villavicencio',NULL,'2020-01-18',25,'bogota'),(1085,30,78,'popayan',NULL,'2020-01-05',30,'cali'),(1086,60,68,'buenaventura',NULL,'2019-12-08',23,'cali'),(1087,11,64,'manizales',NULL,'2019-12-04',20,'pereira'),(1088,21,87,'pereira',NULL,'2020-01-04',22,'cali'),(1089,77,73,'bogota',NULL,'2019-12-20',25,'buenaventura'),(1090,26,3,'medellin',NULL,'2020-01-28',21,'cartagena'),(1091,17,51,'cali',NULL,'2020-01-12',25,'bogota'),(1092,30,39,'barranquilla',NULL,'2020-01-07',23,'cartagena'),(1093,52,63,'cartagena',NULL,'2019-12-08',20,'barranquilla'),(1094,25,59,'cucuta',NULL,'2020-01-03',23,'bogota'),(1095,17,15,'villavicencio',NULL,'2019-12-21',20,'bogota'),(1096,26,43,'popayan',NULL,'2019-12-21',22,'cali'),(1097,86,3,'buenaventura',NULL,'2019-12-05',29,'bogota'),(1098,54,44,'manizales',NULL,'2020-01-02',27,'pereira'),(1099,71,1,'pereira',NULL,'2019-12-20',24,'manizales'),(1100,62,101,'bogota',NULL,'2020-01-22',30,'buenaventura'),(1101,88,61,'medellin',NULL,'2019-12-17',20,'cartagena'),(1102,15,89,'cali',NULL,'2020-01-14',25,'pereira'),(1103,5,2,'barranquilla',NULL,'2020-01-05',20,'cartagena'),(1104,69,55,'cartagena',NULL,'2019-12-25',25,'cucuta'),(1105,25,97,'cucuta',NULL,'2019-12-09',28,'cartagena'),(1106,94,43,'villavicencio',NULL,'2020-01-02',25,'bogota'),(1107,17,53,'popayan',NULL,'2020-01-28',28,'cali'),(1108,29,42,'buenaventura',NULL,'2020-01-06',26,'pereira'),(1109,57,48,'manizales',NULL,'2020-01-24',29,'medellin'),(1110,22,62,'pereira',NULL,'2020-01-29',25,'manizales'),(1111,72,29,'bogota',NULL,'2019-12-17',28,'medellin'),(1112,53,14,'medellin',NULL,'2019-12-18',29,'bogota'),(1113,38,69,'cali',NULL,'2020-01-01',30,'bogota'),(1114,93,46,'barranquilla',NULL,'2019-12-04',27,'cartagena'),(1115,73,73,'cartagena',NULL,'2020-01-28',21,'cucuta'),(1116,41,63,'cucuta',NULL,'2020-01-25',28,'cartagena'),(1117,79,38,'villavicencio',NULL,'2019-12-14',21,'bogota'),(1118,33,74,'popayan',NULL,'2019-12-05',27,'cali'),(1119,5,59,'buenaventura',NULL,'2020-01-24',30,'bogota'),(1120,22,40,'manizales',NULL,'2020-01-07',27,'medellin'),(1121,67,14,'pereira',NULL,'2020-01-10',21,'buenaventura'),(1122,7,101,'bogota',NULL,'2020-01-13',28,'buenaventura'),(1123,58,73,'medellin',NULL,'2020-01-14',22,'bogota'),(1124,65,20,'cali',NULL,'2020-01-31',24,'popayan'),(1125,12,68,'barranquilla',NULL,'2019-12-11',25,'cartagena'),(1126,35,4,'cartagena',NULL,'2020-01-19',21,'cucuta'),(1127,56,107,'cucuta',NULL,'2020-01-05',25,'cartagena'),(1128,57,98,'villavicencio',NULL,'2019-12-18',24,'bogota'),(1129,27,104,'popayan',NULL,'2019-12-28',21,'cali'),(1130,31,13,'buenaventura',NULL,'2019-12-06',20,'cali'),(1131,71,49,'manizales',NULL,'2019-12-15',23,'pereira'),(1132,27,57,'pereira',NULL,'2019-12-22',24,'manizales'),(1133,68,67,'bogota',NULL,'2020-01-25',27,'cali'),(1134,63,53,'medellin',NULL,'2020-01-02',23,'cartagena'),(1135,61,71,'cali',NULL,'2019-12-18',22,'bogota'),(1136,33,91,'barranquilla',NULL,'2020-01-20',24,'cartagena'),(1137,99,10,'cartagena',NULL,'2020-01-07',24,'barranquilla'),(1138,46,106,'cucuta',NULL,'2020-01-05',24,'bogota'),(1139,25,24,'villavicencio',NULL,'2020-01-14',30,'bogota'),(1140,79,48,'popayan',NULL,'2019-12-02',21,'cali'),(1141,18,26,'buenaventura',NULL,'2019-12-02',30,'cali'),(1142,73,2,'manizales',NULL,'2020-01-26',25,'pereira'),(1143,20,17,'pereira',NULL,'2020-01-13',28,'manizales'),(1144,6,43,'bogota',NULL,'2019-12-11',29,'buenaventura'),(1145,51,49,'medellin',NULL,'2019-12-06',29,'bogota'),(1146,87,81,'cali',NULL,'2020-01-06',29,'buenaventura'),(1147,27,58,'barranquilla',NULL,'2019-12-11',30,'cartagena'),(1148,45,70,'cartagena',NULL,'2020-01-05',28,'barranquilla'),(1149,76,25,'cucuta',NULL,'2019-12-17',20,'bogota'),(1150,92,2,'villavicencio',NULL,'2019-12-10',27,'bogota'),(1151,77,107,'popayan',NULL,'2019-12-23',24,'cali'),(1152,57,40,'buenaventura',NULL,'2019-12-03',25,'pereira'),(1153,79,108,'manizales',NULL,'2020-01-10',25,'pereira'),(1154,6,17,'pereira',NULL,'2019-12-02',24,'buenaventura'),(1155,77,45,'bogota',NULL,'2020-01-13',21,'cali'),(1156,82,110,'medellin',NULL,'2019-12-16',20,'cartagena'),(1157,40,70,'cali',NULL,'2019-12-22',26,'bogota'),(1158,59,61,'barranquilla',NULL,'2020-01-05',22,'cartagena'),(1159,10,88,'cartagena',NULL,'2020-01-24',23,'cucuta'),(1160,88,97,'cucuta',NULL,'2019-12-07',21,'bogota'),(1161,23,61,'villavicencio',NULL,'2020-01-16',28,'bogota'),(1162,73,73,'popayan',NULL,'2020-01-10',22,'cali'),(1163,62,103,'buenaventura',NULL,'2019-12-03',29,'pereira'),(1164,2,25,'manizales',NULL,'2019-12-24',22,'pereira'),(1165,46,97,'pereira',NULL,'2019-12-26',25,'buenaventura'),(1166,26,82,'bogota',NULL,'2020-01-26',27,'cali'),(1167,88,107,'medellin',NULL,'2020-01-10',29,'bogota'),(1168,97,93,'cali',NULL,'2020-01-08',30,'pereira'),(1169,92,73,'barranquilla',NULL,'2020-01-18',20,'cartagena'),(1170,16,25,'cartagena',NULL,'2019-12-23',21,'medellin'),(1171,53,77,'cucuta',NULL,'2020-01-06',25,'bogota'),(1172,48,20,'villavicencio',NULL,'2019-12-05',23,'bogota'),(1173,25,9,'popayan',NULL,'2020-01-27',28,'cali'),(1174,53,100,'buenaventura',NULL,'2019-12-08',28,'medellin'),(1175,20,53,'manizales',NULL,'2020-01-15',26,'pereira'),(1176,27,14,'pereira',NULL,'2019-12-12',24,'cali'),(1177,73,85,'bogota',NULL,'2019-12-11',27,'buenaventura'),(1178,44,103,'medellin',NULL,'2019-12-11',23,'bogota'),(1179,41,98,'cali',NULL,'2020-01-18',26,'bogota'),(1180,7,60,'barranquilla',NULL,'2020-01-08',28,'cartagena'),(1181,48,16,'cartagena',NULL,'2019-12-17',20,'medellin'),(1182,87,40,'cucuta',NULL,'2019-12-25',26,'cartagena'),(1183,96,55,'villavicencio',NULL,'2020-01-20',24,'bogota'),(1184,47,101,'popayan',NULL,'2020-01-25',22,'cali'),(1185,80,75,'buenaventura',NULL,'2019-12-01',26,'cali'),(1186,13,76,'manizales',NULL,'2019-12-14',25,'medellin'),(1187,20,104,'pereira',NULL,'2019-12-18',29,'manizales'),(1188,40,44,'bogota',NULL,'2019-12-14',29,'villavicencio'),(1189,4,23,'medellin',NULL,'2020-01-05',30,'manizales'),(1190,41,92,'cali',NULL,'2020-01-21',28,'buenaventura'),(1191,52,109,'barranquilla',NULL,'2020-01-19',21,'cartagena'),(1192,31,62,'cartagena',NULL,'2019-12-22',25,'cucuta'),(1193,65,5,'cucuta',NULL,'2020-01-09',22,'cartagena'),(1194,16,6,'villavicencio',NULL,'2020-01-05',29,'bogota'),(1195,11,77,'popayan',NULL,'2020-01-09',23,'cali'),(1196,24,76,'buenaventura',NULL,'2019-12-21',23,'pereira'),(1197,46,33,'manizales',NULL,'2020-01-16',21,'pereira'),(1198,32,47,'pereira',NULL,'2020-01-03',20,'cali'),(1199,35,83,'bogota',NULL,'2020-01-11',20,'cucuta'),(1200,48,9,'medellin',NULL,'2019-12-25',30,'manizales'),(1201,2,98,'cali',NULL,'2020-01-02',26,'bogota'),(1202,82,72,'barranquilla',NULL,'2019-12-30',21,'cartagena'),(1203,85,82,'cartagena',NULL,'2019-12-09',27,'cucuta'),(1204,35,20,'cucuta',NULL,'2019-12-13',20,'cartagena'),(1205,16,60,'villavicencio',NULL,'2019-12-20',22,'bogota'),(1206,49,96,'popayan',NULL,'2019-12-02',21,'cali'),(1207,41,77,'buenaventura',NULL,'2020-01-13',20,'cali'),(1208,77,77,'manizales',NULL,'2019-12-26',29,'medellin'),(1209,68,11,'pereira',NULL,'2020-01-25',20,'cali'),(1210,13,82,'bogota',NULL,'2019-12-27',26,'cali'),(1211,90,23,'medellin',NULL,'2019-12-24',28,'bogota'),(1212,87,68,'cali',NULL,'2019-12-08',20,'buenaventura'),(1213,8,2,'barranquilla',NULL,'2019-12-30',24,'cartagena'),(1214,13,31,'cartagena',NULL,'2020-01-19',22,'medellin'),(1215,37,62,'cucuta',NULL,'2019-12-14',21,'bogota'),(1216,23,63,'villavicencio',NULL,'2019-12-01',25,'bogota'),(1217,82,102,'popayan',NULL,'2019-12-20',23,'cali'),(1218,1,61,'buenaventura',NULL,'2019-12-22',26,'pereira'),(1219,24,13,'manizales',NULL,'2019-12-21',24,'medellin'),(1220,89,56,'pereira',NULL,'2020-01-12',28,'manizales'),(1221,8,103,'bogota',NULL,'2020-01-29',28,'cali'),(1222,49,82,'medellin',NULL,'2020-01-13',23,'manizales'),(1223,34,81,'cali',NULL,'2019-12-07',20,'pereira'),(1224,64,69,'barranquilla',NULL,'2020-01-21',22,'cartagena'),(1225,68,96,'cartagena',NULL,'2019-12-03',23,'medellin'),(1226,9,55,'cucuta',NULL,'2019-12-25',28,'cartagena'),(1227,7,43,'villavicencio',NULL,'2020-01-12',22,'bogota'),(1228,8,7,'popayan',NULL,'2020-01-30',22,'cali'),(1229,65,81,'buenaventura',NULL,'2019-12-01',22,'medellin'),(1230,84,63,'manizales',NULL,'2020-01-31',24,'pereira'),(1231,17,39,'pereira',NULL,'2019-12-18',21,'buenaventura'),(1232,78,1,'bogota',NULL,'2019-12-14',20,'buenaventura'),(1233,16,16,'medellin',NULL,'2020-01-21',29,'bogota'),(1234,73,88,'cali',NULL,'2019-12-31',26,'buenaventura'),(1235,57,59,'barranquilla',NULL,'2020-01-11',24,'cartagena'),(1236,52,40,'cartagena',NULL,'2020-01-01',24,'barranquilla'),(1237,13,5,'cucuta',NULL,'2019-12-01',24,'cartagena'),(1238,35,109,'villavicencio',NULL,'2020-01-25',21,'bogota'),(1239,25,68,'popayan',NULL,'2019-12-18',25,'cali'),(1240,99,32,'buenaventura',NULL,'2020-01-06',20,'pereira'),(1241,97,110,'manizales',NULL,'2019-12-22',24,'medellin'),(1242,71,13,'pereira',NULL,'2020-01-14',23,'buenaventura'),(1243,56,110,'bogota',NULL,'2020-01-25',30,'medellin'),(1244,50,65,'medellin',NULL,'2020-01-04',23,'cartagena'),(1245,90,52,'cali',NULL,'2019-12-14',21,'buenaventura'),(1246,13,82,'barranquilla',NULL,'2019-12-30',22,'cartagena'),(1247,48,15,'cartagena',NULL,'2020-01-08',26,'medellin'),(1248,28,98,'cucuta',NULL,'2020-01-28',26,'cartagena'),(1249,28,45,'villavicencio',NULL,'2019-12-22',28,'bogota'),(1250,85,33,'popayan',NULL,'2019-12-24',28,'cali'),(1251,50,17,'buenaventura',NULL,'2019-12-25',28,'cali'),(1252,5,29,'manizales',NULL,'2019-12-14',29,'medellin'),(1253,2,16,'pereira',NULL,'2020-01-19',25,'manizales'),(1254,56,41,'bogota',NULL,'2020-01-21',21,'cucuta'),(1255,72,105,'medellin',NULL,'2019-12-08',23,'manizales'),(1256,19,11,'cali',NULL,'2020-01-30',26,'buenaventura'),(1257,16,41,'barranquilla',NULL,'2019-12-11',20,'cartagena'),(1258,88,106,'cartagena',NULL,'2020-01-28',20,'medellin'),(1259,75,5,'cucuta',NULL,'2019-12-22',22,'bogota'),(1260,64,101,'villavicencio',NULL,'2019-12-09',22,'bogota'),(1261,53,26,'popayan',NULL,'2020-01-19',25,'cali'),(1262,26,14,'buenaventura',NULL,'2020-01-10',20,'cali'),(1263,70,88,'manizales',NULL,'2020-01-25',28,'medellin'),(1264,72,44,'pereira',NULL,'2020-01-20',20,'buenaventura'),(1265,59,101,'bogota',NULL,'2019-12-07',21,'cucuta'),(1266,87,49,'medellin',NULL,'2020-01-16',25,'cartagena'),(1267,89,9,'cali',NULL,'2020-01-22',25,'popayan'),(1268,27,110,'barranquilla',NULL,'2020-01-09',21,'cartagena'),(1269,84,109,'cartagena',NULL,'2020-01-19',27,'cucuta'),(1270,70,33,'cucuta',NULL,'2020-01-03',30,'cartagena'),(1271,10,8,'villavicencio',NULL,'2020-01-19',26,'bogota'),(1272,81,9,'popayan',NULL,'2019-12-01',24,'cali'),(1273,43,34,'buenaventura',NULL,'2020-01-25',30,'cali'),(1274,10,36,'manizales',NULL,'2019-12-16',24,'pereira'),(1275,30,84,'pereira',NULL,'2020-01-20',25,'cali'),(1276,84,46,'bogota',NULL,'2020-01-19',24,'buenaventura'),(1277,58,35,'medellin',NULL,'2020-01-20',20,'cartagena'),(1278,33,93,'cali',NULL,'2019-12-22',25,'popayan'),(1279,65,69,'barranquilla',NULL,'2020-01-20',21,'cartagena'),(1280,72,84,'cartagena',NULL,'2020-01-21',24,'cucuta'),(1281,27,95,'cucuta',NULL,'2020-01-20',25,'bogota'),(1282,26,86,'villavicencio',NULL,'2019-12-04',23,'bogota'),(1283,40,4,'popayan',NULL,'2019-12-02',30,'cali'),(1284,16,50,'buenaventura',NULL,'2020-01-23',21,'cali'),(1285,93,30,'manizales',NULL,'2020-01-14',25,'medellin'),(1286,49,86,'pereira',NULL,'2019-12-30',28,'cali'),(1287,21,22,'bogota',NULL,'2020-01-14',28,'buenaventura'),(1288,80,108,'medellin',NULL,'2019-12-06',23,'bogota'),(1289,9,49,'cali',NULL,'2019-12-02',20,'pereira'),(1290,45,6,'barranquilla',NULL,'2020-01-31',30,'cartagena'),(1291,73,11,'cartagena',NULL,'2020-01-29',20,'cucuta'),(1292,62,80,'cucuta',NULL,'2020-01-22',26,'bogota'),(1293,15,14,'villavicencio',NULL,'2020-01-31',27,'bogota'),(1294,92,32,'popayan',NULL,'2020-01-30',30,'cali'),(1295,81,47,'buenaventura',NULL,'2020-01-24',29,'cali'),(1296,24,22,'manizales',NULL,'2019-12-07',29,'medellin'),(1297,48,74,'pereira',NULL,'2019-12-11',29,'cali'),(1298,95,61,'bogota',NULL,'2020-01-19',21,'cali'),(1299,59,90,'medellin',NULL,'2019-12-21',25,'manizales'),(1300,95,66,'cali',NULL,'2019-12-24',20,'bogota'),(1301,4,18,'barranquilla',NULL,'2019-12-05',28,'cartagena'),(1302,37,64,'cartagena',NULL,'2019-12-18',29,'medellin'),(1303,65,90,'cucuta',NULL,'2020-01-17',23,'cartagena'),(1304,60,69,'villavicencio',NULL,'2020-01-05',24,'bogota'),(1305,51,64,'popayan',NULL,'2020-01-20',24,'cali'),(1306,70,102,'buenaventura',NULL,'2019-12-11',21,'medellin'),(1307,87,110,'manizales',NULL,'2020-01-17',22,'pereira'),(1308,30,22,'pereira',NULL,'2019-12-06',25,'buenaventura'),(1309,38,6,'bogota',NULL,'2020-01-04',21,'medellin'),(1310,48,17,'medellin',NULL,'2020-01-01',22,'cartagena'),(1311,25,109,'cali',NULL,'2019-12-13',25,'popayan'),(1312,91,54,'barranquilla',NULL,'2020-01-21',20,'cartagena'),(1313,47,7,'cartagena',NULL,'2020-01-06',23,'medellin'),(1314,33,6,'cucuta',NULL,'2019-12-16',20,'cartagena'),(1315,70,31,'villavicencio',NULL,'2020-01-15',30,'bogota'),(1316,70,41,'popayan',NULL,'2019-12-29',27,'cali'),(1317,15,67,'buenaventura',NULL,'2020-01-14',23,'medellin'),(1318,19,65,'manizales',NULL,'2020-01-21',26,'medellin'),(1319,76,59,'pereira',NULL,'2020-01-23',28,'manizales'),(1320,9,51,'bogota',NULL,'2019-12-15',29,'cali'),(1321,77,29,'medellin',NULL,'2020-01-08',29,'cartagena'),(1322,32,74,'cali',NULL,'2020-01-28',25,'pereira'),(1323,100,106,'barranquilla',NULL,'2019-12-14',22,'cartagena'),(1324,41,104,'cartagena',NULL,'2019-12-02',30,'medellin'),(1325,90,88,'cucuta',NULL,'2020-01-09',30,'cartagena'),(1326,20,29,'villavicencio',NULL,'2020-01-23',26,'bogota'),(1327,84,110,'popayan',NULL,'2020-01-16',23,'cali'),(1328,1,104,'buenaventura',NULL,'2019-12-20',30,'bogota'),(1329,19,54,'manizales',NULL,'2019-12-05',25,'medellin'),(1330,9,10,'pereira',NULL,'2019-12-23',30,'cali'),(1331,71,76,'bogota',NULL,'2020-01-05',27,'cucuta'),(1332,59,64,'medellin',NULL,'2020-01-20',27,'cartagena'),(1333,36,42,'cali',NULL,'2019-12-13',29,'buenaventura'),(1334,35,25,'barranquilla',NULL,'2019-12-29',22,'cartagena'),(1335,25,83,'cartagena',NULL,'2019-12-04',25,'cucuta'),(1336,68,110,'cucuta',NULL,'2020-01-09',29,'cartagena'),(1337,54,85,'villavicencio',NULL,'2020-01-16',25,'bogota'),(1338,62,109,'popayan',NULL,'2020-01-13',28,'cali'),(1339,88,35,'buenaventura',NULL,'2019-12-25',20,'medellin'),(1340,86,47,'manizales',NULL,'2020-01-26',29,'medellin'),(1341,94,31,'pereira',NULL,'2020-01-24',27,'buenaventura'),(1342,56,14,'bogota',NULL,'2020-01-04',20,'villavicencio'),(1343,18,97,'medellin',NULL,'2020-01-25',28,'manizales'),(1344,58,85,'cali',NULL,'2020-01-14',26,'popayan'),(1345,55,57,'barranquilla',NULL,'2019-12-19',22,'cartagena'),(1346,94,1,'cartagena',NULL,'2020-01-12',30,'medellin'),(1347,21,80,'cucuta',NULL,'2019-12-11',29,'bogota'),(1348,96,67,'villavicencio',NULL,'2020-01-06',25,'bogota'),(1349,71,43,'popayan',NULL,'2019-12-27',30,'cali'),(1350,94,35,'buenaventura',NULL,'2019-12-03',23,'medellin'),(1351,32,30,'manizales',NULL,'2019-12-17',20,'pereira'),(1352,50,4,'pereira',NULL,'2020-01-20',22,'buenaventura'),(1353,79,72,'bogota',NULL,'2019-12-06',21,'buenaventura'),(1354,96,41,'medellin',NULL,'2019-12-15',22,'manizales'),(1355,38,104,'cali',NULL,'2019-12-03',22,'pereira'),(1356,96,56,'barranquilla',NULL,'2019-12-14',20,'cartagena'),(1357,55,75,'cartagena',NULL,'2020-01-05',21,'barranquilla'),(1358,63,84,'cucuta',NULL,'2019-12-13',22,'bogota'),(1359,4,99,'villavicencio',NULL,'2019-12-12',27,'bogota'),(1360,75,2,'popayan',NULL,'2020-01-07',29,'cali'),(1361,37,107,'buenaventura',NULL,'2019-12-12',29,'bogota'),(1362,73,27,'manizales',NULL,'2020-01-06',21,'medellin'),(1363,49,1,'pereira',NULL,'2020-01-08',27,'manizales'),(1364,62,74,'bogota',NULL,'2020-01-27',23,'cali'),(1365,69,71,'medellin',NULL,'2019-12-15',26,'bogota'),(1366,43,42,'cali',NULL,'2019-12-20',28,'bogota'),(1367,53,41,'barranquilla',NULL,'2020-01-18',25,'cartagena'),(1368,53,7,'cartagena',NULL,'2019-12-12',24,'barranquilla'),(1369,17,56,'cucuta',NULL,'2019-12-06',23,'cartagena'),(1370,34,21,'villavicencio',NULL,'2019-12-21',23,'bogota'),(1371,33,16,'popayan',NULL,'2020-01-07',26,'cali'),(1372,77,38,'buenaventura',NULL,'2019-12-03',25,'bogota'),(1373,19,99,'manizales',NULL,'2019-12-28',26,'medellin'),(1374,49,69,'pereira',NULL,'2020-01-06',25,'buenaventura'),(1375,69,84,'bogota',NULL,'2019-12-31',26,'cali'),(1376,20,52,'medellin',NULL,'2019-12-16',29,'cartagena'),(1377,99,51,'cali',NULL,'2020-01-17',30,'buenaventura'),(1378,69,99,'barranquilla',NULL,'2020-01-31',28,'cartagena'),(1379,61,4,'cartagena',NULL,'2019-12-03',26,'medellin'),(1380,46,7,'cucuta',NULL,'2020-01-26',24,'bogota'),(1381,52,7,'villavicencio',NULL,'2019-12-01',30,'bogota'),(1382,69,93,'popayan',NULL,'2019-12-13',30,'cali'),(1383,62,90,'buenaventura',NULL,'2019-12-19',20,'pereira'),(1384,20,48,'manizales',NULL,'2019-12-05',28,'pereira'),(1385,60,37,'pereira',NULL,'2019-12-08',25,'cali'),(1386,5,83,'bogota',NULL,'2020-01-12',30,'medellin'),(1387,79,101,'medellin',NULL,'2019-12-09',24,'manizales'),(1388,85,81,'cali',NULL,'2020-01-11',24,'pereira'),(1389,61,7,'barranquilla',NULL,'2020-01-08',23,'cartagena'),(1390,79,68,'cartagena',NULL,'2020-01-07',22,'cucuta'),(1391,10,95,'cucuta',NULL,'2020-01-25',20,'bogota'),(1392,54,53,'villavicencio',NULL,'2020-01-23',26,'bogota'),(1393,72,17,'popayan',NULL,'2019-12-11',22,'cali'),(1394,32,90,'buenaventura',NULL,'2020-01-11',25,'bogota'),(1395,48,69,'manizales',NULL,'2019-12-17',24,'pereira'),(1396,25,95,'pereira',NULL,'2020-01-10',29,'cali'),(1397,24,100,'bogota',NULL,'2020-01-04',24,'villavicencio'),(1398,32,19,'medellin',NULL,'2020-01-05',25,'cartagena'),(1399,60,65,'cali',NULL,'2020-01-07',28,'bogota'),(1400,14,3,'barranquilla',NULL,'2019-12-06',25,'cartagena'),(1401,36,83,'cartagena',NULL,'2019-12-09',22,'cucuta'),(1402,7,29,'cucuta',NULL,'2019-12-31',23,'bogota'),(1403,77,56,'villavicencio',NULL,'2020-01-14',21,'bogota'),(1404,58,53,'popayan',NULL,'2020-01-17',22,'cali'),(1405,44,3,'buenaventura',NULL,'2020-01-03',22,'pereira'),(1406,99,39,'manizales',NULL,'2019-12-15',30,'medellin'),(1407,74,62,'pereira',NULL,'2019-12-23',29,'manizales'),(1408,40,1,'bogota',NULL,'2019-12-05',28,'buenaventura'),(1409,63,44,'medellin',NULL,'2019-12-29',29,'bogota'),(1410,94,48,'cali',NULL,'2019-12-24',30,'pereira'),(1411,27,64,'barranquilla',NULL,'2019-12-16',23,'cartagena'),(1412,3,92,'cartagena',NULL,'2019-12-16',21,'cucuta'),(1413,7,58,'cucuta',NULL,'2020-01-11',23,'cartagena'),(1414,8,79,'villavicencio',NULL,'2020-01-07',26,'bogota'),(1415,64,45,'popayan',NULL,'2019-12-28',26,'cali'),(1416,40,102,'buenaventura',NULL,'2020-01-22',24,'medellin'),(1417,9,101,'manizales',NULL,'2020-01-03',25,'medellin'),(1418,32,59,'pereira',NULL,'2019-12-03',26,'cali'),(1419,51,48,'bogota',NULL,'2020-01-18',23,'medellin'),(1420,58,26,'medellin',NULL,'2019-12-21',22,'manizales'),(1421,35,24,'cali',NULL,'2020-01-16',29,'pereira'),(1422,48,53,'barranquilla',NULL,'2020-01-10',26,'cartagena'),(1423,69,27,'cartagena',NULL,'2019-12-21',27,'cucuta'),(1424,96,17,'cucuta',NULL,'2019-12-17',22,'cartagena'),(1425,2,94,'villavicencio',NULL,'2019-12-05',27,'bogota'),(1426,13,56,'popayan',NULL,'2020-01-03',26,'cali'),(1427,90,22,'buenaventura',NULL,'2019-12-13',30,'bogota'),(1428,52,61,'manizales',NULL,'2019-12-19',20,'pereira'),(1429,62,54,'pereira',NULL,'2020-01-13',24,'buenaventura'),(1430,90,43,'bogota',NULL,'2019-12-04',25,'villavicencio'),(1431,98,101,'medellin',NULL,'2020-01-23',24,'bogota'),(1432,27,98,'cali',NULL,'2019-12-15',25,'pereira'),(1433,92,34,'barranquilla',NULL,'2019-12-13',28,'cartagena'),(1434,18,8,'cartagena',NULL,'2020-01-26',20,'cucuta'),(1435,66,42,'cucuta',NULL,'2019-12-10',30,'bogota'),(1436,9,74,'villavicencio',NULL,'2019-12-08',30,'bogota'),(1437,95,68,'popayan',NULL,'2019-12-24',25,'cali'),(1438,41,24,'buenaventura',NULL,'2020-01-09',25,'medellin'),(1439,14,53,'manizales',NULL,'2019-12-28',27,'pereira'),(1440,92,76,'pereira',NULL,'2020-01-23',30,'buenaventura'),(1441,27,8,'bogota',NULL,'2019-12-30',20,'cali'),(1442,89,12,'medellin',NULL,'2020-01-16',23,'manizales'),(1443,94,7,'cali',NULL,'2020-01-30',23,'pereira'),(1444,18,34,'barranquilla',NULL,'2019-12-25',24,'cartagena'),(1445,62,80,'cartagena',NULL,'2019-12-31',27,'barranquilla'),(1446,41,85,'cucuta',NULL,'2019-12-04',29,'cartagena'),(1447,88,29,'villavicencio',NULL,'2020-01-08',30,'bogota'),(1448,47,51,'popayan',NULL,'2019-12-25',24,'cali'),(1449,69,24,'buenaventura',NULL,'2020-01-18',25,'bogota'),(1450,35,76,'manizales',NULL,'2019-12-04',30,'pereira'),(1451,48,13,'pereira',NULL,'2020-01-09',30,'buenaventura'),(1452,2,77,'bogota',NULL,'2019-12-31',22,'cucuta'),(1453,80,37,'medellin',NULL,'2019-12-16',26,'cartagena'),(1454,57,82,'cali',NULL,'2019-12-11',21,'pereira'),(1455,4,43,'barranquilla',NULL,'2019-12-09',29,'cartagena'),(1456,91,37,'cartagena',NULL,'2020-01-10',23,'barranquilla'),(1457,28,20,'cucuta',NULL,'2019-12-28',29,'bogota'),(1458,37,20,'villavicencio',NULL,'2019-12-28',30,'bogota'),(1459,3,70,'popayan',NULL,'2019-12-12',24,'cali'),(1460,88,14,'buenaventura',NULL,'2019-12-28',30,'medellin'),(1461,78,59,'manizales',NULL,'2019-12-21',23,'medellin'),(1462,67,88,'pereira',NULL,'2020-01-28',29,'cali'),(1463,71,92,'bogota',NULL,'2019-12-10',24,'cucuta'),(1464,75,18,'medellin',NULL,'2019-12-11',21,'bogota'),(1465,25,24,'cali',NULL,'2020-01-11',29,'buenaventura'),(1466,1,5,'barranquilla',NULL,'2019-12-30',20,'cartagena'),(1467,34,98,'cartagena',NULL,'2019-12-25',23,'medellin'),(1468,42,35,'cucuta',NULL,'2020-01-27',20,'cartagena'),(1469,19,94,'villavicencio',NULL,'2019-12-14',26,'bogota'),(1470,33,71,'popayan',NULL,'2020-01-05',22,'cali'),(1471,33,57,'buenaventura',NULL,'2020-01-27',28,'pereira'),(1472,93,26,'manizales',NULL,'2019-12-16',24,'medellin'),(1473,30,94,'pereira',NULL,'2020-01-05',28,'cali'),(1474,87,26,'bogota',NULL,'2019-12-05',28,'medellin'),(1475,68,34,'medellin',NULL,'2020-01-30',21,'bogota'),(1476,74,20,'cali',NULL,'2020-01-03',24,'buenaventura'),(1477,77,40,'barranquilla',NULL,'2019-12-19',28,'cartagena'),(1478,96,39,'cartagena',NULL,'2020-01-30',22,'barranquilla'),(1479,12,49,'cucuta',NULL,'2020-01-09',26,'bogota'),(1480,5,35,'villavicencio',NULL,'2020-01-25',26,'bogota'),(1481,6,33,'popayan',NULL,'2019-12-01',28,'cali'),(1482,8,108,'buenaventura',NULL,'2020-01-06',20,'bogota'),(1483,37,34,'manizales',NULL,'2019-12-16',29,'medellin'),(1484,77,92,'pereira',NULL,'2020-01-25',28,'manizales'),(1485,11,42,'bogota',NULL,'2019-12-05',28,'cali'),(1486,100,27,'medellin',NULL,'2019-12-13',26,'cartagena'),(1487,55,36,'cali',NULL,'2019-12-09',29,'popayan'),(1488,100,80,'barranquilla',NULL,'2019-12-27',24,'cartagena'),(1489,92,60,'cartagena',NULL,'2020-01-13',25,'medellin'),(1490,51,62,'cucuta',NULL,'2019-12-19',25,'bogota'),(1491,53,85,'villavicencio',NULL,'2020-01-10',24,'bogota'),(1492,65,67,'popayan',NULL,'2020-01-28',28,'cali'),(1493,72,29,'buenaventura',NULL,'2020-01-20',27,'pereira'),(1494,98,86,'manizales',NULL,'2019-12-21',28,'medellin'),(1495,3,77,'pereira',NULL,'2019-12-17',24,'manizales'),(1496,91,55,'bogota',NULL,'2020-01-15',26,'cali'),(1497,38,53,'medellin',NULL,'2019-12-23',23,'manizales'),(1498,68,46,'cali',NULL,'2020-01-25',21,'bogota'),(1499,27,109,'barranquilla',NULL,'2020-01-26',27,'cartagena'),(1500,49,69,'cartagena',NULL,'2019-12-27',20,'medellin'),(1501,26,12,'cucuta',NULL,'2019-12-04',24,'bogota'),(1502,54,59,'villavicencio',NULL,'2020-01-12',30,'bogota'),(1503,22,62,'popayan',NULL,'2020-01-06',27,'cali'),(1504,98,74,'buenaventura',NULL,'2020-01-31',21,'bogota'),(1505,49,110,'manizales',NULL,'2020-01-08',24,'pereira'),(1506,67,100,'pereira',NULL,'2020-01-06',20,'cali'),(1507,26,47,'bogota',NULL,'2019-12-14',24,'medellin'),(1508,51,39,'medellin',NULL,'2020-01-18',26,'cartagena'),(1509,9,36,'cali',NULL,'2019-12-26',24,'bogota'),(1510,35,2,'barranquilla',NULL,'2020-01-31',28,'cartagena'),(1511,45,8,'cartagena',NULL,'2019-12-30',27,'cucuta'),(1512,81,22,'cucuta',NULL,'2019-12-17',25,'bogota'),(1513,26,71,'villavicencio',NULL,'2020-01-13',27,'bogota'),(1514,17,17,'popayan',NULL,'2020-01-08',25,'cali'),(1515,63,99,'buenaventura',NULL,'2019-12-09',29,'cali'),(1516,7,77,'manizales',NULL,'2019-12-07',24,'medellin'),(1517,92,109,'pereira',NULL,'2019-12-29',23,'manizales'),(1518,82,31,'bogota',NULL,'2019-12-15',25,'buenaventura'),(1519,96,72,'medellin',NULL,'2019-12-02',26,'bogota'),(1520,27,44,'cali',NULL,'2019-12-20',28,'popayan'),(1521,47,49,'barranquilla',NULL,'2020-01-16',22,'cartagena'),(1522,9,18,'cartagena',NULL,'2020-01-28',29,'cucuta'),(1523,7,24,'cucuta',NULL,'2019-12-12',27,'bogota'),(1524,39,23,'villavicencio',NULL,'2019-12-04',21,'bogota'),(1525,10,110,'popayan',NULL,'2020-01-22',28,'cali'),(1526,12,100,'buenaventura',NULL,'2019-12-05',24,'cali'),(1527,34,7,'manizales',NULL,'2020-01-16',20,'medellin'),(1528,95,107,'pereira',NULL,'2019-12-04',30,'buenaventura'),(1529,85,38,'bogota',NULL,'2020-01-14',29,'cucuta'),(1530,58,32,'medellin',NULL,'2020-01-20',22,'bogota'),(1531,32,13,'cali',NULL,'2019-12-28',24,'bogota'),(1532,26,95,'barranquilla',NULL,'2020-01-22',28,'cartagena'),(1533,49,84,'cartagena',NULL,'2020-01-03',27,'barranquilla'),(1534,61,35,'cucuta',NULL,'2020-01-23',25,'cartagena'),(1535,28,32,'villavicencio',NULL,'2020-01-18',26,'bogota'),(1536,44,57,'popayan',NULL,'2020-01-04',23,'cali'),(1537,31,83,'buenaventura',NULL,'2020-01-05',24,'bogota'),(1538,56,58,'manizales',NULL,'2020-01-06',23,'medellin'),(1539,94,37,'pereira',NULL,'2019-12-08',27,'cali'),(1540,9,88,'bogota',NULL,'2020-01-29',27,'medellin'),(1541,80,44,'medellin',NULL,'2019-12-26',27,'bogota'),(1542,98,64,'cali',NULL,'2019-12-04',28,'buenaventura'),(1543,48,31,'barranquilla',NULL,'2019-12-16',23,'cartagena'),(1544,63,100,'cartagena',NULL,'2020-01-06',23,'barranquilla'),(1545,100,110,'cucuta',NULL,'2020-01-16',20,'bogota'),(1546,68,2,'villavicencio',NULL,'2020-01-13',21,'bogota'),(1547,48,110,'popayan',NULL,'2020-01-05',26,'cali'),(1548,87,63,'buenaventura',NULL,'2019-12-23',21,'cali'),(1549,26,40,'manizales',NULL,'2019-12-29',27,'pereira'),(1550,69,8,'pereira',NULL,'2019-12-11',25,'buenaventura'),(1551,3,104,'bogota',NULL,'2020-01-10',27,'medellin'),(1552,78,15,'medellin',NULL,'2019-12-22',30,'manizales'),(1553,65,88,'cali',NULL,'2019-12-04',23,'pereira'),(1554,37,59,'barranquilla',NULL,'2020-01-19',20,'cartagena'),(1555,95,85,'cartagena',NULL,'2019-12-07',26,'barranquilla'),(1556,17,104,'cucuta',NULL,'2020-01-15',30,'bogota'),(1557,20,24,'villavicencio',NULL,'2020-01-30',22,'bogota'),(1558,36,78,'popayan',NULL,'2019-12-31',26,'cali'),(1559,69,49,'buenaventura',NULL,'2020-01-19',22,'pereira'),(1560,89,102,'manizales',NULL,'2019-12-17',30,'medellin'),(1561,58,82,'pereira',NULL,'2020-01-20',30,'manizales'),(1562,10,99,'bogota',NULL,'2020-01-02',24,'buenaventura'),(1563,32,24,'medellin',NULL,'2020-01-11',28,'bogota'),(1564,8,76,'cali',NULL,'2020-01-28',23,'buenaventura'),(1565,74,14,'barranquilla',NULL,'2019-12-18',21,'cartagena'),(1566,45,109,'cartagena',NULL,'2019-12-05',22,'cucuta'),(1567,30,45,'cucuta',NULL,'2020-01-29',20,'bogota'),(1568,76,94,'villavicencio',NULL,'2019-12-28',21,'bogota'),(1569,60,84,'popayan',NULL,'2019-12-09',28,'cali'),(1570,33,69,'buenaventura',NULL,'2020-01-17',27,'cali'),(1571,29,86,'manizales',NULL,'2020-01-02',30,'pereira'),(1572,88,5,'pereira',NULL,'2019-12-27',23,'manizales'),(1573,45,83,'bogota',NULL,'2020-01-24',22,'cali'),(1574,21,81,'medellin',NULL,'2019-12-06',22,'manizales'),(1575,95,97,'cali',NULL,'2020-01-13',20,'pereira'),(1576,49,104,'barranquilla',NULL,'2019-12-19',21,'cartagena'),(1577,86,109,'cartagena',NULL,'2019-12-11',26,'medellin'),(1578,43,28,'cucuta',NULL,'2020-01-15',23,'bogota'),(1579,82,30,'villavicencio',NULL,'2019-12-27',21,'bogota'),(1580,84,55,'popayan',NULL,'2019-12-08',21,'cali'),(1581,33,57,'buenaventura',NULL,'2019-12-06',25,'cali'),(1582,9,30,'manizales',NULL,'2020-01-04',21,'pereira'),(1583,71,64,'pereira',NULL,'2019-12-04',21,'buenaventura'),(1584,63,86,'bogota',NULL,'2020-01-28',20,'cali'),(1585,18,10,'medellin',NULL,'2020-01-28',27,'bogota'),(1586,91,20,'cali',NULL,'2020-01-17',27,'buenaventura'),(1587,44,29,'barranquilla',NULL,'2019-12-30',21,'cartagena'),(1588,29,32,'cartagena',NULL,'2019-12-15',21,'barranquilla'),(1589,67,93,'cucuta',NULL,'2020-01-20',25,'cartagena'),(1590,23,63,'villavicencio',NULL,'2020-01-03',26,'bogota'),(1591,35,48,'popayan',NULL,'2019-12-22',30,'cali'),(1592,39,107,'buenaventura',NULL,'2020-01-13',26,'pereira'),(1593,75,51,'manizales',NULL,'2020-01-18',27,'pereira'),(1594,77,42,'pereira',NULL,'2020-01-23',22,'buenaventura'),(1595,5,42,'bogota',NULL,'2019-12-30',30,'cucuta'),(1596,66,47,'medellin',NULL,'2019-12-05',30,'manizales'),(1597,3,12,'cali',NULL,'2019-12-08',26,'buenaventura'),(1598,80,17,'barranquilla',NULL,'2020-01-16',26,'cartagena'),(1599,92,77,'cartagena',NULL,'2019-12-07',24,'medellin'),(1600,52,69,'cucuta',NULL,'2020-01-11',30,'cartagena'),(1601,83,101,'villavicencio',NULL,'2020-01-18',23,'bogota'),(1602,73,64,'popayan',NULL,'2019-12-02',21,'cali'),(1603,14,75,'buenaventura',NULL,'2020-01-03',25,'medellin'),(1604,83,52,'manizales',NULL,'2020-01-07',27,'medellin'),(1605,43,24,'pereira',NULL,'2020-01-09',25,'buenaventura'),(1606,38,64,'bogota',NULL,'2019-12-29',30,'medellin'),(1607,4,96,'medellin',NULL,'2020-01-19',23,'manizales'),(1608,11,6,'cali',NULL,'2020-01-08',28,'buenaventura'),(1609,68,77,'barranquilla',NULL,'2020-01-03',27,'cartagena'),(1610,65,48,'cartagena',NULL,'2019-12-07',21,'barranquilla'),(1611,13,74,'cucuta',NULL,'2020-01-02',28,'cartagena'),(1612,78,21,'villavicencio',NULL,'2019-12-19',21,'bogota'),(1613,16,58,'popayan',NULL,'2020-01-20',20,'cali'),(1614,78,101,'buenaventura',NULL,'2020-01-03',20,'bogota'),(1615,42,69,'manizales',NULL,'2019-12-19',28,'medellin'),(1616,64,26,'pereira',NULL,'2019-12-18',22,'cali'),(1617,14,35,'bogota',NULL,'2019-12-11',24,'buenaventura'),(1618,53,71,'medellin',NULL,'2019-12-30',22,'bogota'),(1619,12,43,'cali',NULL,'2020-01-26',23,'popayan'),(1620,6,53,'barranquilla',NULL,'2020-01-04',30,'cartagena'),(1621,33,70,'cartagena',NULL,'2020-01-19',21,'cucuta'),(1622,33,33,'cucuta',NULL,'2020-01-13',22,'bogota'),(1623,22,7,'villavicencio',NULL,'2020-01-28',29,'bogota'),(1624,4,78,'popayan',NULL,'2019-12-01',28,'cali'),(1625,99,23,'buenaventura',NULL,'2020-01-03',28,'medellin'),(1626,78,106,'manizales',NULL,'2019-12-06',30,'pereira'),(1627,68,95,'pereira',NULL,'2020-01-26',20,'cali'),(1628,1,70,'bogota',NULL,'2020-01-04',26,'medellin'),(1629,39,48,'medellin',NULL,'2020-01-19',30,'manizales'),(1630,95,110,'cali',NULL,'2020-01-10',30,'buenaventura'),(1631,95,75,'barranquilla',NULL,'2020-01-06',20,'cartagena'),(1632,43,58,'cartagena',NULL,'2019-12-08',23,'cucuta'),(1633,19,43,'cucuta',NULL,'2019-12-31',25,'cartagena'),(1634,84,13,'villavicencio',NULL,'2019-12-20',28,'bogota'),(1635,14,14,'popayan',NULL,'2019-12-24',29,'cali'),(1636,43,45,'buenaventura',NULL,'2020-01-23',26,'bogota'),(1637,17,86,'manizales',NULL,'2019-12-04',30,'pereira'),(1638,29,59,'pereira',NULL,'2020-01-29',27,'cali'),(1639,20,41,'bogota',NULL,'2020-01-21',24,'buenaventura'),(1640,50,98,'medellin',NULL,'2019-12-18',23,'manizales'),(1641,3,82,'cali',NULL,'2019-12-28',27,'popayan'),(1642,35,21,'barranquilla',NULL,'2020-01-01',23,'cartagena'),(1643,78,32,'cartagena',NULL,'2020-01-13',26,'barranquilla'),(1644,59,88,'cucuta',NULL,'2020-01-06',27,'bogota'),(1645,98,80,'villavicencio',NULL,'2019-12-28',25,'bogota'),(1646,87,73,'popayan',NULL,'2019-12-04',23,'cali'),(1647,1,98,'buenaventura',NULL,'2020-01-16',22,'bogota'),(1648,32,20,'manizales',NULL,'2019-12-23',28,'medellin'),(1649,84,17,'pereira',NULL,'2020-01-10',26,'cali'),(1650,19,14,'bogota',NULL,'2020-01-23',23,'medellin'),(1651,98,5,'medellin',NULL,'2019-12-05',25,'cartagena'),(1652,9,80,'cali',NULL,'2020-01-18',26,'popayan'),(1653,11,2,'barranquilla',NULL,'2019-12-04',26,'cartagena'),(1654,92,70,'cartagena',NULL,'2020-01-09',25,'medellin'),(1655,64,29,'cucuta',NULL,'2019-12-31',25,'bogota'),(1656,88,28,'villavicencio',NULL,'2019-12-30',23,'bogota'),(1657,71,5,'popayan',NULL,'2020-01-12',30,'cali'),(1658,7,87,'buenaventura',NULL,'2019-12-23',22,'medellin'),(1659,100,55,'manizales',NULL,'2020-01-31',28,'medellin'),(1660,40,44,'pereira',NULL,'2019-12-08',26,'buenaventura'),(1661,52,109,'bogota',NULL,'2020-01-28',27,'cali'),(1662,58,67,'medellin',NULL,'2020-01-10',23,'cartagena'),(1663,21,57,'cali',NULL,'2019-12-08',22,'bogota'),(1664,44,88,'barranquilla',NULL,'2019-12-25',28,'cartagena'),(1665,23,98,'cartagena',NULL,'2020-01-01',23,'medellin'),(1666,44,106,'cucuta',NULL,'2020-01-15',25,'cartagena'),(1667,7,81,'villavicencio',NULL,'2019-12-10',23,'bogota'),(1668,2,62,'popayan',NULL,'2019-12-17',22,'cali'),(1669,79,29,'buenaventura',NULL,'2020-01-10',25,'medellin'),(1670,71,60,'manizales',NULL,'2020-01-27',29,'pereira'),(1671,15,63,'pereira',NULL,'2019-12-31',27,'buenaventura'),(1672,93,98,'bogota',NULL,'2020-01-20',23,'medellin'),(1673,43,51,'medellin',NULL,'2019-12-02',23,'cartagena'),(1674,32,15,'cali',NULL,'2020-01-14',21,'buenaventura'),(1675,44,62,'barranquilla',NULL,'2020-01-27',28,'cartagena'),(1676,96,107,'cartagena',NULL,'2020-01-23',29,'barranquilla'),(1677,81,2,'cucuta',NULL,'2020-01-17',23,'bogota'),(1678,100,33,'villavicencio',NULL,'2019-12-05',22,'bogota'),(1679,62,31,'popayan',NULL,'2019-12-08',24,'cali'),(1680,28,57,'buenaventura',NULL,'2020-01-27',23,'medellin'),(1681,85,41,'manizales',NULL,'2019-12-15',28,'pereira'),(1682,4,51,'pereira',NULL,'2020-01-01',20,'manizales'),(1683,71,101,'bogota',NULL,'2020-01-13',29,'medellin'),(1684,72,79,'medellin',NULL,'2020-01-30',20,'manizales'),(1685,79,90,'cali',NULL,'2020-01-25',30,'pereira'),(1686,54,20,'barranquilla',NULL,'2020-01-07',28,'cartagena'),(1687,66,81,'cartagena',NULL,'2020-01-06',24,'medellin'),(1688,97,23,'cucuta',NULL,'2019-12-17',20,'cartagena'),(1689,37,68,'villavicencio',NULL,'2020-01-25',28,'bogota'),(1690,28,81,'popayan',NULL,'2020-01-10',21,'cali'),(1691,51,49,'buenaventura',NULL,'2020-01-09',25,'pereira'),(1692,43,90,'manizales',NULL,'2019-12-25',29,'medellin'),(1693,51,58,'pereira',NULL,'2020-01-04',23,'cali'),(1694,28,107,'bogota',NULL,'2020-01-12',20,'cali'),(1695,51,88,'medellin',NULL,'2019-12-16',20,'cartagena'),(1696,63,41,'cali',NULL,'2020-01-01',23,'buenaventura'),(1697,6,56,'barranquilla',NULL,'2020-01-13',24,'cartagena'),(1698,90,89,'cartagena',NULL,'2019-12-19',23,'medellin'),(1699,83,65,'cucuta',NULL,'2019-12-31',22,'cartagena'),(1700,61,36,'villavicencio',NULL,'2019-12-14',26,'bogota'),(1701,75,2,'popayan',NULL,'2019-12-31',24,'cali'),(1702,75,20,'buenaventura',NULL,'2020-01-04',25,'bogota'),(1703,25,101,'manizales',NULL,'2019-12-29',22,'pereira'),(1704,19,96,'pereira',NULL,'2020-01-21',27,'manizales'),(1705,65,94,'bogota',NULL,'2019-12-18',26,'villavicencio'),(1706,61,53,'medellin',NULL,'2020-01-14',20,'cartagena'),(1707,85,42,'cali',NULL,'2019-12-30',30,'buenaventura'),(1708,97,28,'barranquilla',NULL,'2019-12-19',20,'cartagena'),(1709,17,95,'cartagena',NULL,'2020-01-22',30,'cucuta'),(1710,26,100,'cucuta',NULL,'2019-12-04',30,'cartagena'),(1711,12,5,'villavicencio',NULL,'2020-01-18',20,'bogota'),(1712,100,90,'popayan',NULL,'2020-01-18',30,'cali'),(1713,1,105,'buenaventura',NULL,'2019-12-17',20,'pereira'),(1714,92,77,'manizales',NULL,'2019-12-25',22,'medellin'),(1715,91,36,'pereira',NULL,'2019-12-28',22,'manizales'),(1716,7,68,'bogota',NULL,'2020-01-03',23,'buenaventura'),(1717,93,48,'medellin',NULL,'2019-12-24',20,'manizales'),(1718,66,84,'cali',NULL,'2019-12-29',30,'bogota'),(1719,33,25,'barranquilla',NULL,'2019-12-19',26,'cartagena'),(1720,74,65,'cartagena',NULL,'2019-12-20',21,'medellin'),(1721,99,54,'cucuta',NULL,'2019-12-16',23,'bogota'),(1722,89,16,'villavicencio',NULL,'2020-01-24',28,'bogota'),(1723,64,91,'popayan',NULL,'2019-12-09',20,'cali'),(1724,73,61,'buenaventura',NULL,'2019-12-21',30,'cali'),(1725,75,73,'manizales',NULL,'2020-01-29',21,'pereira'),(1726,69,92,'pereira',NULL,'2019-12-01',21,'manizales'),(1727,9,64,'bogota',NULL,'2020-01-07',26,'buenaventura'),(1728,84,28,'medellin',NULL,'2019-12-06',23,'manizales'),(1729,8,69,'cali',NULL,'2020-01-10',30,'bogota'),(1730,46,60,'barranquilla',NULL,'2019-12-28',30,'cartagena'),(1731,78,53,'cartagena',NULL,'2019-12-02',21,'barranquilla'),(1732,42,36,'cucuta',NULL,'2019-12-28',20,'cartagena'),(1733,5,39,'villavicencio',NULL,'2019-12-15',23,'bogota'),(1734,37,27,'popayan',NULL,'2019-12-07',22,'cali'),(1735,78,97,'buenaventura',NULL,'2019-12-12',22,'cali'),(1736,9,27,'manizales',NULL,'2020-01-31',25,'pereira'),(1737,99,68,'pereira',NULL,'2020-01-22',25,'manizales'),(1738,42,64,'bogota',NULL,'2019-12-24',28,'cali'),(1739,82,27,'medellin',NULL,'2019-12-07',25,'cartagena'),(1740,76,98,'cali',NULL,'2020-01-04',25,'pereira'),(1741,71,16,'barranquilla',NULL,'2019-12-01',20,'cartagena'),(1742,87,88,'cartagena',NULL,'2019-12-22',28,'cucuta'),(1743,34,86,'cucuta',NULL,'2020-01-28',28,'bogota'),(1744,61,73,'villavicencio',NULL,'2019-12-29',22,'bogota'),(1745,39,103,'popayan',NULL,'2020-01-16',20,'cali'),(1746,11,35,'buenaventura',NULL,'2020-01-03',21,'bogota'),(1747,40,50,'manizales',NULL,'2019-12-01',24,'medellin'),(1748,1,31,'pereira',NULL,'2020-01-27',23,'cali'),(1749,74,76,'bogota',NULL,'2020-01-09',22,'medellin'),(1750,64,8,'medellin',NULL,'2020-01-04',30,'bogota'),(1751,29,85,'cali',NULL,'2020-01-19',21,'bogota'),(1752,43,6,'barranquilla',NULL,'2020-01-25',20,'cartagena'),(1753,95,28,'cartagena',NULL,'2019-12-03',25,'cucuta'),(1754,70,91,'cucuta',NULL,'2019-12-09',24,'cartagena'),(1755,12,99,'villavicencio',NULL,'2019-12-30',25,'bogota'),(1756,55,35,'popayan',NULL,'2020-01-27',23,'cali'),(1757,81,87,'buenaventura',NULL,'2019-12-26',25,'bogota'),(1758,89,39,'manizales',NULL,'2020-01-09',24,'pereira'),(1759,16,53,'pereira',NULL,'2020-01-31',30,'manizales'),(1760,41,65,'bogota',NULL,'2020-01-31',30,'buenaventura'),(1761,30,64,'medellin',NULL,'2020-01-19',23,'cartagena'),(1762,85,2,'cali',NULL,'2020-01-31',24,'popayan'),(1763,9,94,'barranquilla',NULL,'2020-01-13',23,'cartagena'),(1764,42,31,'cartagena',NULL,'2020-01-30',22,'barranquilla'),(1765,68,68,'cucuta',NULL,'2020-01-15',28,'cartagena'),(1766,33,104,'villavicencio',NULL,'2020-01-19',27,'bogota'),(1767,68,41,'popayan',NULL,'2019-12-11',24,'cali'),(1768,88,37,'buenaventura',NULL,'2019-12-11',20,'pereira'),(1769,24,107,'manizales',NULL,'2019-12-25',21,'medellin'),(1770,100,26,'pereira',NULL,'2019-12-12',29,'manizales'),(1771,73,33,'bogota',NULL,'2019-12-04',29,'medellin'),(1772,84,10,'medellin',NULL,'2019-12-08',26,'cartagena'),(1773,90,22,'cali',NULL,'2019-12-04',20,'buenaventura'),(1774,72,41,'barranquilla',NULL,'2019-12-22',25,'cartagena'),(1775,26,91,'cartagena',NULL,'2020-01-08',27,'cucuta'),(1776,86,64,'cucuta',NULL,'2019-12-14',24,'cartagena'),(1777,92,44,'villavicencio',NULL,'2020-01-06',21,'bogota'),(1778,71,39,'popayan',NULL,'2020-01-27',28,'cali'),(1779,8,69,'buenaventura',NULL,'2019-12-31',22,'bogota'),(1780,27,106,'manizales',NULL,'2020-01-20',28,'pereira'),(1781,45,17,'pereira',NULL,'2020-01-01',27,'manizales'),(1782,86,38,'bogota',NULL,'2020-01-30',20,'medellin'),(1783,71,100,'medellin',NULL,'2019-12-05',22,'manizales'),(1784,70,49,'cali',NULL,'2019-12-08',23,'buenaventura'),(1785,81,26,'barranquilla',NULL,'2019-12-06',22,'cartagena'),(1786,59,31,'cartagena',NULL,'2020-01-20',25,'barranquilla'),(1787,99,29,'cucuta',NULL,'2019-12-19',27,'bogota'),(1788,33,14,'villavicencio',NULL,'2019-12-20',20,'bogota'),(1789,7,36,'popayan',NULL,'2020-01-30',28,'cali'),(1790,14,21,'buenaventura',NULL,'2020-01-12',22,'bogota'),(1791,5,93,'manizales',NULL,'2019-12-17',27,'pereira'),(1792,63,10,'pereira',NULL,'2020-01-22',25,'buenaventura'),(1793,1,37,'bogota',NULL,'2020-01-17',26,'cucuta'),(1794,70,89,'medellin',NULL,'2020-01-08',25,'cartagena'),(1795,37,89,'cali',NULL,'2020-01-21',27,'pereira'),(1796,93,17,'barranquilla',NULL,'2020-01-24',26,'cartagena'),(1797,21,91,'cartagena',NULL,'2019-12-08',20,'medellin'),(1798,24,98,'cucuta',NULL,'2020-01-13',30,'bogota'),(1799,20,104,'villavicencio',NULL,'2020-01-01',27,'bogota'),(1800,54,105,'popayan',NULL,'2019-12-04',25,'cali'),(1801,12,1,'buenaventura',NULL,'2019-12-12',23,'pereira'),(1802,99,65,'manizales',NULL,'2019-12-27',20,'pereira'),(1803,34,8,'pereira',NULL,'2020-01-12',26,'buenaventura'),(1804,14,64,'bogota',NULL,'2020-01-10',23,'cali'),(1805,99,12,'medellin',NULL,'2020-01-23',22,'manizales'),(1806,83,45,'cali',NULL,'2019-12-29',24,'bogota'),(1807,1,92,'barranquilla',NULL,'2020-01-31',28,'cartagena'),(1808,72,77,'cartagena',NULL,'2020-01-10',27,'barranquilla'),(1809,97,106,'cucuta',NULL,'2019-12-04',24,'bogota'),(1810,76,15,'villavicencio',NULL,'2019-12-13',21,'bogota'),(1811,39,15,'popayan',NULL,'2020-01-19',28,'cali'),(1812,66,44,'buenaventura',NULL,'2020-01-14',27,'cali'),(1813,90,24,'manizales',NULL,'2020-01-15',28,'pereira'),(1814,27,74,'pereira',NULL,'2020-01-16',26,'buenaventura'),(1815,63,103,'bogota',NULL,'2020-01-24',25,'cucuta'),(1816,28,73,'medellin',NULL,'2020-01-17',25,'manizales'),(1817,66,37,'cali',NULL,'2020-01-26',30,'pereira'),(1818,26,45,'barranquilla',NULL,'2020-01-30',21,'cartagena'),(1819,99,27,'cartagena',NULL,'2019-12-02',27,'medellin'),(1820,45,99,'cucuta',NULL,'2019-12-27',23,'cartagena'),(1821,69,30,'villavicencio',NULL,'2019-12-29',22,'bogota'),(1822,76,80,'popayan',NULL,'2019-12-15',30,'cali'),(1823,17,109,'buenaventura',NULL,'2020-01-18',24,'cali'),(1824,21,34,'manizales',NULL,'2019-12-27',30,'medellin'),(1825,31,29,'pereira',NULL,'2020-01-02',21,'cali'),(1826,31,89,'bogota',NULL,'2019-12-18',24,'cali'),(1827,93,52,'medellin',NULL,'2019-12-25',24,'cartagena'),(1828,36,13,'cali',NULL,'2020-01-27',21,'bogota'),(1829,79,42,'barranquilla',NULL,'2019-12-11',28,'cartagena'),(1830,44,89,'cartagena',NULL,'2020-01-26',27,'medellin'),(1831,57,77,'cucuta',NULL,'2020-01-25',22,'cartagena'),(1832,67,57,'villavicencio',NULL,'2019-12-24',30,'bogota'),(1833,98,6,'popayan',NULL,'2019-12-20',29,'cali'),(1834,99,10,'buenaventura',NULL,'2019-12-03',26,'medellin'),(1835,45,56,'manizales',NULL,'2019-12-26',21,'medellin'),(1836,41,104,'pereira',NULL,'2019-12-22',30,'cali'),(1837,77,81,'bogota',NULL,'2019-12-26',20,'villavicencio'),(1838,42,67,'medellin',NULL,'2020-01-27',28,'manizales'),(1839,70,17,'cali',NULL,'2019-12-17',29,'bogota'),(1840,87,82,'barranquilla',NULL,'2019-12-28',21,'cartagena'),(1841,9,84,'cartagena',NULL,'2019-12-26',25,'cucuta'),(1842,9,90,'cucuta',NULL,'2019-12-11',24,'cartagena'),(1843,60,24,'villavicencio',NULL,'2019-12-03',21,'bogota'),(1844,46,63,'popayan',NULL,'2019-12-16',27,'cali'),(1845,29,47,'buenaventura',NULL,'2020-01-05',23,'pereira'),(1846,55,16,'manizales',NULL,'2020-01-26',24,'pereira'),(1847,16,4,'pereira',NULL,'2019-12-01',29,'buenaventura'),(1848,12,7,'bogota',NULL,'2020-01-12',29,'buenaventura'),(1849,29,28,'medellin',NULL,'2020-01-16',20,'cartagena'),(1850,13,29,'cali',NULL,'2019-12-27',23,'bogota'),(1851,45,13,'barranquilla',NULL,'2020-01-15',24,'cartagena'),(1852,30,30,'cartagena',NULL,'2019-12-22',30,'barranquilla'),(1853,67,8,'cucuta',NULL,'2019-12-08',29,'bogota'),(1854,14,29,'villavicencio',NULL,'2019-12-29',24,'bogota'),(1855,10,81,'popayan',NULL,'2020-01-18',24,'cali'),(1856,23,101,'buenaventura',NULL,'2020-01-22',27,'bogota'),(1857,78,4,'manizales',NULL,'2020-01-02',21,'pereira'),(1858,75,47,'pereira',NULL,'2019-12-10',23,'cali'),(1859,78,6,'bogota',NULL,'2019-12-04',22,'villavicencio'),(1860,89,8,'medellin',NULL,'2019-12-12',21,'bogota'),(1861,35,73,'cali',NULL,'2019-12-25',24,'popayan'),(1862,77,108,'barranquilla',NULL,'2019-12-02',24,'cartagena'),(1863,72,10,'cartagena',NULL,'2020-01-23',26,'medellin'),(1864,21,20,'cucuta',NULL,'2019-12-16',24,'bogota'),(1865,22,84,'villavicencio',NULL,'2020-01-12',24,'bogota'),(1866,82,54,'popayan',NULL,'2020-01-20',30,'cali'),(1867,67,87,'buenaventura',NULL,'2019-12-03',22,'cali'),(1868,55,51,'manizales',NULL,'2020-01-10',25,'pereira'),(1869,66,9,'pereira',NULL,'2019-12-05',21,'cali'),(1870,96,107,'bogota',NULL,'2020-01-18',28,'cali'),(1871,64,16,'medellin',NULL,'2020-01-18',21,'bogota'),(1872,27,19,'cali',NULL,'2020-01-24',25,'buenaventura'),(1873,33,75,'barranquilla',NULL,'2020-01-04',21,'cartagena'),(1874,26,86,'cartagena',NULL,'2020-01-28',22,'cucuta'),(1875,73,21,'cucuta',NULL,'2019-12-04',27,'bogota'),(1876,53,34,'villavicencio',NULL,'2020-01-09',23,'bogota'),(1877,76,6,'popayan',NULL,'2019-12-07',24,'cali'),(1878,51,99,'buenaventura',NULL,'2019-12-14',25,'bogota'),(1879,93,4,'manizales',NULL,'2020-01-08',20,'pereira'),(1880,47,64,'pereira',NULL,'2019-12-05',25,'buenaventura'),(1881,92,64,'bogota',NULL,'2020-01-10',27,'medellin'),(1882,3,57,'medellin',NULL,'2019-12-04',20,'cartagena'),(1883,67,45,'cali',NULL,'2020-01-16',28,'popayan'),(1884,18,22,'barranquilla',NULL,'2019-12-20',25,'cartagena'),(1885,18,92,'cartagena',NULL,'2020-01-13',20,'cucuta'),(1886,45,107,'cucuta',NULL,'2020-01-23',26,'bogota'),(1887,23,90,'villavicencio',NULL,'2020-01-02',20,'bogota'),(1888,14,41,'popayan',NULL,'2019-12-15',22,'cali'),(1889,6,40,'buenaventura',NULL,'2019-12-10',28,'pereira'),(1890,12,30,'manizales',NULL,'2019-12-22',21,'pereira'),(1891,16,74,'pereira',NULL,'2019-12-27',25,'buenaventura'),(1892,36,50,'bogota',NULL,'2019-12-29',23,'cucuta'),(1893,70,33,'medellin',NULL,'2020-01-22',20,'cartagena'),(1894,20,60,'cali',NULL,'2019-12-13',21,'buenaventura'),(1895,20,63,'barranquilla',NULL,'2019-12-04',22,'cartagena'),(1896,8,60,'cartagena',NULL,'2019-12-18',23,'medellin'),(1897,83,7,'cucuta',NULL,'2019-12-15',28,'cartagena'),(1898,16,94,'villavicencio',NULL,'2019-12-25',25,'bogota'),(1899,18,57,'popayan',NULL,'2020-01-23',29,'cali'),(1900,85,47,'buenaventura',NULL,'2019-12-02',27,'bogota'),(1901,89,18,'manizales',NULL,'2019-12-17',22,'medellin'),(1902,54,96,'pereira',NULL,'2020-01-08',30,'cali'),(1903,6,81,'bogota',NULL,'2019-12-04',29,'medellin'),(1904,52,63,'medellin',NULL,'2020-01-23',24,'manizales'),(1905,46,28,'cali',NULL,'2020-01-19',21,'buenaventura'),(1906,97,107,'barranquilla',NULL,'2019-12-28',23,'cartagena'),(1907,56,86,'cartagena',NULL,'2019-12-20',27,'cucuta'),(1908,64,12,'cucuta',NULL,'2020-01-13',30,'cartagena'),(1909,81,45,'villavicencio',NULL,'2019-12-27',21,'bogota'),(1910,92,47,'popayan',NULL,'2019-12-13',27,'cali'),(1911,77,73,'buenaventura',NULL,'2019-12-19',21,'pereira'),(1912,71,42,'manizales',NULL,'2020-01-10',28,'medellin'),(1913,67,75,'pereira',NULL,'2019-12-23',23,'manizales'),(1914,72,73,'bogota',NULL,'2019-12-21',25,'medellin'),(1915,25,62,'medellin',NULL,'2020-01-24',29,'manizales'),(1916,41,68,'cali',NULL,'2020-01-23',28,'popayan'),(1917,91,59,'barranquilla',NULL,'2019-12-23',22,'cartagena'),(1918,80,69,'cartagena',NULL,'2020-01-14',20,'barranquilla'),(1919,5,98,'cucuta',NULL,'2020-01-15',29,'cartagena'),(1920,68,47,'villavicencio',NULL,'2019-12-20',23,'bogota'),(1921,34,84,'popayan',NULL,'2020-01-16',26,'cali'),(1922,18,48,'buenaventura',NULL,'2020-01-02',28,'medellin'),(1923,34,41,'manizales',NULL,'2019-12-14',23,'medellin'),(1924,32,28,'pereira',NULL,'2019-12-24',29,'cali'),(1925,16,68,'bogota',NULL,'2019-12-03',23,'cucuta'),(1926,17,53,'medellin',NULL,'2020-01-17',21,'manizales'),(1927,62,85,'cali',NULL,'2020-01-17',28,'pereira'),(1928,37,87,'barranquilla',NULL,'2019-12-01',22,'cartagena'),(1929,9,22,'cartagena',NULL,'2020-01-16',30,'medellin'),(1930,90,106,'cucuta',NULL,'2019-12-03',29,'cartagena'),(1931,76,81,'villavicencio',NULL,'2020-01-19',24,'bogota'),(1932,82,60,'popayan',NULL,'2020-01-19',23,'cali'),(1933,15,37,'buenaventura',NULL,'2019-12-20',29,'bogota'),(1934,29,88,'manizales',NULL,'2020-01-31',21,'pereira'),(1935,55,37,'pereira',NULL,'2020-01-06',29,'buenaventura'),(1936,7,37,'bogota',NULL,'2019-12-28',29,'cucuta'),(1937,95,26,'medellin',NULL,'2020-01-20',29,'bogota'),(1938,26,3,'cali',NULL,'2019-12-18',24,'buenaventura'),(1939,84,95,'barranquilla',NULL,'2019-12-01',26,'cartagena'),(1940,100,35,'cartagena',NULL,'2020-01-24',24,'barranquilla'),(1941,29,81,'cucuta',NULL,'2019-12-26',24,'bogota'),(1942,20,54,'villavicencio',NULL,'2020-01-12',28,'bogota'),(1943,13,7,'popayan',NULL,'2019-12-25',30,'cali'),(1944,67,104,'buenaventura',NULL,'2020-01-08',27,'bogota'),(1945,58,49,'manizales',NULL,'2019-12-23',27,'pereira'),(1946,77,87,'pereira',NULL,'2019-12-28',20,'buenaventura'),(1947,92,107,'bogota',NULL,'2019-12-20',25,'cucuta'),(1948,62,31,'medellin',NULL,'2019-12-05',27,'bogota'),(1949,16,103,'cali',NULL,'2020-01-16',22,'pereira'),(1950,32,21,'barranquilla',NULL,'2019-12-26',24,'cartagena'),(1951,61,5,'cartagena',NULL,'2020-01-15',29,'medellin'),(1952,7,108,'cucuta',NULL,'2019-12-02',20,'bogota'),(1953,80,67,'villavicencio',NULL,'2019-12-30',22,'bogota'),(1954,89,65,'popayan',NULL,'2020-01-23',24,'cali'),(1955,49,102,'buenaventura',NULL,'2019-12-31',25,'cali'),(1956,40,80,'manizales',NULL,'2019-12-04',26,'medellin'),(1957,27,86,'pereira',NULL,'2019-12-25',22,'manizales'),(1958,40,102,'bogota',NULL,'2020-01-05',25,'cucuta'),(1959,5,46,'medellin',NULL,'2020-01-21',27,'bogota'),(1960,60,33,'cali',NULL,'2020-01-28',23,'pereira'),(1961,56,34,'barranquilla',NULL,'2020-01-02',25,'cartagena'),(1962,10,46,'cartagena',NULL,'2019-12-24',29,'medellin'),(1963,14,99,'cucuta',NULL,'2020-01-27',28,'bogota'),(1964,88,26,'villavicencio',NULL,'2019-12-18',24,'bogota'),(1965,46,8,'popayan',NULL,'2019-12-30',20,'cali'),(1966,42,62,'buenaventura',NULL,'2019-12-19',30,'cali'),(1967,34,19,'manizales',NULL,'2020-01-15',30,'medellin'),(1968,14,63,'pereira',NULL,'2020-01-15',22,'buenaventura'),(1969,70,64,'bogota',NULL,'2020-01-02',29,'medellin'),(1970,29,19,'medellin',NULL,'2019-12-03',28,'bogota'),(1971,33,41,'cali',NULL,'2020-01-19',21,'popayan'),(1972,27,110,'barranquilla',NULL,'2020-01-29',21,'cartagena'),(1973,96,61,'cartagena',NULL,'2019-12-23',27,'cucuta'),(1974,92,31,'cucuta',NULL,'2019-12-05',24,'bogota'),(1975,27,103,'villavicencio',NULL,'2019-12-30',21,'bogota'),(1976,84,101,'popayan',NULL,'2019-12-05',23,'cali'),(1977,73,18,'buenaventura',NULL,'2020-01-01',24,'pereira'),(1978,52,72,'manizales',NULL,'2019-12-09',20,'medellin'),(1979,80,93,'pereira',NULL,'2020-01-21',22,'cali'),(1980,37,101,'bogota',NULL,'2019-12-04',25,'medellin'),(1981,61,2,'medellin',NULL,'2020-01-21',26,'bogota'),(1982,82,41,'cali',NULL,'2019-12-01',20,'buenaventura'),(1983,62,49,'barranquilla',NULL,'2019-12-23',26,'cartagena'),(1984,45,67,'cartagena',NULL,'2019-12-12',25,'medellin'),(1985,67,15,'cucuta',NULL,'2019-12-07',23,'bogota'),(1986,74,99,'villavicencio',NULL,'2020-01-25',25,'bogota'),(1987,2,27,'popayan',NULL,'2020-01-10',30,'cali'),(1988,40,66,'buenaventura',NULL,'2020-01-10',22,'cali'),(1989,14,93,'manizales',NULL,'2019-12-11',21,'medellin'),(1990,83,22,'pereira',NULL,'2019-12-03',30,'manizales'),(1991,75,77,'bogota',NULL,'2019-12-20',21,'medellin'),(1992,87,104,'medellin',NULL,'2019-12-01',26,'bogota'),(1993,75,20,'cali',NULL,'2020-01-19',24,'popayan'),(1994,73,88,'barranquilla',NULL,'2019-12-16',25,'cartagena'),(1995,46,87,'cartagena',NULL,'2020-01-29',24,'cucuta'),(1996,81,53,'cucuta',NULL,'2020-01-21',23,'cartagena'),(1997,38,6,'villavicencio',NULL,'2020-01-16',27,'bogota'),(1998,22,1,'popayan',NULL,'2019-12-08',26,'cali');
/*!40000 ALTER TABLE `viajes_en_bus` ENABLE KEYS */;
UNLOCK TABLES;

--
-- Final view structure for view `pasajeros_pereira`
--

/*!50001 DROP VIEW IF EXISTS `pasajeros_pereira`*/;
/*!50001 SET @saved_cs_client          = @@character_set_client */;
/*!50001 SET @saved_cs_results         = @@character_set_results */;
/*!50001 SET @saved_col_connection     = @@collation_connection */;
/*!50001 SET character_set_client      = cp866 */;
/*!50001 SET character_set_results     = cp866 */;
/*!50001 SET collation_connection      = cp866_general_ci */;
/*!50001 CREATE ALGORITHM=UNDEFINED */
/*!50013 DEFINER=`root`@`localhost` SQL SECURITY DEFINER */
/*!50001 VIEW `pasajeros_pereira` AS select `cl`.`NOMBRE` AS `pasajeros_destino_pereira` from ((`cliente` `cl` join `viajes_clientes_join` `vj` on((`cl`.`ID_CLIENTE` = `vj`.`ID_CLIENTE`))) join `viajes_en_bus` `vb` on((`vb`.`ID_VIAJE` = `vj`.`ID_VIAJE`))) where (`vb`.`DESTINO` = 'pereira') */;
/*!50001 SET character_set_client      = @saved_cs_client */;
/*!50001 SET character_set_results     = @saved_cs_results */;
/*!50001 SET collation_connection      = @saved_col_connection */;

--
-- Final view structure for view `pasajeros_por_ciuedad`
--

/*!50001 DROP VIEW IF EXISTS `pasajeros_por_ciuedad`*/;
/*!50001 SET @saved_cs_client          = @@character_set_client */;
/*!50001 SET @saved_cs_results         = @@character_set_results */;
/*!50001 SET @saved_col_connection     = @@collation_connection */;
/*!50001 SET character_set_client      = cp866 */;
/*!50001 SET character_set_results     = cp866 */;
/*!50001 SET collation_connection      = cp866_general_ci */;
/*!50001 CREATE ALGORITHM=UNDEFINED */
/*!50013 DEFINER=`root`@`localhost` SQL SECURITY DEFINER */
/*!50001 VIEW `pasajeros_por_ciuedad` AS select count(0) AS `count(*)`,`viajes_en_bus`.`DESTINO` AS `destino` from `viajes_en_bus` group by `viajes_en_bus`.`DESTINO` */;
/*!50001 SET character_set_client      = @saved_cs_client */;
/*!50001 SET character_set_results     = @saved_cs_results */;
/*!50001 SET collation_connection      = @saved_col_connection */;
/*!40103 SET TIME_ZONE=@OLD_TIME_ZONE */;

/*!40101 SET SQL_MODE=@OLD_SQL_MODE */;
/*!40014 SET FOREIGN_KEY_CHECKS=@OLD_FOREIGN_KEY_CHECKS */;
/*!40014 SET UNIQUE_CHECKS=@OLD_UNIQUE_CHECKS */;
/*!40101 SET CHARACTER_SET_CLIENT=@OLD_CHARACTER_SET_CLIENT */;
/*!40101 SET CHARACTER_SET_RESULTS=@OLD_CHARACTER_SET_RESULTS */;
/*!40101 SET COLLATION_CONNECTION=@OLD_COLLATION_CONNECTION */;
/*!40111 SET SQL_NOTES=@OLD_SQL_NOTES */;

-- Dump completed on 2020-08-21  9:17:50
